"categoria";"processo";"tipo_processo";"ordem";"sei";"tipo_documento";"data";"unidade";"arquivo";"bytes";"status"
"02 Acesso a transmissao e expansao renovavel";"48500.003322/2026-43";"Acordos e Convênios: Agências Estaduais";"1";"0288583";"Ofício 494";"09/02/2026";"PROTOCOLO-GERAL";"001_SEI_0288583_Oficio_494.pdf";"93465";"ok"
"02 Acesso a transmissao e expansao renovavel";"48500.003322/2026-43";"Acordos e Convênios: Agências Estaduais";"2";"0288584";"Processo 2025/00759";"09/02/2026";"PROTOCOLO-GERAL";"002_SEI_0288584_Processo_2025_00759.pdf";"53306609";"ok"
"02 Acesso a transmissao e expansao renovavel";"48500.003322/2026-43";"Acordos e Convênios: Agências Estaduais";"3";"0288585";"Processo 2025/00759";"09/02/2026";"PROTOCOLO-GERAL";"003_SEI_0288585_Processo_2025_00759.pdf";"28024786";"ok"
"02 Acesso a transmissao e expansao renovavel";"48500.003322/2026-43";"Acordos e Convênios: Agências Estaduais";"4";"0288587";"Processo 2025/00759";"09/02/2026";"PROTOCOLO-GERAL";"004_SEI_0288587_Processo_2025_00759.pdf";"2242532";"ok"
"02 Acesso a transmissao e expansao renovavel";"48500.003322/2026-43";"Acordos e Convênios: Agências Estaduais";"6";"0318379";"Apresentação";"25/03/2026";"SFT";"006_SEI_0318379_Apresentacao.pdf";"2010833";"ok"
"02 Acesso a transmissao e expansao renovavel";"48500.003322/2026-43";"Acordos e Convênios: Agências Estaduais";"7";"0417266";"Nota Técnica Conjunta 7";"29/07/2026";"SFT";"007_SEI_0417266_Nota_Tecnica_Conjunta_7.html";"564173";"ok"
"02 Acesso a transmissao e expansao renovavel";"48500.003322/2026-43";"Acordos e Convênios: Agências Estaduais";"8";"0417340";"Despacho 2808";"30/07/2026";"SFT";"008_SEI_0417340_Despacho_2808.html";"116115";"ok"
"02 Acesso a transmissao e expansao renovavel";"48500.003322/2026-43";"Acordos e Convênios: Agências Estaduais";"9";"0417346";"Despacho 2809";"30/07/2026";"SFT";"009_SEI_0417346_Despacho_2809.html";"130847";"ok"
"02 Acesso a transmissao e expansao renovavel";"48500.003322/2026-43";"Acordos e Convênios: Agências Estaduais";"10";"0426839";"Recibo do Despacho 2809 SFT/ANEEL, Despacho 2808 SFT/ANEE";"11/08/2026";"SFT";"010_SEI_0426839_Recibo_do_Despacho_2809_SFT_ANEEL_Despacho_2808_SF.pdf";"2590021";"ok"
"02 Acesso a transmissao e expansao renovavel";"48500.003322/2026-43";"Acordos e Convênios: Agências Estaduais";"13";"0466540";"Lista de presença";"25/09/2026";"SFT";"013_SEI_0466540_Lista_de_presenca.pdf";"368218";"ok"
"02 Acesso a transmissao e expansao renovavel";"48500.003322/2026-43";"Acordos e Convênios: Agências Estaduais";"14";"0466543";"Relatório";"25/09/2026";"SFT";"014_SEI_0466543_Relatorio.pdf";"40759";"ok"
"02 Acesso a transmissao e expansao renovavel";"48500.003322/2026-43";"Acordos e Convênios: Agências Estaduais";"15";"0466555";"Apresentação";"25/09/2026";"SFT";"015_SEI_0466555_Apresentacao.pdf";"2754229";"ok"
"02 Acesso a transmissao e expansao renovavel";"48500.028317/2026-43";"Processo Externo - Pendente de Classificação pela Unidade Destinatária";"1";"0467467";"Carta";"25/09/2026";"PROTOCOLO-GERAL";"001_SEI_0467467_Carta.pdf";"4149520";"ok"
"02 Acesso a transmissao e expansao renovavel";"48500.028317/2026-43";"Processo Externo - Pendente de Classificação pela Unidade Destinatária";"2";"0467468";"Dossiê";"25/09/2026";"PROTOCOLO-GERAL";"002_SEI_0467468_Dossie.pdf";"73831";"ok"
"02 Acesso a transmissao e expansao renovavel";"48500.028317/2026-43";"Processo Externo - Pendente de Classificação pela Unidade Destinatária";"3";"0467469";"Dossiê";"25/09/2026";"PROTOCOLO-GERAL";"003_SEI_0467469_Dossie.pdf";"103469";"ok"
"02 Acesso a transmissao e expansao renovavel";"48500.028286/2026-21";"Processo Externo - Pendente de Classificação pela Unidade Destinatária";"1";"0467362";"Carta";"25/09/2026";"PROTOCOLO-GERAL";"001_SEI_0467362_Carta.pdf";"214090";"ok"
"02 Acesso a transmissao e expansao renovavel";"48500.028295/2026-11";"Processo Externo - Pendente de Classificação pela Unidade Destinatária";"1";"0467417";"Carta 80";"25/09/2026";"PROTOCOLO-GERAL";"001_SEI_0467417_Carta_80.pdf";"469953";"ok"
"02 Acesso a transmissao e expansao renovavel";"48500.028295/2026-11";"Processo Externo - Pendente de Classificação pela Unidade Destinatária";"2";"0467419";"Certificado";"25/09/2026";"PROTOCOLO-GERAL";"002_SEI_0467419_Certificado.pdf";"111039";"ok"
"02 Acesso a transmissao e expansao renovavel";"48500.028295/2026-11";"Processo Externo - Pendente de Classificação pela Unidade Destinatária";"3";"0467420";"Dossiê";"25/09/2026";"PROTOCOLO-GERAL";"003_SEI_0467420_Dossie.zip";"3351269";"ok"
"02 Acesso a transmissao e expansao renovavel";"48500.024857/2026-58";"Fiscalização da Geração: Ação Fiscalizadora - Implantação";"1";"0441105";"Termo de Intimação TI_0009/2026-SFT";"27/08/2026";"SFT";"001_SEI_0441105_Termo_de_Intimacao_TI_0009_2026_SFT.html";"95729";"ok"
"02 Acesso a transmissao e expansao renovavel";"48500.024857/2026-58";"Fiscalização da Geração: Ação Fiscalizadora - Implantação";"2";"0443974";"Exposição De Motivos Do Termo De Intimação";"27/08/2026";"SFT";"002_SEI_0443974_Exposicao_De_Motivos_Do_Termo_De_Intimacao.html";"121764";"ok"
"02 Acesso a transmissao e expansao renovavel";"48500.024857/2026-58";"Fiscalização da Geração: Ação Fiscalizadora - Implantação";"3";"0445053";"Recibo Registrado -";"28/08/2026";"SFT";"003_SEI_0445053_Recibo_Registrado.pdf";"82061";"ok"
"02 Acesso a transmissao e expansao renovavel";"48500.024857/2026-58";"Fiscalização da Geração: Ação Fiscalizadora - Implantação";"4";"0464070";"Ofício ARPE";"27/08/2026";"SFT";"004_SEI_0464070_Oficio_ARPE.pdf";"601853";"ok"
"02 Acesso a transmissao e expansao renovavel";"48500.024857/2026-58";"Fiscalização da Geração: Ação Fiscalizadora - Implantação";"5";"0464072";"Ofício ARPE";"13/07/2026";"SFT";"005_SEI_0464072_Oficio_ARPE.pdf";"63759";"ok"
"02 Acesso a transmissao e expansao renovavel";"48500.024857/2026-58";"Fiscalização da Geração: Ação Fiscalizadora - Implantação";"6";"0466893";"Nota Técnica 172";"25/09/2026";"SFT";"006_SEI_0466893_Nota_Tecnica_172.html";"168826";"ok"
"02 Acesso a transmissao e expansao renovavel";"48500.024857/2026-58";"Fiscalização da Geração: Ação Fiscalizadora - Implantação";"7";"0466910";"Requerimento de Distribuição de Processo";"25/09/2026";"SFT";"007_SEI_0466910_Requerimento_de_Distribuicao_de_Processo.html";"86835";"ok"
"02 Acesso a transmissao e expansao renovavel";"48500.028329/2026-78";"Processo Externo - Pendente de Classificação pela Unidade Destinatária";"1";"0467505";"Carta";"25/09/2026";"PROTOCOLO-GERAL";"001_SEI_0467505_Carta.pdf";"500345";"ok"
"02 Acesso a transmissao e expansao renovavel";"48500.028098/2026-01";"Processo Externo - Pendente de Classificação pela Unidade Destinatária";"1";"0466071";"Carta";"24/09/2026";"PROTOCOLO-GERAL";"001_SEI_0466071_Carta.pdf";"191465";"ok"
"02 Acesso a transmissao e expansao renovavel";"48500.028098/2026-01";"Processo Externo - Pendente de Classificação pela Unidade Destinatária";"2";"0466073";"Procuração";"23/09/2026";"PROTOCOLO-GERAL";"002_SEI_0466073_Procuracao.pdf";"109806";"ok"
"02 Acesso a transmissao e expansao renovavel";"48500.028098/2026-01";"Processo Externo - Pendente de Classificação pela Unidade Destinatária";"3";"0466074";"CNPJ";"24/09/2026";"PROTOCOLO-GERAL";"003_SEI_0466074_CNPJ.pdf";"105758";"ok"
"02 Acesso a transmissao e expansao renovavel";"48500.028098/2026-01";"Processo Externo - Pendente de Classificação pela Unidade Destinatária";"4";"0466075";"Contrato";"24/09/2026";"PROTOCOLO-GERAL";"004_SEI_0466075_Contrato.pdf";"1818266";"ok"
"02 Acesso a transmissao e expansao renovavel";"48500.028098/2026-01";"Processo Externo - Pendente de Classificação pela Unidade Destinatária";"5";"0466076";"Projeto";"24/09/2026";"PROTOCOLO-GERAL";"005_SEI_0466076_Projeto.pdf";"150801";"ok"
"02 Acesso a transmissao e expansao renovavel";"48500.028098/2026-01";"Processo Externo - Pendente de Classificação pela Unidade Destinatária";"6";"0466077";"E-mail";"29/04/2026";"PROTOCOLO-GERAL";"006_SEI_0466077_E_mail.pdf";"291632";"ok"
"02 Acesso a transmissao e expansao renovavel";"48500.028098/2026-01";"Processo Externo - Pendente de Classificação pela Unidade Destinatária";"7";"0466078";"Autorização";"19/05/2026";"PROTOCOLO-GERAL";"007_SEI_0466078_Autorizacao.pdf";"174239";"ok"
"02 Acesso a transmissao e expansao renovavel";"48500.028098/2026-01";"Processo Externo - Pendente de Classificação pela Unidade Destinatária";"8";"0466079";"E-mail";"09/07/2026";"PROTOCOLO-GERAL";"008_SEI_0466079_E_mail.pdf";"558906";"ok"
"02 Acesso a transmissao e expansao renovavel";"48500.028098/2026-01";"Processo Externo - Pendente de Classificação pela Unidade Destinatária";"9";"0466080";"Termo";"17/08/2026";"PROTOCOLO-GERAL";"009_SEI_0466080_Termo.pdf";"259662";"ok"
"02 Acesso a transmissao e expansao renovavel";"48500.028098/2026-01";"Processo Externo - Pendente de Classificação pela Unidade Destinatária";"10";"0466081";"E-mail";"31/08/2026";"PROTOCOLO-GERAL";"010_SEI_0466081_E_mail.pdf";"389597";"ok"
"02 Acesso a transmissao e expansao renovavel";"48500.028098/2026-01";"Processo Externo - Pendente de Classificação pela Unidade Destinatária";"11";"0466082";"E-mail";"21/09/2026";"PROTOCOLO-GERAL";"011_SEI_0466082_E_mail.pdf";"135308";"ok"
"02 Acesso a transmissao e expansao renovavel";"48500.028098/2026-01";"Processo Externo - Pendente de Classificação pela Unidade Destinatária";"12";"0466083";"Reclamação";"24/09/2026";"PROTOCOLO-GERAL";"012_SEI_0466083_Reclamacao.pdf";"56093";"ok"
"02 Acesso a transmissao e expansao renovavel";"48500.028098/2026-01";"Processo Externo - Pendente de Classificação pela Unidade Destinatária";"13";"0466084";"E-mail";"09/02/2026";"PROTOCOLO-GERAL";"013_SEI_0466084_E_mail.pdf";"269665";"ok"
"02 Acesso a transmissao e expansao renovavel";"48500.028098/2026-01";"Processo Externo - Pendente de Classificação pela Unidade Destinatária";"14";"0466085";"Orçamento";"24/09/2026";"PROTOCOLO-GERAL";"014_SEI_0466085_Orcamento.pdf";"219603";"ok"
"02 Acesso a transmissao e expansao renovavel";"48500.028098/2026-01";"Processo Externo - Pendente de Classificação pela Unidade Destinatária";"15";"0466086";"E-mail";"19/03/2026";"PROTOCOLO-GERAL";"015_SEI_0466086_E_mail.pdf";"178913";"ok"
"02 Acesso a transmissao e expansao renovavel";"48500.028098/2026-01";"Processo Externo - Pendente de Classificação pela Unidade Destinatária";"16";"0466330";"Requerimento de Distribuição de Processo";"25/09/2026";"SGE -SORTEIO";"016_SEI_0466330_Requerimento_de_Distribuicao_de_Processo.html";"86757";"ok"
"02 Acesso a transmissao e expansao renovavel";"48500.028152/2026-18";"Processo Externo - Pendente de Classificação pela Unidade Destinatária";"1";"0466406";"Carta";"24/09/2026";"PROTOCOLO-GERAL";"001_SEI_0466406_Carta.pdf";"268544";"ok"
"02 Acesso a transmissao e expansao renovavel";"48500.028152/2026-18";"Processo Externo - Pendente de Classificação pela Unidade Destinatária";"2";"0466407";"Ofício Nº 1337/2026";"24/09/2026";"PROTOCOLO-GERAL";"002_SEI_0466407_Oficio_N_1337_2026.pdf";"68145";"ok"
"02 Acesso a transmissao e expansao renovavel";"48500.028152/2026-18";"Processo Externo - Pendente de Classificação pela Unidade Destinatária";"3";"0466408";"Relatório";"24/09/2026";"PROTOCOLO-GERAL";"003_SEI_0466408_Relatorio.pdf";"254236";"ok"
"02 Acesso a transmissao e expansao renovavel";"48500.028152/2026-18";"Processo Externo - Pendente de Classificação pela Unidade Destinatária";"4";"0466409";"Carta";"24/09/2026";"PROTOCOLO-GERAL";"004_SEI_0466409_Carta.pdf";"855054";"ok"
"02 Acesso a transmissao e expansao renovavel";"48500.028152/2026-18";"Processo Externo - Pendente de Classificação pela Unidade Destinatária";"5";"0466410";"E-mail";"24/09/2026";"PROTOCOLO-GERAL";"005_SEI_0466410_E_mail.pdf";"974931";"ok"
"02 Acesso a transmissao e expansao renovavel";"48500.028152/2026-18";"Processo Externo - Pendente de Classificação pela Unidade Destinatária";"6";"0466411";"Ofício 120";"24/09/2026";"PROTOCOLO-GERAL";"006_SEI_0466411_Oficio_120.pdf";"338371";"ok"
"02 Acesso a transmissao e expansao renovavel";"48500.028152/2026-18";"Processo Externo - Pendente de Classificação pela Unidade Destinatária";"7";"0466412";"Relatório";"24/09/2026";"PROTOCOLO-GERAL";"007_SEI_0466412_Relatorio.pdf";"587326";"ok"
"02 Acesso a transmissao e expansao renovavel";"48500.028152/2026-18";"Processo Externo - Pendente de Classificação pela Unidade Destinatária";"8";"0466413";"Carta";"24/09/2026";"PROTOCOLO-GERAL";"008_SEI_0466413_Carta.pdf";"341610";"ok"
"02 Acesso a transmissao e expansao renovavel";"48500.028152/2026-18";"Processo Externo - Pendente de Classificação pela Unidade Destinatária";"9";"0466414";"E-mail";"24/09/2026";"PROTOCOLO-GERAL";"009_SEI_0466414_E_mail.pdf";"1212404";"ok"
"02 Acesso a transmissao e expansao renovavel";"48500.028152/2026-18";"Processo Externo - Pendente de Classificação pela Unidade Destinatária";"10";"0466415";"Relatório";"24/09/2026";"PROTOCOLO-GERAL";"010_SEI_0466415_Relatorio.pdf";"441349";"ok"
"02 Acesso a transmissao e expansao renovavel";"48500.028152/2026-18";"Processo Externo - Pendente de Classificação pela Unidade Destinatária";"11";"0466416";"Nota";"24/09/2026";"PROTOCOLO-GERAL";"011_SEI_0466416_Nota.pdf";"573637";"ok"
"02 Acesso a transmissao e expansao renovavel";"48500.028152/2026-18";"Processo Externo - Pendente de Classificação pela Unidade Destinatária";"12";"0466417";"Termo";"24/09/2026";"PROTOCOLO-GERAL";"012_SEI_0466417_Termo.pdf";"2835029";"ok"
"02 Acesso a transmissao e expansao renovavel";"48500.028152/2026-18";"Processo Externo - Pendente de Classificação pela Unidade Destinatária";"13";"0466418";"Carta";"24/09/2026";"PROTOCOLO-GERAL";"013_SEI_0466418_Carta.pdf";"162251";"ok"
"02 Acesso a transmissao e expansao renovavel";"48500.028152/2026-18";"Processo Externo - Pendente de Classificação pela Unidade Destinatária";"14";"0466419";"Lista";"24/09/2026";"PROTOCOLO-GERAL";"014_SEI_0466419_Lista.pdf";"38227";"ok"
"02 Acesso a transmissao e expansao renovavel";"48500.028152/2026-18";"Processo Externo - Pendente de Classificação pela Unidade Destinatária";"15";"0466420";"Dossiê";"24/09/2026";"PROTOCOLO-GERAL";"015_SEI_0466420_Dossie.pdf";"695296";"ok"
"02 Acesso a transmissao e expansao renovavel";"48500.028152/2026-18";"Processo Externo - Pendente de Classificação pela Unidade Destinatária";"16";"0466421";"Dossiê";"24/09/2026";"PROTOCOLO-GERAL";"016_SEI_0466421_Dossie.pdf";"5268172";"ok"
"02 Acesso a transmissao e expansao renovavel";"48500.028132/2026-39";"Processo Externo - Pendente de Classificação pela Unidade Destinatária";"1";"0466339";"Carta Manifestação a resposta da Ouvidoria ANEEL";"24/09/2026";"PROTOCOLO-GERAL";"001_SEI_0466339_Carta_Manifestacao_a_resposta_da_Ouvidoria_ANEEL.pdf";"176944";"ok"
"02 Acesso a transmissao e expansao renovavel";"48500.028132/2026-39";"Processo Externo - Pendente de Classificação pela Unidade Destinatária";"2";"0466340";"Estudo";"24/09/2026";"PROTOCOLO-GERAL";"002_SEI_0466340_Estudo.pdf";"804143";"ok"
"02 Acesso a transmissao e expansao renovavel";"48500.028132/2026-39";"Processo Externo - Pendente de Classificação pela Unidade Destinatária";"3";"0466341";"Carta";"24/09/2026";"PROTOCOLO-GERAL";"003_SEI_0466341_Carta.pdf";"5458510";"ok"
"02 Acesso a transmissao e expansao renovavel";"48500.028132/2026-39";"Processo Externo - Pendente de Classificação pela Unidade Destinatária";"4";"0466342";"Carta";"24/09/2026";"PROTOCOLO-GERAL";"004_SEI_0466342_Carta.pdf";"133494";"ok"
"02 Acesso a transmissao e expansao renovavel";"48500.028132/2026-39";"Processo Externo - Pendente de Classificação pela Unidade Destinatária";"5";"0466344";"Procuração";"24/09/2026";"PROTOCOLO-GERAL";"005_SEI_0466344_Procuracao.pdf";"263458";"ok"
"02 Acesso a transmissao e expansao renovavel";"48500.028132/2026-39";"Processo Externo - Pendente de Classificação pela Unidade Destinatária";"6";"0466345";"E-mail";"24/09/2026";"PROTOCOLO-GERAL";"006_SEI_0466345_E_mail.pdf";"59607";"ok"
"02 Acesso a transmissao e expansao renovavel";"48500.021716/2026-83";"Processo Decisório: Pedido de Medida Cautelar";"1";"0415370";"Carta";"24/07/2026";"PROTOCOLO-GERAL";"001_SEI_0415370_Carta.pdf";"271354";"ok"
"02 Acesso a transmissao e expansao renovavel";"48500.021716/2026-83";"Processo Decisório: Pedido de Medida Cautelar";"2";"0415371";"Documentação Societária";"24/07/2026";"PROTOCOLO-GERAL";"002_SEI_0415371_Documentacao_Societaria.pdf";"4904846";"ok"
"02 Acesso a transmissao e expansao renovavel";"48500.021716/2026-83";"Processo Decisório: Pedido de Medida Cautelar";"3";"0415372";"Procuração";"16/07/2026";"PROTOCOLO-GERAL";"003_SEI_0415372_Procuracao.pdf";"300429";"ok"
"02 Acesso a transmissao e expansao renovavel";"48500.021716/2026-83";"Processo Decisório: Pedido de Medida Cautelar";"4";"0415373";"Comprovante";"24/07/2026";"PROTOCOLO-GERAL";"004_SEI_0415373_Comprovante.pdf";"98241";"ok"
"02 Acesso a transmissao e expansao renovavel";"48500.021716/2026-83";"Processo Decisório: Pedido de Medida Cautelar";"5";"0415374";"Solicitação";"24/07/2026";"PROTOCOLO-GERAL";"005_SEI_0415374_Solicitacao.pdf";"111852";"ok"
"02 Acesso a transmissao e expansao renovavel";"48500.021716/2026-83";"Processo Decisório: Pedido de Medida Cautelar";"6";"0415375";"Informação";"24/07/2026";"PROTOCOLO-GERAL";"006_SEI_0415375_Informacao.pdf";"56298";"ok"
"02 Acesso a transmissao e expansao renovavel";"48500.021716/2026-83";"Processo Decisório: Pedido de Medida Cautelar";"7";"0415376";"Carta";"24/07/2026";"PROTOCOLO-GERAL";"007_SEI_0415376_Carta.pdf";"559103";"ok"
"02 Acesso a transmissao e expansao renovavel";"48500.021716/2026-83";"Processo Decisório: Pedido de Medida Cautelar";"8";"0415377";"Carta CTA ONS DTA/SA-2025-CPT-0164-R0";"12/12/2025";"PROTOCOLO-GERAL";"008_SEI_0415377_Carta_CTA_ONS_DTA_SA_2025_CPT_0164_R0.pdf";"197999";"ok"
"02 Acesso a transmissao e expansao renovavel";"48500.021716/2026-83";"Processo Decisório: Pedido de Medida Cautelar";"9";"0415378";"Carta CTA ONS DTA/SA-2025-CPD-0037-R0";"12/12/2025";"PROTOCOLO-GERAL";"009_SEI_0415378_Carta_CTA_ONS_DTA_SA_2025_CPD_0037_R0.pdf";"197243";"ok"
"02 Acesso a transmissao e expansao renovavel";"48500.021716/2026-83";"Processo Decisório: Pedido de Medida Cautelar";"10";"0415379";"Carta 142";"03/02/2026";"PROTOCOLO-GERAL";"010_SEI_0415379_Carta_142.pdf";"240703";"ok"
"02 Acesso a transmissao e expansao renovavel";"48500.021716/2026-83";"Processo Decisório: Pedido de Medida Cautelar";"11";"0415380";"E-mail";"24/07/2026";"PROTOCOLO-GERAL";"011_SEI_0415380_E_mail.pdf";"344903";"ok"
"02 Acesso a transmissao e expansao renovavel";"48500.021716/2026-83";"Processo Decisório: Pedido de Medida Cautelar";"12";"0415381";"Parecer";"24/07/2026";"PROTOCOLO-GERAL";"012_SEI_0415381_Parecer.pdf";"2281347";"ok"
"02 Acesso a transmissao e expansao renovavel";"48500.021716/2026-83";"Processo Decisório: Pedido de Medida Cautelar";"13";"0415382";"Informação";"24/07/2026";"PROTOCOLO-GERAL";"013_SEI_0415382_Informacao.pdf";"146569";"ok"
"02 Acesso a transmissao e expansao renovavel";"48500.021716/2026-83";"Processo Decisório: Pedido de Medida Cautelar";"14";"0415383";"E-mail";"24/07/2026";"PROTOCOLO-GERAL";"014_SEI_0415383_E_mail.pdf";"166733";"ok"
"02 Acesso a transmissao e expansao renovavel";"48500.021716/2026-83";"Processo Decisório: Pedido de Medida Cautelar";"15";"0415384";"E-mail";"24/07/2026";"PROTOCOLO-GERAL";"015_SEI_0415384_E_mail.pdf";"334736";"ok"
"02 Acesso a transmissao e expansao renovavel";"48500.021716/2026-83";"Processo Decisório: Pedido de Medida Cautelar";"16";"0415385";"E-mail";"24/07/2026";"PROTOCOLO-GERAL";"016_SEI_0415385_E_mail.pdf";"162163";"ok"
"02 Acesso a transmissao e expansao renovavel";"48500.021716/2026-83";"Processo Decisório: Pedido de Medida Cautelar";"17";"0415386";"E-mail";"24/07/2026";"PROTOCOLO-GERAL";"017_SEI_0415386_E_mail.pdf";"359953";"ok"
"02 Acesso a transmissao e expansao renovavel";"48500.021716/2026-83";"Processo Decisório: Pedido de Medida Cautelar";"18";"0415387";"E-mail";"24/07/2026";"PROTOCOLO-GERAL";"018_SEI_0415387_E_mail.pdf";"547758";"ok"
"02 Acesso a transmissao e expansao renovavel";"48500.021716/2026-83";"Processo Decisório: Pedido de Medida Cautelar";"19";"0415388";"E-mail";"24/07/2026";"PROTOCOLO-GERAL";"019_SEI_0415388_E_mail.pdf";"593868";"ok"
"02 Acesso a transmissao e expansao renovavel";"48500.021716/2026-83";"Processo Decisório: Pedido de Medida Cautelar";"20";"0415389";"E-mail";"24/07/2026";"PROTOCOLO-GERAL";"020_SEI_0415389_E_mail.pdf";"362524";"ok"
"02 Acesso a transmissao e expansao renovavel";"48500.021716/2026-83";"Processo Decisório: Pedido de Medida Cautelar";"21";"0415390";"E-mail";"24/07/2026";"PROTOCOLO-GERAL";"021_SEI_0415390_E_mail.pdf";"634453";"ok"
"02 Acesso a transmissao e expansao renovavel";"48500.021716/2026-83";"Processo Decisório: Pedido de Medida Cautelar";"22";"0415391";"E-mail";"24/07/2026";"PROTOCOLO-GERAL";"022_SEI_0415391_E_mail.pdf";"1056297";"ok"
"02 Acesso a transmissao e expansao renovavel";"48500.021716/2026-83";"Processo Decisório: Pedido de Medida Cautelar";"23";"0415392";"E-mail";"24/07/2026";"PROTOCOLO-GERAL";"023_SEI_0415392_E_mail.pdf";"1168063";"ok"
"02 Acesso a transmissao e expansao renovavel";"48500.021716/2026-83";"Processo Decisório: Pedido de Medida Cautelar";"24";"0415393";"E-mail";"24/07/2026";"PROTOCOLO-GERAL";"024_SEI_0415393_E_mail.pdf";"242753";"ok"
"02 Acesso a transmissao e expansao renovavel";"48500.021716/2026-83";"Processo Decisório: Pedido de Medida Cautelar";"25";"0415394";"E-mail";"24/07/2026";"PROTOCOLO-GERAL";"025_SEI_0415394_E_mail.pdf";"172956";"ok"
"02 Acesso a transmissao e expansao renovavel";"48500.021716/2026-83";"Processo Decisório: Pedido de Medida Cautelar";"26";"0415395";"E-mail";"24/07/2026";"PROTOCOLO-GERAL";"026_SEI_0415395_E_mail.pdf";"1210641";"ok"
"02 Acesso a transmissao e expansao renovavel";"48500.021716/2026-83";"Processo Decisório: Pedido de Medida Cautelar";"27";"0415396";"E-mail";"24/07/2026";"PROTOCOLO-GERAL";"027_SEI_0415396_E_mail.pdf";"72763";"ok"
"02 Acesso a transmissao e expansao renovavel";"48500.021716/2026-83";"Processo Decisório: Pedido de Medida Cautelar";"28";"0415397";"E-mail";"24/07/2026";"PROTOCOLO-GERAL";"028_SEI_0415397_E_mail.pdf";"661187";"ok"
"02 Acesso a transmissao e expansao renovavel";"48500.021716/2026-83";"Processo Decisório: Pedido de Medida Cautelar";"29";"0415398";"Carta ISA CT/EP/815/2026";"22/05/2026";"PROTOCOLO-GERAL";"029_SEI_0415398_Carta_ISA_CT_EP_815_2026.pdf";"6294107";"ok"
"02 Acesso a transmissao e expansao renovavel";"48500.021716/2026-83";"Processo Decisório: Pedido de Medida Cautelar";"30";"0415399";"E-mail";"24/07/2026";"PROTOCOLO-GERAL";"030_SEI_0415399_E_mail.pdf";"158770";"ok"
"02 Acesso a transmissao e expansao renovavel";"48500.021716/2026-83";"Processo Decisório: Pedido de Medida Cautelar";"31";"0415400";"Carta CA 008-2026";"03/06/2026";"PROTOCOLO-GERAL";"031_SEI_0415400_Carta_CA_008_2026.pdf";"333038";"ok"
"02 Acesso a transmissao e expansao renovavel";"48500.021716/2026-83";"Processo Decisório: Pedido de Medida Cautelar";"32";"0415401";"Solicitação";"24/07/2026";"PROTOCOLO-GERAL";"032_SEI_0415401_Solicitacao.pdf";"103885";"ok"
"02 Acesso a transmissao e expansao renovavel";"48500.021716/2026-83";"Processo Decisório: Pedido de Medida Cautelar";"33";"0415402";"E-mail";"24/07/2026";"PROTOCOLO-GERAL";"033_SEI_0415402_E_mail.pdf";"554823";"ok"
"02 Acesso a transmissao e expansao renovavel";"48500.021716/2026-83";"Processo Decisório: Pedido de Medida Cautelar";"34";"0415403";"Informação";"24/07/2026";"PROTOCOLO-GERAL";"034_SEI_0415403_Informacao.pdf";"100863";"ok"
"02 Acesso a transmissao e expansao renovavel";"48500.021716/2026-83";"Processo Decisório: Pedido de Medida Cautelar";"35";"0418830";"Requerimento de Distribuição de Processo";"31/07/2026";"SGE -SORTEIO";"035_SEI_0418830_Requerimento_de_Distribuicao_de_Processo.html";"87871";"ok"
"02 Acesso a transmissao e expansao renovavel";"48500.021716/2026-83";"Processo Decisório: Pedido de Medida Cautelar";"36";"0420075";"Despacho de Distribuição de Processo";"03/08/2026";"SGE -SORTEIO";"036_SEI_0420075_Despacho_de_Distribuicao_de_Processo.html";"87177";"ok"
"02 Acesso a transmissao e expansao renovavel";"48500.021716/2026-83";"Processo Decisório: Pedido de Medida Cautelar";"37";"0423592";"Memória";"06/08/2026";"GAB - APOIO";"037_SEI_0423592_Memoria.pdf";"896943";"ok"
"02 Acesso a transmissao e expansao renovavel";"48500.021716/2026-83";"Processo Decisório: Pedido de Medida Cautelar";"38";"0428558";"Decisão";"17/07/2026";"GAB II - AMAC";"038_SEI_0428558_Decisao.pdf";"1587334";"ok"
"02 Acesso a transmissao e expansao renovavel";"48500.021716/2026-83";"Processo Decisório: Pedido de Medida Cautelar";"39";"0440674";"Requerimento";"18/08/2026";"GAB II - AMAC";"039_SEI_0440674_Requerimento.pdf";"60656";"ok"
"02 Acesso a transmissao e expansao renovavel";"48500.021716/2026-83";"Processo Decisório: Pedido de Medida Cautelar";"40";"0440675";"Voto";"18/08/2026";"GAB II - AMAC";"040_SEI_0440675_Voto.pdf";"89447";"ok"
"02 Acesso a transmissao e expansao renovavel";"48500.021716/2026-83";"Processo Decisório: Pedido de Medida Cautelar";"41";"0440680";"Despacho 3.200";"18/08/2026";"GAB II - AMAC";"041_SEI_0440680_Despacho_3_200.pdf";"59321";"ok"
"02 Acesso a transmissao e expansao renovavel";"48500.021716/2026-83";"Processo Decisório: Pedido de Medida Cautelar";"42";"0440681";"Confirmação";"18/08/2026";"GAB II - AMAC";"042_SEI_0440681_Confirmacao.pdf";"2116140";"ok"
"02 Acesso a transmissao e expansao renovavel";"48500.021716/2026-83";"Processo Decisório: Pedido de Medida Cautelar";"43";"0444999";"Extrato";"27/08/2026";"SGE - PUBLICAÇÃO";"043_SEI_0444999_Extrato.pdf";"58668";"ok"
"02 Acesso a transmissao e expansao renovavel";"48500.021716/2026-83";"Processo Decisório: Pedido de Medida Cautelar";"44";"0465774";"Registro de Reunião 32";"24/09/2026";"STD";"044_SEI_0465774_Registro_de_Reuniao_32.html";"96260";"ok"
"02 Acesso a transmissao e expansao renovavel";"48500.902368/2020-50";"Fiscalização da Geração: Ação Fiscalizadora - Operação e Manutenção";"1";"0410125";"Termo de Migração";"19/08/2026";"ARQUIVO-GERAL";"001_SEI_0410125_Termo_de_Migracao.html";"87036";"ok"
"02 Acesso a transmissao e expansao renovavel";"48500.902368/2020-50";"Fiscalização da Geração: Ação Fiscalizadora - Operação e Manutenção";"2";"0410393";"Ofício 719";"22/07/2026";"SFT";"002_SEI_0410393_Oficio_719.html";"93519";"ok"
"02 Acesso a transmissao e expansao renovavel";"48500.902368/2020-50";"Fiscalização da Geração: Ação Fiscalizadora - Operação e Manutenção";"3";"0415510";"Recibo do";"27/07/2026";"SFT";"003_SEI_0415510_Recibo_do.pdf";"1146361";"ok"
"02 Acesso a transmissao e expansao renovavel";"48500.902368/2020-50";"Fiscalização da Geração: Ação Fiscalizadora - Operação e Manutenção";"4";"0439318";"Termo de Intimação TI_0008/2026-SFT";"25/08/2026";"SFT";"004_SEI_0439318_Termo_de_Intimacao_TI_0008_2026_SFT.html";"96542";"ok"
"02 Acesso a transmissao e expansao renovavel";"48500.902368/2020-50";"Fiscalização da Geração: Ação Fiscalizadora - Operação e Manutenção";"5";"0439976";"Exposição De Motivos Do Termo De Intimação";"25/08/2026";"SFT";"005_SEI_0439976_Exposicao_De_Motivos_Do_Termo_De_Intimacao.html";"109472";"ok"
"02 Acesso a transmissao e expansao renovavel";"48500.902368/2020-50";"Fiscalização da Geração: Ação Fiscalizadora - Operação e Manutenção";"6";"0444646";"Recibo Registrado -";"27/08/2026";"SFT";"006_SEI_0444646_Recibo_Registrado.pdf";"1284691";"ok"
"02 Acesso a transmissao e expansao renovavel";"48500.902368/2020-50";"Fiscalização da Geração: Ação Fiscalizadora - Operação e Manutenção";"7";"0465486";"Nota Técnica 169";"24/09/2026";"SFT";"007_SEI_0465486_Nota_Tecnica_169.html";"146026";"ok"
"02 Acesso a transmissao e expansao renovavel";"48500.902368/2020-50";"Fiscalização da Geração: Ação Fiscalizadora - Operação e Manutenção";"8";"0465492";"Requerimento de Distribuição de Processo";"24/09/2026";"SFT";"008_SEI_0465492_Requerimento_de_Distribuicao_de_Processo.html";"86889";"ok"
"02 Acesso a transmissao e expansao renovavel";"48500.015395/2026-88";"Regulação da Geração: Demais pleitos sobre Serviços de Geração";"1";"0369187";"Carta";"29/05/2026";"PROTOCOLO-GERAL";"001_SEI_0369187_Carta.pdf";"2170633";"ok"
"02 Acesso a transmissao e expansao renovavel";"48500.015395/2026-88";"Regulação da Geração: Demais pleitos sobre Serviços de Geração";"2";"0369188";"Procuração";"25/05/2026";"PROTOCOLO-GERAL";"002_SEI_0369188_Procuracao.pdf";"16833713";"ok"
"02 Acesso a transmissao e expansao renovavel";"48500.015395/2026-88";"Regulação da Geração: Demais pleitos sobre Serviços de Geração";"3";"0369189";"Ata";"19/02/2021";"PROTOCOLO-GERAL";"003_SEI_0369189_Ata.pdf";"346812";"ok"
"02 Acesso a transmissao e expansao renovavel";"48500.015395/2026-88";"Regulação da Geração: Demais pleitos sobre Serviços de Geração";"4";"0369190";"Acordo";"17/05/2021";"PROTOCOLO-GERAL";"004_SEI_0369190_Acordo.pdf";"977952";"ok"
"02 Acesso a transmissao e expansao renovavel";"48500.015395/2026-88";"Regulação da Geração: Demais pleitos sobre Serviços de Geração";"5";"0369191";"Carta";"14/05/2026";"PROTOCOLO-GERAL";"005_SEI_0369191_Carta.pdf";"280987";"ok"
"02 Acesso a transmissao e expansao renovavel";"48500.015395/2026-88";"Regulação da Geração: Demais pleitos sobre Serviços de Geração";"6";"0369192";"E-mail";"25/09/2025";"PROTOCOLO-GERAL";"006_SEI_0369192_E_mail.pdf";"203406";"ok"
"02 Acesso a transmissao e expansao renovavel";"48500.015395/2026-88";"Regulação da Geração: Demais pleitos sobre Serviços de Geração";"7";"0370669";"Requerimento de Distribuição de Processo";"03/06/2026";"SGE -SORTEIO";"007_SEI_0370669_Requerimento_de_Distribuicao_de_Processo.html";"86739";"ok"
"02 Acesso a transmissao e expansao renovavel";"48500.015395/2026-88";"Regulação da Geração: Demais pleitos sobre Serviços de Geração";"8";"0375179";"Despacho de Distribuição de Processo";"08/06/2026";"SGE -SORTEIO";"008_SEI_0375179_Despacho_de_Distribuicao_de_Processo.html";"86579";"ok"
"02 Acesso a transmissao e expansao renovavel";"48500.015395/2026-88";"Regulação da Geração: Demais pleitos sobre Serviços de Geração";"12";"0383319";"Memória";"15/06/2026";"ASD - APOIO";"012_SEI_0383319_Memoria.pdf";"1916303";"ok"
"02 Acesso a transmissao e expansao renovavel";"48500.015395/2026-88";"Regulação da Geração: Demais pleitos sobre Serviços de Geração";"13";"0383800";"Requerimento de Inclusão em Pauta";"18/06/2026";"DIR - GNSJ";"013_SEI_0383800_Requerimento_de_Inclusao_em_Pauta.html";"86896";"ok"
"02 Acesso a transmissao e expansao renovavel";"48500.015395/2026-88";"Regulação da Geração: Demais pleitos sobre Serviços de Geração";"14";"0387662";"Extrato da Decisão da Diretoria";"23/06/2026";"SGE - PUBLICAÇÃO";"014_SEI_0387662_Extrato_da_Decisao_da_Diretoria.html";"87609";"ok"
"02 Acesso a transmissao e expansao renovavel";"48500.015395/2026-88";"Regulação da Geração: Demais pleitos sobre Serviços de Geração";"15";"0388912";"Requerimento de Inclusão em Pauta";"25/06/2026";"DIR - GNSJ";"015_SEI_0388912_Requerimento_de_Inclusao_em_Pauta.html";"87006";"ok"
"02 Acesso a transmissao e expansao renovavel";"48500.015395/2026-88";"Regulação da Geração: Demais pleitos sobre Serviços de Geração";"16";"0389777";"Voto";"25/06/2026";"DIR - GNSJ";"016_SEI_0389777_Voto.html";"111243";"ok"
"02 Acesso a transmissao e expansao renovavel";"48500.015395/2026-88";"Regulação da Geração: Demais pleitos sobre Serviços de Geração";"17";"0389791";"Despacho 2294";"26/06/2026";"DIR - GNSJ";"017_SEI_0389791_Despacho_2294.html";"88382";"ok"
"02 Acesso a transmissao e expansao renovavel";"48500.015395/2026-88";"Regulação da Geração: Demais pleitos sobre Serviços de Geração";"18";"0398851";"Confirmação";"02/07/2026";"DIR - GNSJ";"018_SEI_0398851_Confirmacao.pdf";"1903992";"ok"
"02 Acesso a transmissao e expansao renovavel";"48500.015395/2026-88";"Regulação da Geração: Demais pleitos sobre Serviços de Geração";"19";"0396923";"Extrato da Decisão da Diretoria";"09/07/2026";"SGE - PUBLICAÇÃO";"019_SEI_0396923_Extrato_da_Decisao_da_Diretoria.html";"88273";"ok"
"02 Acesso a transmissao e expansao renovavel";"48500.015395/2026-88";"Regulação da Geração: Demais pleitos sobre Serviços de Geração";"25";"0438963";"Memorando 131";"24/08/2026";"SGM";"025_SEI_0438963_Memorando_131.html";"102317";"ok"
"02 Acesso a transmissao e expansao renovavel";"48500.015395/2026-88";"Regulação da Geração: Demais pleitos sobre Serviços de Geração";"27";"0459894";"Lista";"16/09/2026";"PROCURADORIA FEDERAL";"027_SEI_0459894_Lista.pdf";"2437080";"ok"
"02 Acesso a transmissao e expansao renovavel";"48500.015395/2026-88";"Regulação da Geração: Demais pleitos sobre Serviços de Geração";"28";"0466245";"Lista";"24/09/2026";"PROCURADORIA FEDERAL";"028_SEI_0466245_Lista.pdf";"775665";"ok"
"02 Acesso a transmissao e expansao renovavel";"48500.028160/2026-56";"Processo Externo - Pendente de Classificação pela Unidade Destinatária";"1";"0466435";"Carta 35";"24/09/2026";"PROTOCOLO-GERAL";"001_SEI_0466435_Carta_35.pdf";"310180";"ok"
"02 Acesso a transmissao e expansao renovavel";"48500.028160/2026-56";"Processo Externo - Pendente de Classificação pela Unidade Destinatária";"2";"0466436";"Dossiê";"24/09/2026";"PROTOCOLO-GERAL";"002_SEI_0466436_Dossie.zip";"36497143";"ok"
"02 Acesso a transmissao e expansao renovavel";"48500.028160/2026-56";"Processo Externo - Pendente de Classificação pela Unidade Destinatária";"3";"0466437";"Dossiê";"24/09/2026";"PROTOCOLO-GERAL";"003_SEI_0466437_Dossie.zip";"145448335";"ok"
"02 Acesso a transmissao e expansao renovavel";"48500.028160/2026-56";"Processo Externo - Pendente de Classificação pela Unidade Destinatária";"4";"0466438";"Dossiê";"24/09/2026";"PROTOCOLO-GERAL";"004_SEI_0466438_Dossie.zip";"102174648";"ok"
"02 Acesso a transmissao e expansao renovavel";"48500.028160/2026-56";"Processo Externo - Pendente de Classificação pela Unidade Destinatária";"5";"0466439";"Dossiê";"24/09/2026";"PROTOCOLO-GERAL";"005_SEI_0466439_Dossie.zip";"8285712";"ok"
"02 Acesso a transmissao e expansao renovavel";"48500.028071/2026-18";"Relações Interinstitucionais: Judiciário, Ministérios Públicos, Defensorias e Polícias.";"1";"0465908";"Ofício 1632 Notícia de Fato nº 1.34.004.000986/2026-91";"24/09/2026";"PROTOCOLO-GERAL";"001_SEI_0465908_Oficio_1632_Noticia_de_Fato_n_1_34_004_000986_2026.pdf";"128281";"ok"
"02 Acesso a transmissao e expansao renovavel";"48500.024766/2026-12";"Outorga de Geração: Não Hídrica - Alteração de Características Técnicas";"1";"0439014";"Carta";"24/08/2026";"PROTOCOLO-GERAL";"001_SEI_0439014_Carta.pdf";"305895";"ok"
"02 Acesso a transmissao e expansao renovavel";"48500.024766/2026-12";"Outorga de Geração: Não Hídrica - Alteração de Características Técnicas";"2";"0439015";"Certidão";"24/08/2026";"PROTOCOLO-GERAL";"002_SEI_0439015_Certidao.pdf";"267273";"ok"
"02 Acesso a transmissao e expansao renovavel";"48500.024766/2026-12";"Outorga de Geração: Não Hídrica - Alteração de Características Técnicas";"3";"0439016";"Certidão";"24/08/2026";"PROTOCOLO-GERAL";"003_SEI_0439016_Certidao.pdf";"83214";"ok"
"02 Acesso a transmissao e expansao renovavel";"48500.024766/2026-12";"Outorga de Geração: Não Hídrica - Alteração de Características Técnicas";"4";"0439017";"Certificado";"24/08/2026";"PROTOCOLO-GERAL";"004_SEI_0439017_Certificado.pdf";"79865";"ok"
"02 Acesso a transmissao e expansao renovavel";"48500.024766/2026-12";"Outorga de Geração: Não Hídrica - Alteração de Características Técnicas";"5";"0439018";"Certidão";"24/08/2026";"PROTOCOLO-GERAL";"005_SEI_0439018_Certidao.pdf";"20234";"ok"
"02 Acesso a transmissao e expansao renovavel";"48500.024766/2026-12";"Outorga de Geração: Não Hídrica - Alteração de Características Técnicas";"6";"0439019";"Certidão";"24/08/2026";"PROTOCOLO-GERAL";"006_SEI_0439019_Certidao.pdf";"36834";"ok"
"02 Acesso a transmissao e expansao renovavel";"48500.024766/2026-12";"Outorga de Geração: Não Hídrica - Alteração de Características Técnicas";"7";"0439020";"Organograma";"24/08/2026";"PROTOCOLO-GERAL";"007_SEI_0439020_Organograma.pdf";"629768";"ok"
"02 Acesso a transmissao e expansao renovavel";"48500.024766/2026-12";"Outorga de Geração: Não Hídrica - Alteração de Características Técnicas";"8";"0439021";"Contrato";"24/08/2026";"PROTOCOLO-GERAL";"008_SEI_0439021_Contrato.pdf";"22687765";"ok"
"02 Acesso a transmissao e expansao renovavel";"48500.024766/2026-12";"Outorga de Geração: Não Hídrica - Alteração de Características Técnicas";"9";"0439022";"Dossiê";"24/08/2026";"PROTOCOLO-GERAL";"009_SEI_0439022_Dossie.pdf";"93094";"ok"
"02 Acesso a transmissao e expansao renovavel";"48500.024766/2026-12";"Outorga de Geração: Não Hídrica - Alteração de Características Técnicas";"10";"0439023";"Planta";"24/08/2026";"PROTOCOLO-GERAL";"010_SEI_0439023_Planta.pdf";"1069866";"ok"
"02 Acesso a transmissao e expansao renovavel";"48500.024766/2026-12";"Outorga de Geração: Não Hídrica - Alteração de Características Técnicas";"11";"0439024";"Diagrama";"24/08/2026";"PROTOCOLO-GERAL";"011_SEI_0439024_Diagrama.pdf";"1185979";"ok"
"02 Acesso a transmissao e expansao renovavel";"48500.024766/2026-12";"Outorga de Geração: Não Hídrica - Alteração de Características Técnicas";"12";"0439025";"Carta";"24/08/2026";"PROTOCOLO-GERAL";"012_SEI_0439025_Carta.pdf";"231232";"ok"
"02 Acesso a transmissao e expansao renovavel";"48500.024766/2026-12";"Outorga de Geração: Não Hídrica - Alteração de Características Técnicas";"13";"0439026";"Declaração";"24/08/2026";"PROTOCOLO-GERAL";"013_SEI_0439026_Declaracao.pdf";"333963";"ok"
"02 Acesso a transmissao e expansao renovavel";"48500.024766/2026-12";"Outorga de Geração: Não Hídrica - Alteração de Características Técnicas";"14";"0439027";"Licença";"24/08/2026";"PROTOCOLO-GERAL";"014_SEI_0439027_Licenca.pdf";"123650";"ok"
"02 Acesso a transmissao e expansao renovavel";"48500.024766/2026-12";"Outorga de Geração: Não Hídrica - Alteração de Características Técnicas";"15";"0439028";"Portaria";"24/08/2026";"PROTOCOLO-GERAL";"015_SEI_0439028_Portaria.pdf";"325542";"ok"
"02 Acesso a transmissao e expansao renovavel";"48500.024766/2026-12";"Outorga de Geração: Não Hídrica - Alteração de Características Técnicas";"16";"0439029";"Portaria";"24/08/2026";"PROTOCOLO-GERAL";"016_SEI_0439029_Portaria.pdf";"325654";"ok"
"02 Acesso a transmissao e expansao renovavel";"48500.024766/2026-12";"Outorga de Geração: Não Hídrica - Alteração de Características Técnicas";"17";"0439030";"Portaria";"24/08/2026";"PROTOCOLO-GERAL";"017_SEI_0439030_Portaria.pdf";"325783";"ok"
"02 Acesso a transmissao e expansao renovavel";"48500.024766/2026-12";"Outorga de Geração: Não Hídrica - Alteração de Características Técnicas";"18";"0439031";"Portaria";"24/08/2026";"PROTOCOLO-GERAL";"018_SEI_0439031_Portaria.pdf";"342190";"ok"
"02 Acesso a transmissao e expansao renovavel";"48500.024766/2026-12";"Outorga de Geração: Não Hídrica - Alteração de Características Técnicas";"19";"0439032";"Portaria";"24/08/2026";"PROTOCOLO-GERAL";"019_SEI_0439032_Portaria.pdf";"309040";"ok"
"02 Acesso a transmissao e expansao renovavel";"48500.024766/2026-12";"Outorga de Geração: Não Hídrica - Alteração de Características Técnicas";"20";"0439033";"Certidão";"24/08/2026";"PROTOCOLO-GERAL";"020_SEI_0439033_Certidao.pdf";"973355";"ok"
"02 Acesso a transmissao e expansao renovavel";"48500.024766/2026-12";"Outorga de Geração: Não Hídrica - Alteração de Características Técnicas";"21";"0439034";"Certidão";"24/08/2026";"PROTOCOLO-GERAL";"021_SEI_0439034_Certidao.pdf";"975092";"ok"
"02 Acesso a transmissao e expansao renovavel";"48500.024766/2026-12";"Outorga de Geração: Não Hídrica - Alteração de Características Técnicas";"22";"0439035";"Procuração";"24/08/2026";"PROTOCOLO-GERAL";"022_SEI_0439035_Procuracao.pdf";"199423";"ok"
"02 Acesso a transmissao e expansao renovavel";"48500.024766/2026-12";"Outorga de Geração: Não Hídrica - Alteração de Características Técnicas";"23";"0439036";"Documento";"24/08/2026";"PROTOCOLO-GERAL";"023_SEI_0439036_Documento.pdf";"411396";"ok"
"02 Acesso a transmissao e expansao renovavel";"48500.024766/2026-12";"Outorga de Geração: Não Hídrica - Alteração de Características Técnicas";"24";"0456831";"E-mail";"11/09/2026";"SCE";"024_SEI_0456831_E_mail.html";"3946";"ok"
"02 Acesso a transmissao e expansao renovavel";"48500.024766/2026-12";"Outorga de Geração: Não Hídrica - Alteração de Características Técnicas";"25";"0465543";"Ofício 704";"25/09/2026";"SCE";"025_SEI_0465543_Oficio_704.html";"88808";"ok"
"02 Acesso a transmissao e expansao renovavel";"48500.028017/2026-64";"Processo Externo - Pendente de Classificação pela Unidade Destinatária";"1";"0465419";"Carta Manifestação complementar à Reclamação";"23/09/2026";"PROTOCOLO-GERAL";"001_SEI_0465419_Carta_Manifestacao_complementar_a_Reclamacao.pdf";"168580";"ok"
"02 Acesso a transmissao e expansao renovavel";"48500.028017/2026-64";"Processo Externo - Pendente de Classificação pela Unidade Destinatária";"2";"0465420";"Informação";"01/06/2026";"PROTOCOLO-GERAL";"002_SEI_0465420_Informacao.pdf";"5599979";"ok"
"02 Acesso a transmissao e expansao renovavel";"48500.028017/2026-64";"Processo Externo - Pendente de Classificação pela Unidade Destinatária";"3";"0465421";"Procuração";"23/09/2026";"PROTOCOLO-GERAL";"003_SEI_0465421_Procuracao.pdf";"254088";"ok"
"02 Acesso a transmissao e expansao renovavel";"48500.027748/2026-92";"Acordos e Convênios: Agências Estaduais";"1";"0463209";"Ofício 1327 Informa";"22/09/2026";"PROTOCOLO-GERAL";"001_SEI_0463209_Oficio_1327_Informa.pdf";"150515";"ok"
"02 Acesso a transmissao e expansao renovavel";"48500.027748/2026-92";"Acordos e Convênios: Agências Estaduais";"2";"0463210";"Minuta";"22/09/2026";"PROTOCOLO-GERAL";"002_SEI_0463210_Minuta.pdf";"336419";"ok"
"02 Acesso a transmissao e expansao renovavel";"48500.027748/2026-92";"Acordos e Convênios: Agências Estaduais";"3";"0463211";"E-mail";"22/09/2026";"PROTOCOLO-GERAL";"003_SEI_0463211_E_mail.pdf";"55195";"ok"
"02 Acesso a transmissao e expansao renovavel";"48500.027861/2026-78";"Fiscalização da Transmissão: Ação Fiscalizadora - Operação e Manutenção";"1";"0464075";"Carta 1405";"22/09/2026";"PROTOCOLO-GERAL";"001_SEI_0464075_Carta_1405.pdf";"750601";"ok"
"02 Acesso a transmissao e expansao renovavel";"48500.027695/2026-18";"Outorga de Geração: Não Hídrica - Registro de Requerimento de Outorga - DRO";"1";"0462762";"Carta";"22/09/2026";"SCE";"001_SEI_0462762_Carta.pdf";"3423177";"ok"
"02 Acesso a transmissao e expansao renovavel";"48500.027784/2026-56";"Fiscalização da Transmissão: Análise - Agentes Setoriais";"1";"0463560";"Carta";"22/09/2026";"PROTOCOLO-GERAL";"001_SEI_0463560_Carta.pdf";"247287";"ok"
"02 Acesso a transmissao e expansao renovavel";"48500.005392/2025-55";"Regulação da Geração: Normatização";"1";"0043814";"Carta 85";"07/02/2025";"PROTOCOLO-GERAL";"001_SEI_0043814_Carta_85.pdf";"2703100";"ok"
"02 Acesso a transmissao e expansao renovavel";"48500.005392/2025-55";"Regulação da Geração: Normatização";"2";"0043815";"Voto";"10/02/2025";"PROTOCOLO-GERAL";"002_SEI_0043815_Voto.pdf";"226171";"ok"
"02 Acesso a transmissao e expansao renovavel";"48500.005392/2025-55";"Regulação da Geração: Normatização";"3";"0043816";"Despacho 2303";"20/08/2019";"PROTOCOLO-GERAL";"003_SEI_0043816_Despacho_2303.pdf";"336962";"ok"
"02 Acesso a transmissao e expansao renovavel";"48500.005392/2025-55";"Regulação da Geração: Normatização";"4";"0043817";"E-mail";"31/01/2025";"PROTOCOLO-GERAL";"004_SEI_0043817_E_mail.pdf";"748164";"ok"
"02 Acesso a transmissao e expansao renovavel";"48500.005392/2025-55";"Regulação da Geração: Normatização";"5";"0043818";"Documentação Societária";"10/02/2025";"PROTOCOLO-GERAL";"005_SEI_0043818_Documentacao_Societaria.pdf";"686080";"ok"
"02 Acesso a transmissao e expansao renovavel";"48500.005392/2025-55";"Regulação da Geração: Normatização";"6";"0043819";"Voto";"30/07/2024";"PROTOCOLO-GERAL";"006_SEI_0043819_Voto.pdf";"463970";"ok"
"02 Acesso a transmissao e expansao renovavel";"48500.005392/2025-55";"Regulação da Geração: Normatização";"7";"0047512";"Requerimento de Distribuição de Processo";"14/02/2025";"SGE";"";"";"restrito"
"02 Acesso a transmissao e expansao renovavel";"48500.005392/2025-55";"Regulação da Geração: Normatização";"8";"0048143";"Despacho de Distribuição de Processo";"17/02/2025";"SGE - Sorteio";"008_SEI_0048143_Despacho_de_Distribuicao_de_Processo.html";"67609";"ok"
"02 Acesso a transmissao e expansao renovavel";"48500.005392/2025-55";"Regulação da Geração: Normatização";"9";"0051581";"Memorando 4";"20/02/2025";"DIR - LLS";"";"";"restrito"
"02 Acesso a transmissao e expansao renovavel";"48500.005392/2025-55";"Regulação da Geração: Normatização";"10";"0052273";"Requerimento de Distribuição de Processo";"21/02/2025";"SGE - Sorteio";"010_SEI_0052273_Requerimento_de_Distribuicao_de_Processo.html";"68301";"ok"
"02 Acesso a transmissao e expansao renovavel";"48500.005392/2025-55";"Regulação da Geração: Normatização";"11";"0053175";"Despacho de Distribuição de Processo";"24/02/2025";"SGE - Sorteio";"011_SEI_0053175_Despacho_de_Distribuicao_de_Processo.html";"68246";"ok"
"02 Acesso a transmissao e expansao renovavel";"48500.005392/2025-55";"Regulação da Geração: Normatização";"12";"0071851";"Voto";"21/03/2025";"DIR - AMAC";"012_SEI_0071851_Voto.html";"90376";"ok"
"02 Acesso a transmissao e expansao renovavel";"48500.005392/2025-55";"Regulação da Geração: Normatização";"13";"0071869";"Despacho 772";"21/03/2025";"DIR - AMAC";"013_SEI_0071869_Despacho_772.html";"70180";"ok"
"02 Acesso a transmissao e expansao renovavel";"48500.005392/2025-55";"Regulação da Geração: Normatização";"15";"0081422";"Requerimento de Distribuição de Processo";"04/04/2025";"SGE - Sorteio";"015_SEI_0081422_Requerimento_de_Distribuicao_de_Processo.html";"69450";"ok"
"02 Acesso a transmissao e expansao renovavel";"48500.005392/2025-55";"Regulação da Geração: Normatização";"16";"0082370";"Despacho de Distribuição de Processo";"07/04/2025";"SGE - Sorteio";"016_SEI_0082370_Despacho_de_Distribuicao_de_Processo.html";"69468";"ok"
"02 Acesso a transmissao e expansao renovavel";"48500.005392/2025-55";"Regulação da Geração: Normatização";"17";"0100795";"Memória";"28/04/2025";"ASD - Apoio";"017_SEI_0100795_Memoria.pdf";"1610023";"ok"
"02 Acesso a transmissao e expansao renovavel";"48500.005392/2025-55";"Regulação da Geração: Normatização";"18";"0107056";"Memorando";"08/05/2025";"DIR - AMAC";"018_SEI_0107056_Memorando.pdf";"83083";"ok"
"02 Acesso a transmissao e expansao renovavel";"48500.005392/2025-55";"Regulação da Geração: Normatização";"19";"0154982";"Parecer 140/2025";"16/07/2025";"PROCURADORIA FEDERAL";"019_SEI_0154982_Parecer_140_2025.pdf";"182041";"ok"
"02 Acesso a transmissao e expansao renovavel";"48500.005392/2025-55";"Regulação da Geração: Normatização";"20";"0247864";"Memorando";"26/11/2025";"DIR - AMAC";"020_SEI_0247864_Memorando.pdf";"67195";"ok"
"02 Acesso a transmissao e expansao renovavel";"48500.005392/2025-55";"Regulação da Geração: Normatização";"21";"0274848";"Parecer Jurídico 287";"16/01/2026";"PROCURADORIA FEDERAL";"";"";"restrito"
"02 Acesso a transmissao e expansao renovavel";"48500.005392/2025-55";"Regulação da Geração: Normatização";"22";"0462656";"Requerimento de Inclusão em Pauta";"22/09/2026";"GAB II - AMAC";"022_SEI_0462656_Requerimento_de_Inclusao_em_Pauta.html";"90673";"ok"
"02 Acesso a transmissao e expansao renovavel";"48500.005392/2025-55";"Regulação da Geração: Normatização";"23";"0463660";"Voto";"22/09/2026";"GAB II - AMAC";"023_SEI_0463660_Voto.html";"217856";"ok"
"02 Acesso a transmissao e expansao renovavel";"48500.005392/2025-55";"Regulação da Geração: Normatização";"24";"0463770";"Despacho 3708";"24/09/2026";"GAB II - AMAC";"024_SEI_0463770_Despacho_3708.html";"90477";"ok"
"02 Acesso a transmissao e expansao renovavel";"48500.023897/2026-82";"Regulação da Distribuição: Pleitos sobre Serviços de Distribuição";"1";"0429525";"Carta";"13/08/2026";"PROTOCOLO-GERAL";"001_SEI_0429525_Carta.pdf";"214107";"ok"
"02 Acesso a transmissao e expansao renovavel";"48500.023897/2026-82";"Regulação da Distribuição: Pleitos sobre Serviços de Distribuição";"2";"0429526";"Procuração";"11/08/2026";"PROTOCOLO-GERAL";"002_SEI_0429526_Procuracao.pdf";"450571";"ok"
"02 Acesso a transmissao e expansao renovavel";"48500.023897/2026-82";"Regulação da Distribuição: Pleitos sobre Serviços de Distribuição";"3";"0429527";"Dossiê";"13/08/2026";"PROTOCOLO-GERAL";"003_SEI_0429527_Dossie.zip";"2296707";"ok"
"02 Acesso a transmissao e expansao renovavel";"48500.023897/2026-82";"Regulação da Distribuição: Pleitos sobre Serviços de Distribuição";"4";"0429895";"Requerimento de Distribuição de Processo";"14/08/2026";"SGE -SORTEIO";"004_SEI_0429895_Requerimento_de_Distribuicao_de_Processo.html";"87621";"ok"
"02 Acesso a transmissao e expansao renovavel";"48500.023897/2026-82";"Regulação da Distribuição: Pleitos sobre Serviços de Distribuição";"5";"0430602";"Despacho de Distribuição de Processo";"17/08/2026";"SGE -SORTEIO";"005_SEI_0430602_Despacho_de_Distribuicao_de_Processo.html";"87555";"ok"
"02 Acesso a transmissao e expansao renovavel";"48500.023897/2026-82";"Regulação da Distribuição: Pleitos sobre Serviços de Distribuição";"6";"0462660";"Requerimento de Inclusão em Pauta";"22/09/2026";"GAB II - AMAC";"006_SEI_0462660_Requerimento_de_Inclusao_em_Pauta.html";"87686";"ok"
"02 Acesso a transmissao e expansao renovavel";"48500.023897/2026-82";"Regulação da Distribuição: Pleitos sobre Serviços de Distribuição";"7";"0463835";"Voto";"22/09/2026";"GAB II - AMAC";"007_SEI_0463835_Voto.html";"230203";"ok"
"02 Acesso a transmissao e expansao renovavel";"48500.023897/2026-82";"Regulação da Distribuição: Pleitos sobre Serviços de Distribuição";"8";"0463855";"Despacho 3710";"24/09/2026";"GAB II - AMAC";"008_SEI_0463855_Despacho_3710.html";"87624";"ok"
"02 Acesso a transmissao e expansao renovavel";"48500.023014/2026-34";"Outorga de Geração: Não Hídrica - Alteração de Características Técnicas";"1";"0423169";"Carta";"04/08/2026";"PROTOCOLO-GERAL";"001_SEI_0423169_Carta.pdf";"309156";"ok"
"02 Acesso a transmissao e expansao renovavel";"48500.023014/2026-34";"Outorga de Geração: Não Hídrica - Alteração de Características Técnicas";"2";"0423170";"Certidão";"06/08/2026";"PROTOCOLO-GERAL";"002_SEI_0423170_Certidao.zip";"277217";"ok"
"02 Acesso a transmissao e expansao renovavel";"48500.023014/2026-34";"Outorga de Geração: Não Hídrica - Alteração de Características Técnicas";"3";"0423171";"Organograma";"06/08/2026";"PROTOCOLO-GERAL";"003_SEI_0423171_Organograma.pdf";"125100";"ok"
"02 Acesso a transmissao e expansao renovavel";"48500.023014/2026-34";"Outorga de Geração: Não Hídrica - Alteração de Características Técnicas";"4";"0423172";"Documentação Societária";"06/08/2026";"PROTOCOLO-GERAL";"004_SEI_0423172_Documentacao_Societaria.zip";"1944908";"ok"
"02 Acesso a transmissao e expansao renovavel";"48500.023014/2026-34";"Outorga de Geração: Não Hídrica - Alteração de Características Técnicas";"5";"0423173";"Procuração";"31/03/2026";"PROTOCOLO-GERAL";"005_SEI_0423173_Procuracao.pdf";"520540";"ok"
"02 Acesso a transmissao e expansao renovavel";"48500.023014/2026-34";"Outorga de Geração: Não Hídrica - Alteração de Características Técnicas";"6";"0423174";"Anexo";"06/08/2026";"PROTOCOLO-GERAL";"006_SEI_0423174_Anexo.zip";"2923992";"ok"
"02 Acesso a transmissao e expansao renovavel";"48500.023014/2026-34";"Outorga de Geração: Não Hídrica - Alteração de Características Técnicas";"7";"0423175";"Anexo";"06/08/2026";"PROTOCOLO-GERAL";"007_SEI_0423175_Anexo.zip";"860011";"ok"
"02 Acesso a transmissao e expansao renovavel";"48500.023014/2026-34";"Outorga de Geração: Não Hídrica - Alteração de Características Técnicas";"8";"0423176";"Portaria 320";"16/12/2021";"PROTOCOLO-GERAL";"008_SEI_0423176_Portaria_320.pdf";"470627";"ok"
"02 Acesso a transmissao e expansao renovavel";"48500.023014/2026-34";"Outorga de Geração: Não Hídrica - Alteração de Características Técnicas";"9";"0423177";"Licença";"06/08/2026";"PROTOCOLO-GERAL";"009_SEI_0423177_Licenca.zip";"113139";"ok"
"02 Acesso a transmissao e expansao renovavel";"48500.023014/2026-34";"Outorga de Geração: Não Hídrica - Alteração de Características Técnicas";"10";"0423179";"Contrato";"06/08/2026";"PROTOCOLO-GERAL";"010_SEI_0423179_Contrato.zip";"7834699";"ok"
"02 Acesso a transmissao e expansao renovavel";"48500.023014/2026-34";"Outorga de Geração: Não Hídrica - Alteração de Características Técnicas";"11";"0423180";"Sumário";"06/08/2026";"PROTOCOLO-GERAL";"011_SEI_0423180_Sumario.pdf";"434371";"ok"
"02 Acesso a transmissao e expansao renovavel";"48500.023014/2026-34";"Outorga de Geração: Não Hídrica - Alteração de Características Técnicas";"12";"0423181";"Declaração";"05/08/2026";"PROTOCOLO-GERAL";"012_SEI_0423181_Declaracao.pdf";"697142";"ok"
"02 Acesso a transmissao e expansao renovavel";"48500.023014/2026-34";"Outorga de Geração: Não Hídrica - Alteração de Características Técnicas";"13";"0423182";"Contrato";"08/03/2010";"PROTOCOLO-GERAL";"013_SEI_0423182_Contrato.pdf";"1958138";"ok"
"02 Acesso a transmissao e expansao renovavel";"48500.023014/2026-34";"Outorga de Geração: Não Hídrica - Alteração de Características Técnicas";"14";"0423183";"Despacho";"06/08/2026";"PROTOCOLO-GERAL";"014_SEI_0423183_Despacho.zip";"59299";"ok"
"02 Acesso a transmissao e expansao renovavel";"48500.023014/2026-34";"Outorga de Geração: Não Hídrica - Alteração de Características Técnicas";"15";"0423184";"Portaria";"06/08/2026";"PROTOCOLO-GERAL";"015_SEI_0423184_Portaria.zip";"18059363";"ok"
"02 Acesso a transmissao e expansao renovavel";"48500.023014/2026-34";"Outorga de Geração: Não Hídrica - Alteração de Características Técnicas";"16";"0423185";"Parecer";"02/10/2009";"PROTOCOLO-GERAL";"016_SEI_0423185_Parecer.pdf";"378739";"ok"
"02 Acesso a transmissao e expansao renovavel";"48500.023014/2026-34";"Outorga de Geração: Não Hídrica - Alteração de Características Técnicas";"17";"0451679";"Comprovante";"04/09/2026";"SCE";"017_SEI_0451679_Comprovante.pdf";"128451";"ok"
"02 Acesso a transmissao e expansao renovavel";"48500.023014/2026-34";"Outorga de Geração: Não Hídrica - Alteração de Características Técnicas";"18";"0453125";"E-mail";"08/09/2026";"SCE";"018_SEI_0453125_E_mail.html";"4771";"ok"
"02 Acesso a transmissao e expansao renovavel";"48500.023014/2026-34";"Outorga de Geração: Não Hídrica - Alteração de Características Técnicas";"19";"0462034";"E-mail";"21/09/2026";"SCE";"019_SEI_0462034_E_mail.pdf";"141855";"ok"
"02 Acesso a transmissao e expansao renovavel";"48500.027585/2026-48";"Regulação do Mercado: Definição de Regras e Procedimentos de Comercialização";"1";"0462118";"Carta 33";"21/09/2026";"PROTOCOLO-GERAL";"001_SEI_0462118_Carta_33.pdf";"231452";"ok"
"02 Acesso a transmissao e expansao renovavel";"48500.027646/2026-77";"Outorga de Transmissão: Demais Pleitos sobre Empreendimentos em Implantação";"1";"0462551";"Carta 325";"18/09/2026";"PROTOCOLO-GERAL";"001_SEI_0462551_Carta_325.pdf";"277058";"ok"
"02 Acesso a transmissao e expansao renovavel";"48500.027646/2026-77";"Outorga de Transmissão: Demais Pleitos sobre Empreendimentos em Implantação";"2";"0462552";"Relatório";"21/09/2026";"PROTOCOLO-GERAL";"002_SEI_0462552_Relatorio.pdf";"1691734";"ok"
"02 Acesso a transmissao e expansao renovavel";"48500.027659/2026-46";"Regulação da Transmissão: Pleitos sobre Serviços de Transmissão";"1";"0462628";"Carta";"21/09/2026";"PROTOCOLO-GERAL";"";"";"restrito"
"02 Acesso a transmissao e expansao renovavel";"48500.027659/2026-46";"Regulação da Transmissão: Pleitos sobre Serviços de Transmissão";"2";"0462629";"Carta";"21/09/2026";"PROTOCOLO-GERAL";"002_SEI_0462629_Carta.pdf";"463742";"ok"
"02 Acesso a transmissao e expansao renovavel";"48500.027659/2026-46";"Regulação da Transmissão: Pleitos sobre Serviços de Transmissão";"3";"0462645";"E-mail";"21/09/2026";"PROTOCOLO-GERAL";"003_SEI_0462645_E_mail.html";"2931";"ok"
"02 Acesso a transmissao e expansao renovavel";"48500.027703/2026-18";"Acordos e Convênios: Agências Estaduais";"1";"0462811";"Ofício 1341";"21/09/2026";"PROTOCOLO-GERAL";"001_SEI_0462811_Oficio_1341.pdf";"148587";"ok"
"02 Acesso a transmissao e expansao renovavel";"48500.027703/2026-18";"Acordos e Convênios: Agências Estaduais";"2";"0462812";"Exposição";"20/09/2026";"PROTOCOLO-GERAL";"002_SEI_0462812_Exposicao.pdf";"351662";"ok"
"02 Acesso a transmissao e expansao renovavel";"48500.027703/2026-18";"Acordos e Convênios: Agências Estaduais";"3";"0462813";"E-mail 96022850";"22/09/2026";"PROTOCOLO-GERAL";"003_SEI_0462813_E_mail_96022850.pdf";"54853";"ok"
"02 Acesso a transmissao e expansao renovavel";"48500.010196/2025-01";"Processo Decisório: Pedido de Medida Cautelar (Distribuição)";"1";"0072768";"Carta";"24/03/2025";"PROTOCOLO-GERAL";"001_SEI_0072768_Carta.pdf";"248222";"ok"
"02 Acesso a transmissao e expansao renovavel";"48500.010196/2025-01";"Processo Decisório: Pedido de Medida Cautelar (Distribuição)";"2";"0072769";"CNH";"24/03/2025";"PROTOCOLO-GERAL";"002_SEI_0072769_CNH.pdf";"110089";"ok"
"02 Acesso a transmissao e expansao renovavel";"48500.010196/2025-01";"Processo Decisório: Pedido de Medida Cautelar (Distribuição)";"3";"0072770";"Fatura";"24/03/2025";"PROTOCOLO-GERAL";"003_SEI_0072770_Fatura.pdf";"470410";"ok"
"02 Acesso a transmissao e expansao renovavel";"48500.010196/2025-01";"Processo Decisório: Pedido de Medida Cautelar (Distribuição)";"4";"0072771";"Procuração";"17/03/2025";"PROTOCOLO-GERAL";"004_SEI_0072771_Procuracao.pdf";"139647";"ok"
"02 Acesso a transmissao e expansao renovavel";"48500.010196/2025-01";"Processo Decisório: Pedido de Medida Cautelar (Distribuição)";"5";"0072772";"Carta";"13/01/2025";"PROTOCOLO-GERAL";"005_SEI_0072772_Carta.pdf";"14991";"ok"
"02 Acesso a transmissao e expansao renovavel";"48500.010196/2025-01";"Processo Decisório: Pedido de Medida Cautelar (Distribuição)";"6";"0072773";"Parecer";"16/06/2023";"PROTOCOLO-GERAL";"006_SEI_0072773_Parecer.pdf";"133099";"ok"
"02 Acesso a transmissao e expansao renovavel";"48500.010196/2025-01";"Processo Decisório: Pedido de Medida Cautelar (Distribuição)";"7";"0072774";"Termo";"22/03/2024";"PROTOCOLO-GERAL";"007_SEI_0072774_Termo.pdf";"114463";"ok"
"02 Acesso a transmissao e expansao renovavel";"48500.010196/2025-01";"Processo Decisório: Pedido de Medida Cautelar (Distribuição)";"8";"0072775";"Orçamento";"14/03/2024";"PROTOCOLO-GERAL";"008_SEI_0072775_Orcamento.pdf";"240663";"ok"
"02 Acesso a transmissao e expansao renovavel";"48500.010196/2025-01";"Processo Decisório: Pedido de Medida Cautelar (Distribuição)";"9";"0072776";"Carta 47153";"01/11/2024";"PROTOCOLO-GERAL";"009_SEI_0072776_Carta_47153.pdf";"55834";"ok"
"02 Acesso a transmissao e expansao renovavel";"48500.010196/2025-01";"Processo Decisório: Pedido de Medida Cautelar (Distribuição)";"10";"0072777";"Carta";"30/07/2024";"PROTOCOLO-GERAL";"010_SEI_0072777_Carta.pdf";"63941";"ok"
"02 Acesso a transmissao e expansao renovavel";"48500.010196/2025-01";"Processo Decisório: Pedido de Medida Cautelar (Distribuição)";"11";"0072778";"Contrato 15";"21/01/2025";"PROTOCOLO-GERAL";"011_SEI_0072778_Contrato_15.pdf";"430795";"ok"
"02 Acesso a transmissao e expansao renovavel";"48500.010196/2025-01";"Processo Decisório: Pedido de Medida Cautelar (Distribuição)";"12";"0072779";"Contrato 15";"21/01/2025";"PROTOCOLO-GERAL";"012_SEI_0072779_Contrato_15.pdf";"533888";"ok"
"02 Acesso a transmissao e expansao renovavel";"48500.010196/2025-01";"Processo Decisório: Pedido de Medida Cautelar (Distribuição)";"13";"0072780";"E-mail";"13/02/2025";"PROTOCOLO-GERAL";"013_SEI_0072780_E_mail.pdf";"167651";"ok"
"02 Acesso a transmissao e expansao renovavel";"48500.010196/2025-01";"Processo Decisório: Pedido de Medida Cautelar (Distribuição)";"14";"0072781";"Relatório";"04/02/2025";"PROTOCOLO-GERAL";"014_SEI_0072781_Relatorio.pdf";"1877596";"ok"
"02 Acesso a transmissao e expansao renovavel";"48500.010196/2025-01";"Processo Decisório: Pedido de Medida Cautelar (Distribuição)";"15";"0072782";"Relatório";"04/02/2025";"PROTOCOLO-GERAL";"015_SEI_0072782_Relatorio.pdf";"4441235";"ok"
"02 Acesso a transmissao e expansao renovavel";"48500.010196/2025-01";"Processo Decisório: Pedido de Medida Cautelar (Distribuição)";"16";"0072783";"Relatório";"04/02/2025";"PROTOCOLO-GERAL";"016_SEI_0072783_Relatorio.pdf";"2519731";"ok"
"02 Acesso a transmissao e expansao renovavel";"48500.010196/2025-01";"Processo Decisório: Pedido de Medida Cautelar (Distribuição)";"17";"0072784";"Voto";"19/03/2025";"PROTOCOLO-GERAL";"017_SEI_0072784_Voto.pdf";"525727";"ok"
"02 Acesso a transmissao e expansao renovavel";"48500.010196/2025-01";"Processo Decisório: Pedido de Medida Cautelar (Distribuição)";"18";"0076013";"Requerimento de Distribuição de Processo";"28/03/2025";"SGE - Sorteio";"018_SEI_0076013_Requerimento_de_Distribuicao_de_Processo.html";"68958";"ok"
"02 Acesso a transmissao e expansao renovavel";"48500.010196/2025-01";"Processo Decisório: Pedido de Medida Cautelar (Distribuição)";"19";"0076937";"Despacho de Distribuição de Processo";"31/03/2025";"SGE - Sorteio";"019_SEI_0076937_Despacho_de_Distribuicao_de_Processo.html";"68937";"ok"
"02 Acesso a transmissao e expansao renovavel";"48500.010196/2025-01";"Processo Decisório: Pedido de Medida Cautelar (Distribuição)";"21";"0083312";"Requerimento de Inclusão em Pauta";"09/04/2025";"DIR - RLT";"021_SEI_0083312_Requerimento_de_Inclusao_em_Pauta.html";"69093";"ok"
"02 Acesso a transmissao e expansao renovavel";"48500.010196/2025-01";"Processo Decisório: Pedido de Medida Cautelar (Distribuição)";"22";"0083406";"Voto";"09/04/2025";"DIR - RLT";"022_SEI_0083406_Voto.html";"86320";"ok"
"02 Acesso a transmissao e expansao renovavel";"48500.010196/2025-01";"Processo Decisório: Pedido de Medida Cautelar (Distribuição)";"23";"0083674";"Despacho 1031";"09/04/2025";"DIR - RLT";"023_SEI_0083674_Despacho_1031.html";"71993";"ok"
"02 Acesso a transmissao e expansao renovavel";"48500.010196/2025-01";"Processo Decisório: Pedido de Medida Cautelar (Distribuição)";"24";"0085885";"Confirmação";"10/04/2025";"DIR - RLT";"024_SEI_0085885_Confirmacao.pdf";"211894";"ok"
"02 Acesso a transmissao e expansao renovavel";"48500.010196/2025-01";"Processo Decisório: Pedido de Medida Cautelar (Distribuição)";"25";"0087890";"Extrato da Decisão da Diretoria";"17/04/2025";"SGE - Publicação";"025_SEI_0087890_Extrato_da_Decisao_da_Diretoria.html";"70905";"ok"
"02 Acesso a transmissao e expansao renovavel";"48500.010196/2025-01";"Processo Decisório: Pedido de Medida Cautelar (Distribuição)";"26";"0227485";"Nota Técnica 133";"29/10/2025";"STD";"026_SEI_0227485_Nota_Tecnica_133.html";"183834";"ok"
"02 Acesso a transmissao e expansao renovavel";"48500.010196/2025-01";"Processo Decisório: Pedido de Medida Cautelar (Distribuição)";"27";"0241978";"Despacho 3444";"21/11/2025";"STD";"027_SEI_0241978_Despacho_3444.html";"72020";"ok"
"02 Acesso a transmissao e expansao renovavel";"48500.010196/2025-01";"Processo Decisório: Pedido de Medida Cautelar (Distribuição)";"28";"0248303";"Publicação";"24/11/2025";"STD";"028_SEI_0248303_Publicacao.pdf";"74163";"ok"
"02 Acesso a transmissao e expansao renovavel";"48500.010196/2025-01";"Processo Decisório: Pedido de Medida Cautelar (Distribuição)";"29";"48500.036931/2025-06";"Processo Externo - Pendente de Classificação pela Unidade Destinatária";"04/12/2025";"PROTOCOLO-GERAL";"";"";"restrito"
"02 Acesso a transmissao e expansao renovavel";"48500.010196/2025-01";"Processo Decisório: Pedido de Medida Cautelar (Distribuição)";"30";"0253580";"Requerimento de Distribuição de Processo";"05/12/2025";"SGE -SORTEIO";"030_SEI_0253580_Requerimento_de_Distribuicao_de_Processo.html";"71454";"ok"
"02 Acesso a transmissao e expansao renovavel";"48500.010196/2025-01";"Processo Decisório: Pedido de Medida Cautelar (Distribuição)";"31";"0254399";"Despacho de Distribuição de Processo";"08/12/2025";"SGE -SORTEIO";"031_SEI_0254399_Despacho_de_Distribuicao_de_Processo.html";"71412";"ok"
"02 Acesso a transmissao e expansao renovavel";"48500.010196/2025-01";"Processo Decisório: Pedido de Medida Cautelar (Distribuição)";"32";"0308985";"Memorando 12";"16/03/2026";"DIR - FLMFS";"032_SEI_0308985_Memorando_12.html";"90024";"ok"
"02 Acesso a transmissao e expansao renovavel";"48500.010196/2025-01";"Processo Decisório: Pedido de Medida Cautelar (Distribuição)";"33";"0349154";"Ofício Nº 00915";"08/05/2026";"PROCURADORIA FEDERAL";"";"";"restrito"
"02 Acesso a transmissao e expansao renovavel";"48500.010196/2025-01";"Processo Decisório: Pedido de Medida Cautelar (Distribuição)";"34";"0349155";"Anexo";"08/05/2026";"PROCURADORIA FEDERAL";"";"";"restrito"
"02 Acesso a transmissao e expansao renovavel";"48500.010196/2025-01";"Processo Decisório: Pedido de Medida Cautelar (Distribuição)";"35";"0366860";"Comprovante";"26/05/2026";"PROTOCOLO-GERAL";"035_SEI_0366860_Comprovante.pdf";"490845";"ok"
"02 Acesso a transmissao e expansao renovavel";"48500.010196/2025-01";"Processo Decisório: Pedido de Medida Cautelar (Distribuição)";"37";"0401748";"Despacho de Mero Expediente 7";"08/07/2026";"GAB III - FLMFS";"037_SEI_0401748_Despacho_de_Mero_Expediente_7.html";"94334";"ok"
"02 Acesso a transmissao e expansao renovavel";"48500.010196/2025-01";"Processo Decisório: Pedido de Medida Cautelar (Distribuição)";"38";"0404610";"Despacho de Distribuição de Processo";"13/07/2026";"SGE -SORTEIO";"038_SEI_0404610_Despacho_de_Distribuicao_de_Processo.html";"88157";"ok"
"02 Acesso a transmissao e expansao renovavel";"48500.010196/2025-01";"Processo Decisório: Pedido de Medida Cautelar (Distribuição)";"39";"0416447";"Requerimento de Inclusão em Pauta";"30/07/2026";"GAB IV - GNSJ";"039_SEI_0416447_Requerimento_de_Inclusao_em_Pauta.html";"88040";"ok"
"02 Acesso a transmissao e expansao renovavel";"48500.010196/2025-01";"Processo Decisório: Pedido de Medida Cautelar (Distribuição)";"40";"0417519";"Extrato da Decisão da Diretoria";"29/07/2026";"SGE - PUBLICAÇÃO";"040_SEI_0417519_Extrato_da_Decisao_da_Diretoria.html";"88669";"ok"
"02 Acesso a transmissao e expansao renovavel";"48500.010196/2025-01";"Processo Decisório: Pedido de Medida Cautelar (Distribuição)";"41";"0418186";"E-mail";"30/07/2026";"GAB IV - GNSJ";"041_SEI_0418186_E_mail.pdf";"829195";"ok"
"02 Acesso a transmissao e expansao renovavel";"48500.010196/2025-01";"Processo Decisório: Pedido de Medida Cautelar (Distribuição)";"43";"0423694";"Memória";"29/07/2026";"GAB - APOIO";"043_SEI_0423694_Memoria.pdf";"225211";"ok"
"02 Acesso a transmissao e expansao renovavel";"48500.010196/2025-01";"Processo Decisório: Pedido de Medida Cautelar (Distribuição)";"44";"0427445";"Memorando 80";"11/08/2026";"GAB IV - GNSJ";"044_SEI_0427445_Memorando_80.html";"90676";"ok"
"02 Acesso a transmissao e expansao renovavel";"48500.010196/2025-01";"Processo Decisório: Pedido de Medida Cautelar (Distribuição)";"45";"0461294";"Memorando 429";"21/09/2026";"STD";"045_SEI_0461294_Memorando_429.html";"94416";"ok"
"02 Acesso a transmissao e expansao renovavel";"48500.027467/2026-30";"Fiscalização da Geração: Análise - Implantação";"1";"0461253";"Carta N° 043/2026 - Solicitação de Liberação para";"17/09/2026";"PROTOCOLO-GERAL";"001_SEI_0461253_Carta_N_043_2026_Solicitacao_de_Liberacao_para.pdf";"371972";"ok"
"02 Acesso a transmissao e expansao renovavel";"48500.027467/2026-30";"Fiscalização da Geração: Análise - Implantação";"2";"0461254";"Declaração N° 60/2026 - Atendimento aos Requisitos dos";"18/09/2026";"PROTOCOLO-GERAL";"002_SEI_0461254_Declaracao_N_60_2026_Atendimento_aos_Requisitos_do.pdf";"199719";"ok"
"02 Acesso a transmissao e expansao renovavel";"48500.027467/2026-30";"Fiscalização da Geração: Análise - Implantação";"3";"0461255";"Contrato de Uso do Sistema de Transmissão";"15/05/2023";"PROTOCOLO-GERAL";"003_SEI_0461255_Contrato_de_Uso_do_Sistema_de_Transmissao.pdf";"464202";"ok"
"02 Acesso a transmissao e expansao renovavel";"48500.027467/2026-30";"Fiscalização da Geração: Análise - Implantação";"4";"0461256";"Termo Aditivo N.º 141/2023 - Contrato de Uso do Sistema";"12/11/2024";"PROTOCOLO-GERAL";"004_SEI_0461256_Termo_Aditivo_N_141_2023_Contrato_de_Uso_do_Sistem.pdf";"262220";"ok"
"02 Acesso a transmissao e expansao renovavel";"48500.027467/2026-30";"Fiscalização da Geração: Análise - Implantação";"5";"0461257";"Termo Aditivo N.º 141/2023 - Contrato de Uso do Sistema de";"05/12/2024";"PROTOCOLO-GERAL";"005_SEI_0461257_Termo_Aditivo_N_141_2023_Contrato_de_Uso_do_Sistem.pdf";"209987";"ok"
"02 Acesso a transmissao e expansao renovavel";"48500.027467/2026-30";"Fiscalização da Geração: Análise - Implantação";"6";"0461258";"Contrato N° 002/2024 - Conexão ao";"29/01/2025";"PROTOCOLO-GERAL";"006_SEI_0461258_Contrato_N_002_2024_Conexao_ao.pdf";"1484779";"ok"
"02 Acesso a transmissao e expansao renovavel";"48500.027467/2026-30";"Fiscalização da Geração: Análise - Implantação";"7";"0461259";"Contrato N° 002/2024 - Conexão ao";"18/09/2026";"PROTOCOLO-GERAL";"007_SEI_0461259_Contrato_N_002_2024_Conexao_ao.pdf";"1407827";"ok"
"02 Acesso a transmissao e expansao renovavel";"48500.027467/2026-30";"Fiscalização da Geração: Análise - Implantação";"8";"0461260";"Licença";"18/09/2026";"PROTOCOLO-GERAL";"008_SEI_0461260_Licenca.pdf";"117389";"ok"
"02 Acesso a transmissao e expansao renovavel";"48500.027467/2026-30";"Fiscalização da Geração: Análise - Implantação";"9";"0461261";"Relatório";"18/09/2026";"PROTOCOLO-GERAL";"009_SEI_0461261_Relatorio.pdf";"2681740";"ok"
"02 Acesso a transmissao e expansao renovavel";"48500.027467/2026-30";"Fiscalização da Geração: Análise - Implantação";"10";"0463424";"Despacho 3699";"22/09/2026";"SFT";"010_SEI_0463424_Despacho_3699.html";"87829";"ok"
"02 Acesso a transmissao e expansao renovavel";"48500.027494/2026-11";"Regulação da Distribuição: Pleitos sobre Serviços de Distribuição";"1";"0461437";"Carta 13 Reconhecimento de Custos Associados ao Processo";"18/09/2026";"PROTOCOLO-GERAL";"001_SEI_0461437_Carta_13_Reconhecimento_de_Custos_Associados_ao_Pr.pdf";"384685";"ok"
"02 Acesso a transmissao e expansao renovavel";"48500.027494/2026-11";"Regulação da Distribuição: Pleitos sobre Serviços de Distribuição";"2";"0461439";"Estudo";"18/09/2026";"PROTOCOLO-GERAL";"002_SEI_0461439_Estudo.pdf";"14250993";"ok"
"02 Acesso a transmissao e expansao renovavel";"48500.027387/2026-84";"Outorga de Geração: Não Hídrica - Revogação de Autorizações";"1";"0460701";"Carta";"15/09/2026";"PROTOCOLO-GERAL";"001_SEI_0460701_Carta.pdf";"266079";"ok"
"02 Acesso a transmissao e expansao renovavel";"48500.027387/2026-84";"Outorga de Geração: Não Hídrica - Revogação de Autorizações";"2";"0460702";"Despacho";"16/08/2023";"PROTOCOLO-GERAL";"002_SEI_0460702_Despacho.pdf";"193878";"ok"
"02 Acesso a transmissao e expansao renovavel";"48500.027387/2026-84";"Outorga de Geração: Não Hídrica - Revogação de Autorizações";"3";"0460703";"Despacho";"16/08/2023";"PROTOCOLO-GERAL";"003_SEI_0460703_Despacho.pdf";"182364";"ok"
"02 Acesso a transmissao e expansao renovavel";"48500.027387/2026-84";"Outorga de Geração: Não Hídrica - Revogação de Autorizações";"4";"0460704";"Despacho";"16/08/2023";"PROTOCOLO-GERAL";"004_SEI_0460704_Despacho.pdf";"182484";"ok"
"02 Acesso a transmissao e expansao renovavel";"48500.027387/2026-84";"Outorga de Geração: Não Hídrica - Revogação de Autorizações";"5";"0460705";"Despacho";"16/08/2023";"PROTOCOLO-GERAL";"005_SEI_0460705_Despacho.pdf";"136141";"ok"
"02 Acesso a transmissao e expansao renovavel";"48500.027387/2026-84";"Outorga de Geração: Não Hídrica - Revogação de Autorizações";"6";"0460706";"Relatório";"17/09/2026";"PROTOCOLO-GERAL";"006_SEI_0460706_Relatorio.pdf";"1050177";"ok"
"02 Acesso a transmissao e expansao renovavel";"48500.027387/2026-84";"Outorga de Geração: Não Hídrica - Revogação de Autorizações";"7";"0460707";"Parecer";"17/09/2026";"PROTOCOLO-GERAL";"007_SEI_0460707_Parecer.pdf";"236515";"ok"
"02 Acesso a transmissao e expansao renovavel";"48500.027387/2026-84";"Outorga de Geração: Não Hídrica - Revogação de Autorizações";"8";"0460708";"Relatório";"17/09/2026";"PROTOCOLO-GERAL";"008_SEI_0460708_Relatorio.pdf";"1070388";"ok"
"02 Acesso a transmissao e expansao renovavel";"48500.027387/2026-84";"Outorga de Geração: Não Hídrica - Revogação de Autorizações";"9";"0460709";"Relatório";"17/09/2026";"PROTOCOLO-GERAL";"009_SEI_0460709_Relatorio.pdf";"6118262";"ok"
"02 Acesso a transmissao e expansao renovavel";"48500.027387/2026-84";"Outorga de Geração: Não Hídrica - Revogação de Autorizações";"10";"0460710";"Plano";"17/09/2026";"PROTOCOLO-GERAL";"010_SEI_0460710_Plano.pdf";"15239396";"ok"
"02 Acesso a transmissao e expansao renovavel";"48500.027383/2026-04";"Regulação da Geração: Demais pleitos sobre Serviços de Geração";"1";"0460678";"Carta 20";"17/09/2026";"PROTOCOLO-GERAL";"001_SEI_0460678_Carta_20.pdf";"708533";"ok"
"02 Acesso a transmissao e expansao renovavel";"48500.027186/2026-87";"Regulação da Distribuição: Pleitos sobre Serviços de Distribuição";"1";"0459075";"Carta";"16/09/2026";"PROTOCOLO-GERAL";"001_SEI_0459075_Carta.pdf";"384408";"ok"
"02 Acesso a transmissao e expansao renovavel";"48500.901582/2024-12";"Regulação da Transmissão: Pleitos sobre Serviços de Transmissão";"1";"0001837";"Termo de Migração";"17/01/2025";"STD";"001_SEI_0001837_Termo_de_Migracao.html";"59716";"ok"
"02 Acesso a transmissao e expansao renovavel";"48500.901582/2024-12";"Regulação da Transmissão: Pleitos sobre Serviços de Transmissão";"4";"0042700";"Nota Técnica 23";"11/02/2025";"STD";"004_SEI_0042700_Nota_Tecnica_23.html";"572680";"ok"
"02 Acesso a transmissao e expansao renovavel";"48500.901582/2024-12";"Regulação da Transmissão: Pleitos sobre Serviços de Transmissão";"5";"0043452";"Despacho 380";"12/02/2025";"STD";"005_SEI_0043452_Despacho_380.html";"81540";"ok"
"02 Acesso a transmissao e expansao renovavel";"48500.901582/2024-12";"Regulação da Transmissão: Pleitos sobre Serviços de Transmissão";"6";"0050304";"Despacho 380";"11/02/2025";"STD";"006_SEI_0050304_Despacho_380.pdf";"71127";"ok"
"02 Acesso a transmissao e expansao renovavel";"48500.901582/2024-12";"Regulação da Transmissão: Pleitos sobre Serviços de Transmissão";"7";"0051930";"Recibo";"19/02/2025";"STD";"007_SEI_0051930_Recibo.pdf";"57475";"ok"
"02 Acesso a transmissao e expansao renovavel";"48500.901582/2024-12";"Regulação da Transmissão: Pleitos sobre Serviços de Transmissão";"8";"48500.007554/2025-90";"Regulação da Transmissão: Pleitos sobre Serviços de Transmissão";"26/02/2025";"PROTOCOLO-GERAL";"";"";"restrito"
"02 Acesso a transmissao e expansao renovavel";"48500.901582/2024-12";"Regulação da Transmissão: Pleitos sobre Serviços de Transmissão";"9";"0061845";"Decisão";"11/03/2025";"GDG";"";"";"restrito"
"02 Acesso a transmissao e expansao renovavel";"48500.901582/2024-12";"Regulação da Transmissão: Pleitos sobre Serviços de Transmissão";"10";"0061857";"Despacho 609";"11/03/2025";"GDG";"";"";"restrito"
"02 Acesso a transmissao e expansao renovavel";"48500.901582/2024-12";"Regulação da Transmissão: Pleitos sobre Serviços de Transmissão";"11";"0078120";"Despacho";"06/03/2025";"STD";"011_SEI_0078120_Despacho.pdf";"74398";"ok"
"02 Acesso a transmissao e expansao renovavel";"48500.901582/2024-12";"Regulação da Transmissão: Pleitos sobre Serviços de Transmissão";"12";"0078126";"Anexo";"06/03/2025";"STD";"012_SEI_0078126_Anexo.pdf";"143554";"ok"
"02 Acesso a transmissao e expansao renovavel";"48500.901582/2024-12";"Regulação da Transmissão: Pleitos sobre Serviços de Transmissão";"14";"0453024";"Registro de Reunião 29";"08/09/2026";"STD";"014_SEI_0453024_Registro_de_Reuniao_29.html";"95684";"ok"
"02 Acesso a transmissao e expansao renovavel";"48500.901582/2024-12";"Regulação da Transmissão: Pleitos sobre Serviços de Transmissão";"15";"0453091";"Registro de Reunião 30";"08/09/2026";"STD";"015_SEI_0453091_Registro_de_Reuniao_30.html";"95250";"ok"
"02 Acesso a transmissao e expansao renovavel";"48500.901582/2024-12";"Regulação da Transmissão: Pleitos sobre Serviços de Transmissão";"17";"0459485";"Nota Técnica 154";"16/09/2026";"STD";"017_SEI_0459485_Nota_Tecnica_154.html";"435766";"ok"
"02 Acesso a transmissao e expansao renovavel";"48500.901582/2024-12";"Regulação da Transmissão: Pleitos sobre Serviços de Transmissão";"18";"0460288";"Requerimento de Distribuição de Processo";"17/09/2026";"STD";"018_SEI_0460288_Requerimento_de_Distribuicao_de_Processo.html";"89229";"ok"
"02 Acesso a transmissao e expansao renovavel";"48500.901582/2024-12";"Regulação da Transmissão: Pleitos sobre Serviços de Transmissão";"19";"0461871";"Despacho de Distribuição de Processo";"21/09/2026";"SGE -SORTEIO";"019_SEI_0461871_Despacho_de_Distribuicao_de_Processo.html";"87885";"ok"
"02 Acesso a transmissao e expansao renovavel";"48500.025898/2026-61";"Regulação da Distribuição: Pleitos sobre Serviços de Distribuição";"1";"0449580";"Carta";"02/09/2026";"PROTOCOLO-GERAL";"001_SEI_0449580_Carta.pdf";"38179";"ok"
"02 Acesso a transmissao e expansao renovavel";"48500.025898/2026-61";"Regulação da Distribuição: Pleitos sobre Serviços de Distribuição";"2";"0449581";"Documento - Orçamento de Conexão";"02/09/2026";"PROTOCOLO-GERAL";"002_SEI_0449581_Documento_Orcamento_de_Conexao.pdf";"190049";"ok"
"02 Acesso a transmissao e expansao renovavel";"48500.025898/2026-61";"Regulação da Distribuição: Pleitos sobre Serviços de Distribuição";"3";"0449582";"Documento - Relacionamento Operacional";"02/09/2026";"PROTOCOLO-GERAL";"003_SEI_0449582_Documento_Relacionamento_Operacional.pdf";"299827";"ok"
"02 Acesso a transmissao e expansao renovavel";"48500.025898/2026-61";"Regulação da Distribuição: Pleitos sobre Serviços de Distribuição";"4";"0449583";"Termo de Transferência de Cessão";"02/09/2026";"PROTOCOLO-GERAL";"004_SEI_0449583_Termo_de_Transferencia_de_Cessao.pdf";"3840939";"ok"
"02 Acesso a transmissao e expansao renovavel";"48500.025898/2026-61";"Regulação da Distribuição: Pleitos sobre Serviços de Distribuição";"5";"0449584";"Declaração";"02/09/2026";"PROTOCOLO-GERAL";"005_SEI_0449584_Declaracao.pdf";"164404";"ok"
"02 Acesso a transmissao e expansao renovavel";"48500.025898/2026-61";"Regulação da Distribuição: Pleitos sobre Serviços de Distribuição";"6";"0449585";"Documento Cálculo e Parâmetros Preliminares de";"02/09/2026";"PROTOCOLO-GERAL";"006_SEI_0449585_Documento_Calculo_e_Parametros_Preliminares_de.pdf";"255008";"ok"
"02 Acesso a transmissao e expansao renovavel";"48500.025898/2026-61";"Regulação da Distribuição: Pleitos sobre Serviços de Distribuição";"7";"0449586";"Ofício N° 280/2026";"02/09/2026";"PROTOCOLO-GERAL";"007_SEI_0449586_Oficio_N_280_2026.pdf";"159552";"ok"
"02 Acesso a transmissao e expansao renovavel";"48500.025898/2026-61";"Regulação da Distribuição: Pleitos sobre Serviços de Distribuição";"8";"0450957";"Requerimento de Distribuição de Processo";"04/09/2026";"SGE -SORTEIO";"008_SEI_0450957_Requerimento_de_Distribuicao_de_Processo.html";"87579";"ok"
"02 Acesso a transmissao e expansao renovavel";"48500.025898/2026-61";"Regulação da Distribuição: Pleitos sobre Serviços de Distribuição";"9";"0452052";"Despacho de Distribuição de Processo";"08/09/2026";"SGE -SORTEIO";"009_SEI_0452052_Despacho_de_Distribuicao_de_Processo.html";"87525";"ok"
"02 Acesso a transmissao e expansao renovavel";"48500.025898/2026-61";"Regulação da Distribuição: Pleitos sobre Serviços de Distribuição";"10";"0458190";"Requerimento de Inclusão em Pauta";"17/09/2026";"GAB III - LLS";"010_SEI_0458190_Requerimento_de_Inclusao_em_Pauta.html";"87582";"ok"
"02 Acesso a transmissao e expansao renovavel";"48500.025898/2026-61";"Regulação da Distribuição: Pleitos sobre Serviços de Distribuição";"11";"0459106";"Voto";"17/09/2026";"GAB III - LLS";"011_SEI_0459106_Voto.html";"102861";"ok"
"02 Acesso a transmissao e expansao renovavel";"48500.025898/2026-61";"Regulação da Distribuição: Pleitos sobre Serviços de Distribuição";"12";"0459112";"Despacho 3629";"17/09/2026";"GAB III - LLS";"012_SEI_0459112_Despacho_3629.html";"116112";"ok"
"02 Acesso a transmissao e expansao renovavel";"48500.025898/2026-61";"Regulação da Distribuição: Pleitos sobre Serviços de Distribuição";"13";"0462064";"Extrato da Decisão da Diretoria";"21/09/2026";"SGE - PUBLICAÇÃO";"013_SEI_0462064_Extrato_da_Decisao_da_Diretoria.html";"88818";"ok"
"02 Acesso a transmissao e expansao renovavel";"48500.019828/2026-74";"Outorga de Transmissão: Demais Pleitos sobre Empreendimentos em Implantação";"1";"0401812";"Carta 232";"08/07/2026";"PROTOCOLO-GERAL";"001_SEI_0401812_Carta_232.pdf";"452530";"ok"
"02 Acesso a transmissao e expansao renovavel";"48500.019828/2026-74";"Outorga de Transmissão: Demais Pleitos sobre Empreendimentos em Implantação";"2";"0401813";"Parecer";"08/06/2026";"PROTOCOLO-GERAL";"002_SEI_0401813_Parecer.pdf";"1691734";"ok"
"02 Acesso a transmissao e expansao renovavel";"48500.019828/2026-74";"Outorga de Transmissão: Demais Pleitos sobre Empreendimentos em Implantação";"3";"0401814";"Cronograma";"08/07/2026";"PROTOCOLO-GERAL";"003_SEI_0401814_Cronograma.pdf";"583680";"ok"
"02 Acesso a transmissao e expansao renovavel";"48500.019828/2026-74";"Outorga de Transmissão: Demais Pleitos sobre Empreendimentos em Implantação";"4";"0401815";"Diagrama";"08/07/2026";"PROTOCOLO-GERAL";"004_SEI_0401815_Diagrama.pdf";"304653";"ok"
"02 Acesso a transmissao e expansao renovavel";"48500.019828/2026-74";"Outorga de Transmissão: Demais Pleitos sobre Empreendimentos em Implantação";"5";"0417016";"Ofício 556";"31/07/2026";"SCE";"005_SEI_0417016_Oficio_556.html";"89970";"ok"
"02 Acesso a transmissao e expansao renovavel";"48500.019828/2026-74";"Outorga de Transmissão: Demais Pleitos sobre Empreendimentos em Implantação";"6";"0420592";"Recibo";"03/08/2026";"SCE";"006_SEI_0420592_Recibo.pdf";"917588";"ok"
"02 Acesso a transmissao e expansao renovavel";"48500.019828/2026-74";"Outorga de Transmissão: Demais Pleitos sobre Empreendimentos em Implantação";"8";"0459134";"Nota Técnica 1432";"19/09/2026";"SCE";"008_SEI_0459134_Nota_Tecnica_1432.html";"451591";"ok"
"02 Acesso a transmissao e expansao renovavel";"48500.019828/2026-74";"Outorga de Transmissão: Demais Pleitos sobre Empreendimentos em Implantação";"9";"0459241";"Despacho 3634";"19/09/2026";"SCE";"009_SEI_0459241_Despacho_3634.html";"130327";"ok"
"02 Acesso a transmissao e expansao renovavel";"48500.019828/2026-74";"Outorga de Transmissão: Demais Pleitos sobre Empreendimentos em Implantação";"11";"0463213";"Despacho";"22/09/2026";"SCE";"011_SEI_0463213_Despacho.pdf";"37076";"ok"
"02 Acesso a transmissao e expansao renovavel";"48500.019828/2026-74";"Outorga de Transmissão: Demais Pleitos sobre Empreendimentos em Implantação";"12";"0464942";"Termo de Arquivamento";"23/09/2026";"SCE";"012_SEI_0464942_Termo_de_Arquivamento.html";"86674";"ok"
"02 Acesso a transmissao e expansao renovavel";"48500.027197/2026-67";"Outorga de Geração: Transferência de Titularidade";"1";"0459165";"Carta";"16/09/2026";"PROTOCOLO-GERAL";"001_SEI_0459165_Carta.pdf";"453057";"ok"
"02 Acesso a transmissao e expansao renovavel";"48500.027197/2026-67";"Outorga de Geração: Transferência de Titularidade";"2";"0459166";"Procuração";"17/08/2026";"PROTOCOLO-GERAL";"002_SEI_0459166_Procuracao.pdf";"4558859";"ok"
"02 Acesso a transmissao e expansao renovavel";"48500.027197/2026-67";"Outorga de Geração: Transferência de Titularidade";"3";"0459167";"Certidão";"16/09/2026";"PROTOCOLO-GERAL";"003_SEI_0459167_Certidao.zip";"314997";"ok"
"02 Acesso a transmissao e expansao renovavel";"48500.027197/2026-67";"Outorga de Geração: Transferência de Titularidade";"4";"0459168";"Certidão";"16/09/2026";"PROTOCOLO-GERAL";"004_SEI_0459168_Certidao.zip";"1057065";"ok"
"02 Acesso a transmissao e expansao renovavel";"48500.027101/2026-61";"Regulação da Transmissão: Pleitos sobre Serviços de Transmissão";"1";"0458181";"Carta Migração de Regime de Acesso";"15/09/2026";"PROTOCOLO-GERAL";"001_SEI_0458181_Carta_Migracao_de_Regime_de_Acesso.pdf";"5098386";"ok"
"02 Acesso a transmissao e expansao renovavel";"48500.002923/2026-39";"Fiscalização da Transmissão: Análise - Agentes Setoriais";"1";"0286348";"Registro de Reunião 5";"05/02/2026";"SFT";"001_SEI_0286348_Registro_de_Reuniao_5.html";"78259";"ok"
"02 Acesso a transmissao e expansao renovavel";"48500.002923/2026-39";"Fiscalização da Transmissão: Análise - Agentes Setoriais";"2";"0286139";"Lista de Presença -";"04/02/2026";"SFT";"002_SEI_0286139_Lista_de_Presenca.pdf";"355639";"ok"
"02 Acesso a transmissao e expansao renovavel";"48500.002923/2026-39";"Fiscalização da Transmissão: Análise - Agentes Setoriais";"3";"0325981";"E-mail Cronograma para implantação das correções da LT";"06/04/2026";"SFT";"003_SEI_0325981_E_mail_Cronograma_para_implantacao_das_correcoes_d.pdf";"71041";"ok"
"02 Acesso a transmissao e expansao renovavel";"48500.002923/2026-39";"Fiscalização da Transmissão: Análise - Agentes Setoriais";"5";"0345711";"Ofício Conjunto 4";"05/05/2026";"SFT";"005_SEI_0345711_Oficio_Conjunto_4.html";"106550";"ok"
"02 Acesso a transmissao e expansao renovavel";"48500.002923/2026-39";"Fiscalização da Transmissão: Análise - Agentes Setoriais";"6";"0347290";"Recibo Registrado -";"07/05/2026";"SFT";"006_SEI_0347290_Recibo_Registrado.pdf";"9234862";"ok"
"02 Acesso a transmissao e expansao renovavel";"48500.002923/2026-39";"Fiscalização da Transmissão: Análise - Agentes Setoriais";"7";"0350002";"Recibo Registrado -";"11/05/2026";"SFT";"007_SEI_0350002_Recibo_Registrado.pdf";"380566";"ok"
"02 Acesso a transmissao e expansao renovavel";"48500.002923/2026-39";"Fiscalização da Transmissão: Análise - Agentes Setoriais";"9";"0367427";"Ofício Conjunto 5";"27/05/2026";"SFT";"009_SEI_0367427_Oficio_Conjunto_5.html";"116592";"ok"
"02 Acesso a transmissao e expansao renovavel";"48500.002923/2026-39";"Fiscalização da Transmissão: Análise - Agentes Setoriais";"10";"0369645";"Recibo Registrado -";"29/05/2026";"SFT";"010_SEI_0369645_Recibo_Registrado.pdf";"2489942";"ok"
"02 Acesso a transmissao e expansao renovavel";"48500.002923/2026-39";"Fiscalização da Transmissão: Análise - Agentes Setoriais";"11";"0408148";"Ofício Conjunto 7";"16/07/2026";"SFT";"011_SEI_0408148_Oficio_Conjunto_7.html";"116836";"ok"
"02 Acesso a transmissao e expansao renovavel";"48500.002923/2026-39";"Fiscalização da Transmissão: Análise - Agentes Setoriais";"12";"0416010";"Recibo do";"27/07/2026";"SFT";"012_SEI_0416010_Recibo_do.pdf";"2323969";"ok"
"02 Acesso a transmissao e expansao renovavel";"48500.002923/2026-39";"Fiscalização da Transmissão: Análise - Agentes Setoriais";"14";"0453122";"Ofício 902";"08/09/2026";"SFT";"014_SEI_0453122_Oficio_902.html";"92410";"ok"
"02 Acesso a transmissao e expansao renovavel";"48500.002923/2026-39";"Fiscalização da Transmissão: Análise - Agentes Setoriais";"15";"0455984";"Recibo do";"11/09/2026";"SFT";"015_SEI_0455984_Recibo_do.pdf";"7999404";"ok"
"02 Acesso a transmissao e expansao renovavel";"48500.002923/2026-39";"Fiscalização da Transmissão: Análise - Agentes Setoriais";"16";"0458710";"Ofício 939";"15/09/2026";"SFT";"016_SEI_0458710_Oficio_939.html";"99629";"ok"
"02 Acesso a transmissao e expansao renovavel";"48500.002923/2026-39";"Fiscalização da Transmissão: Análise - Agentes Setoriais";"17";"0460915";"Recibo Registrado -";"18/09/2026";"SFT";"017_SEI_0460915_Recibo_Registrado.pdf";"9327494";"ok"
"02 Acesso a transmissao e expansao renovavel";"48500.027279/2026-10";"Fiscalização da Transmissão: Acompanhamento Diferenciado de Empreendimentos";"1";"0459952";"Carta 208";"15/09/2026";"PROTOCOLO-GERAL";"001_SEI_0459952_Carta_208.pdf";"3099921";"ok"
"02 Acesso a transmissao e expansao renovavel";"48500.027122/2026-86";"Regulação da Transmissão: Pleitos sobre Serviços de Transmissão";"1";"0458399";"Carta";"02/09/2026";"PROTOCOLO-GERAL";"001_SEI_0458399_Carta.pdf";"4023324";"ok"
"02 Acesso a transmissao e expansao renovavel";"48500.027122/2026-86";"Regulação da Transmissão: Pleitos sobre Serviços de Transmissão";"2";"0458400";"Relatório 135";"15/09/2026";"PROTOCOLO-GERAL";"002_SEI_0458400_Relatorio_135.pdf";"2152696";"ok"
"02 Acesso a transmissao e expansao renovavel";"48500.027122/2026-86";"Regulação da Transmissão: Pleitos sobre Serviços de Transmissão";"3";"0458401";"Informação";"15/09/2026";"PROTOCOLO-GERAL";"003_SEI_0458401_Informacao.pdf";"109404";"ok"
"02 Acesso a transmissao e expansao renovavel";"48500.027122/2026-86";"Regulação da Transmissão: Pleitos sobre Serviços de Transmissão";"4";"0458402";"Carta";"20/06/2023";"PROTOCOLO-GERAL";"004_SEI_0458402_Carta.pdf";"2027214";"ok"
"02 Acesso a transmissao e expansao renovavel";"48500.027122/2026-86";"Regulação da Transmissão: Pleitos sobre Serviços de Transmissão";"5";"0458403";"Carta";"07/06/2023";"PROTOCOLO-GERAL";"005_SEI_0458403_Carta.pdf";"228994";"ok"
"02 Acesso a transmissao e expansao renovavel";"48500.027122/2026-86";"Regulação da Transmissão: Pleitos sobre Serviços de Transmissão";"6";"0458404";"Ofício";"21/08/2023";"PROTOCOLO-GERAL";"006_SEI_0458404_Oficio.pdf";"343449";"ok"
"02 Acesso a transmissao e expansao renovavel";"48500.027122/2026-86";"Regulação da Transmissão: Pleitos sobre Serviços de Transmissão";"7";"0458405";"Despacho 3920";"29/12/2025";"PROTOCOLO-GERAL";"007_SEI_0458405_Despacho_3920.pdf";"27535";"ok"
"02 Acesso a transmissao e expansao renovavel";"48500.027518/2026-23";"Outorga de Geração: Transferência de Titularidade";"1";"0461554";"Carta 54";"15/09/2026";"PROTOCOLO-GERAL";"001_SEI_0461554_Carta_54.pdf";"414158";"ok"
"02 Acesso a transmissao e expansao renovavel";"48500.027518/2026-23";"Outorga de Geração: Transferência de Titularidade";"2";"0461555";"Certificado";"09/09/2026";"PROTOCOLO-GERAL";"002_SEI_0461555_Certificado.pdf";"84211";"ok"
"02 Acesso a transmissao e expansao renovavel";"48500.027518/2026-23";"Outorga de Geração: Transferência de Titularidade";"3";"0461556";"Certidão";"07/07/2026";"PROTOCOLO-GERAL";"003_SEI_0461556_Certidao.pdf";"59011";"ok"
"02 Acesso a transmissao e expansao renovavel";"48500.027518/2026-23";"Outorga de Geração: Transferência de Titularidade";"4";"0461557";"Certidão";"09/09/2026";"PROTOCOLO-GERAL";"004_SEI_0461557_Certidao.pdf";"78227";"ok"
"02 Acesso a transmissao e expansao renovavel";"48500.027518/2026-23";"Outorga de Geração: Transferência de Titularidade";"5";"0461558";"Certidão";"09/09/2026";"PROTOCOLO-GERAL";"005_SEI_0461558_Certidao.pdf";"37488";"ok"
"02 Acesso a transmissao e expansao renovavel";"48500.027518/2026-23";"Outorga de Geração: Transferência de Titularidade";"6";"0461559";"Certidão";"05/06/2026";"PROTOCOLO-GERAL";"006_SEI_0461559_Certidao.pdf";"8092";"ok"
"02 Acesso a transmissao e expansao renovavel";"48500.027518/2026-23";"Outorga de Geração: Transferência de Titularidade";"7";"0461560";"Documentação Societária";"18/09/2026";"PROTOCOLO-GERAL";"007_SEI_0461560_Documentacao_Societaria.pdf";"11396180";"ok"
"02 Acesso a transmissao e expansao renovavel";"48500.027518/2026-23";"Outorga de Geração: Transferência de Titularidade";"8";"0461561";"Documentação Societária";"18/09/2026";"PROTOCOLO-GERAL";"008_SEI_0461561_Documentacao_Societaria.pdf";"6467237";"ok"
"02 Acesso a transmissao e expansao renovavel";"48500.027518/2026-23";"Outorga de Geração: Transferência de Titularidade";"9";"0461562";"Declaração";"15/09/2026";"PROTOCOLO-GERAL";"009_SEI_0461562_Declaracao.pdf";"312223";"ok"
"02 Acesso a transmissao e expansao renovavel";"48500.027518/2026-23";"Outorga de Geração: Transferência de Titularidade";"10";"0461563";"Certidão";"16/06/2026";"PROTOCOLO-GERAL";"010_SEI_0461563_Certidao.pdf";"125798";"ok"
"02 Acesso a transmissao e expansao renovavel";"48500.027518/2026-23";"Outorga de Geração: Transferência de Titularidade";"11";"0461564";"Declaração";"11/09/2026";"PROTOCOLO-GERAL";"011_SEI_0461564_Declaracao.pdf";"262645";"ok"
"02 Acesso a transmissao e expansao renovavel";"48500.027518/2026-23";"Outorga de Geração: Transferência de Titularidade";"12";"0461565";"Organograma";"18/09/2026";"PROTOCOLO-GERAL";"012_SEI_0461565_Organograma.pdf";"250466";"ok"
"02 Acesso a transmissao e expansao renovavel";"48500.025393/2026-05";"Processo Externo - Pendente de Classificação pela Unidade Destinatária";"1";"0446082";"Carta 38";"28/08/2026";"PROTOCOLO-GERAL";"";"";"restrito"
"02 Acesso a transmissao e expansao renovavel";"48500.025393/2026-05";"Processo Externo - Pendente de Classificação pela Unidade Destinatária";"2";"0446083";"Ata";"17/07/2026";"PROTOCOLO-GERAL";"002_SEI_0446083_Ata.pdf";"929379";"ok"
"02 Acesso a transmissao e expansao renovavel";"48500.025393/2026-05";"Processo Externo - Pendente de Classificação pela Unidade Destinatária";"3";"0446084";"Documentação Societária";"28/08/2026";"PROTOCOLO-GERAL";"003_SEI_0446084_Documentacao_Societaria.pdf";"5468727";"ok"
"02 Acesso a transmissao e expansao renovavel";"48500.025393/2026-05";"Processo Externo - Pendente de Classificação pela Unidade Destinatária";"4";"0446085";"Procuração";"10/08/2026";"PROTOCOLO-GERAL";"004_SEI_0446085_Procuracao.pdf";"366150";"ok"
"02 Acesso a transmissao e expansao renovavel";"48500.025393/2026-05";"Processo Externo - Pendente de Classificação pela Unidade Destinatária";"5";"0446086";"Carta 37";"14/11/2025";"PROTOCOLO-GERAL";"005_SEI_0446086_Carta_37.pdf";"324733";"ok"
"02 Acesso a transmissao e expansao renovavel";"48500.025393/2026-05";"Processo Externo - Pendente de Classificação pela Unidade Destinatária";"6";"0446087";"Comprovante";"28/08/2026";"PROTOCOLO-GERAL";"006_SEI_0446087_Comprovante.pdf";"79165";"ok"
"02 Acesso a transmissao e expansao renovavel";"48500.025393/2026-05";"Processo Externo - Pendente de Classificação pela Unidade Destinatária";"7";"0446088";"Parecer";"28/08/2026";"PROTOCOLO-GERAL";"007_SEI_0446088_Parecer.pdf";"2158009";"ok"
"02 Acesso a transmissao e expansao renovavel";"48500.025393/2026-05";"Processo Externo - Pendente de Classificação pela Unidade Destinatária";"8";"0446089";"Apresentação";"28/08/2026";"PROTOCOLO-GERAL";"008_SEI_0446089_Apresentacao.pdf";"1246153";"ok"
"02 Acesso a transmissao e expansao renovavel";"48500.025393/2026-05";"Processo Externo - Pendente de Classificação pela Unidade Destinatária";"9";"0446090";"E-mail";"28/08/2026";"PROTOCOLO-GERAL";"009_SEI_0446090_E_mail.pdf";"454159";"ok"
"02 Acesso a transmissao e expansao renovavel";"48500.025393/2026-05";"Processo Externo - Pendente de Classificação pela Unidade Destinatária";"10";"0446091";"E-mail";"28/08/2026";"PROTOCOLO-GERAL";"010_SEI_0446091_E_mail.pdf";"532404";"ok"
"02 Acesso a transmissao e expansao renovavel";"48500.025393/2026-05";"Processo Externo - Pendente de Classificação pela Unidade Destinatária";"11";"0446092";"E-mail";"28/08/2026";"PROTOCOLO-GERAL";"011_SEI_0446092_E_mail.pdf";"903041";"ok"
"02 Acesso a transmissao e expansao renovavel";"48500.025393/2026-05";"Processo Externo - Pendente de Classificação pela Unidade Destinatária";"12";"0446093";"E-mail";"28/08/2026";"PROTOCOLO-GERAL";"012_SEI_0446093_E_mail.pdf";"1957046";"ok"
"02 Acesso a transmissao e expansao renovavel";"48500.025393/2026-05";"Processo Externo - Pendente de Classificação pela Unidade Destinatária";"13";"0446094";"E-mail";"28/08/2026";"PROTOCOLO-GERAL";"013_SEI_0446094_E_mail.pdf";"1198432";"ok"
"02 Acesso a transmissao e expansao renovavel";"48500.025393/2026-05";"Processo Externo - Pendente de Classificação pela Unidade Destinatária";"14";"0446095";"E-mail";"28/08/2026";"PROTOCOLO-GERAL";"014_SEI_0446095_E_mail.pdf";"1581235";"ok"
"02 Acesso a transmissao e expansao renovavel";"48500.025393/2026-05";"Processo Externo - Pendente de Classificação pela Unidade Destinatária";"15";"0446096";"E-mail";"28/08/2026";"PROTOCOLO-GERAL";"015_SEI_0446096_E_mail.pdf";"599925";"ok"
"02 Acesso a transmissao e expansao renovavel";"48500.025393/2026-05";"Processo Externo - Pendente de Classificação pela Unidade Destinatária";"16";"0446097";"E-mail";"28/08/2026";"PROTOCOLO-GERAL";"016_SEI_0446097_E_mail.pdf";"341222";"ok"
"02 Acesso a transmissao e expansao renovavel";"48500.025393/2026-05";"Processo Externo - Pendente de Classificação pela Unidade Destinatária";"17";"0446098";"E-mail";"28/08/2026";"PROTOCOLO-GERAL";"017_SEI_0446098_E_mail.pdf";"403046";"ok"
"02 Acesso a transmissao e expansao renovavel";"48500.025393/2026-05";"Processo Externo - Pendente de Classificação pela Unidade Destinatária";"18";"0446099";"E-mail";"28/08/2026";"PROTOCOLO-GERAL";"018_SEI_0446099_E_mail.pdf";"975219";"ok"
"02 Acesso a transmissao e expansao renovavel";"48500.025393/2026-05";"Processo Externo - Pendente de Classificação pela Unidade Destinatária";"19";"0446100";"E-mail";"28/08/2026";"PROTOCOLO-GERAL";"019_SEI_0446100_E_mail.pdf";"873830";"ok"
"02 Acesso a transmissao e expansao renovavel";"48500.025393/2026-05";"Processo Externo - Pendente de Classificação pela Unidade Destinatária";"20";"0446101";"Ata";"28/08/2026";"PROTOCOLO-GERAL";"020_SEI_0446101_Ata.pdf";"1464398";"ok"
"02 Acesso a transmissao e expansao renovavel";"48500.025393/2026-05";"Processo Externo - Pendente de Classificação pela Unidade Destinatária";"21";"0446102";"Registro";"28/08/2026";"PROTOCOLO-GERAL";"021_SEI_0446102_Registro.pdf";"86960";"ok"
"02 Acesso a transmissao e expansao renovavel";"48500.025393/2026-05";"Processo Externo - Pendente de Classificação pela Unidade Destinatária";"22";"0446103";"Registro";"28/08/2026";"PROTOCOLO-GERAL";"022_SEI_0446103_Registro.pdf";"84778";"ok"
"02 Acesso a transmissao e expansao renovavel";"48500.025393/2026-05";"Processo Externo - Pendente de Classificação pela Unidade Destinatária";"23";"0446104";"Registro";"28/08/2026";"PROTOCOLO-GERAL";"023_SEI_0446104_Registro.pdf";"84714";"ok"
"02 Acesso a transmissao e expansao renovavel";"48500.025393/2026-05";"Processo Externo - Pendente de Classificação pela Unidade Destinatária";"24";"0446105";"Carta NFE-CELBA Nº 203/2024";"24/10/2024";"PROTOCOLO-GERAL";"024_SEI_0446105_Carta_NFE_CELBA_N_203_2024.pdf";"971994";"ok"
"02 Acesso a transmissao e expansao renovavel";"48500.025393/2026-05";"Processo Externo - Pendente de Classificação pela Unidade Destinatária";"25";"0446106";"Carta NFE CEB Nº 039/2025";"25/02/2025";"PROTOCOLO-GERAL";"025_SEI_0446106_Carta_NFE_CEB_N_039_2025.pdf";"728237";"ok"
"02 Acesso a transmissao e expansao renovavel";"48500.025393/2026-05";"Processo Externo - Pendente de Classificação pela Unidade Destinatária";"26";"0446107";"Ofício SINDIGUAPOR nº 16/2026";"28/08/2026";"PROTOCOLO-GERAL";"026_SEI_0446107_Oficio_SINDIGUAPOR_n_16_2026.pdf";"451858";"ok"
"02 Acesso a transmissao e expansao renovavel";"48500.025393/2026-05";"Processo Externo - Pendente de Classificação pela Unidade Destinatária";"27";"0446108";"Carta NFE PTC 038/2026";"18/08/2026";"PROTOCOLO-GERAL";"027_SEI_0446108_Carta_NFE_PTC_038_2026.pdf";"3588892";"ok"
"02 Acesso a transmissao e expansao renovavel";"48500.025393/2026-05";"Processo Externo - Pendente de Classificação pela Unidade Destinatária";"28";"0451049";"Requerimento de Distribuição de Processo";"04/09/2026";"SGE -SORTEIO";"028_SEI_0451049_Requerimento_de_Distribuicao_de_Processo.html";"87754";"ok"
"02 Acesso a transmissao e expansao renovavel";"48500.025393/2026-05";"Processo Externo - Pendente de Classificação pela Unidade Destinatária";"29";"0452053";"Despacho de Distribuição de Processo";"08/09/2026";"SGE -SORTEIO";"029_SEI_0452053_Despacho_de_Distribuicao_de_Processo.html";"87709";"ok"
"02 Acesso a transmissao e expansao renovavel";"48500.025393/2026-05";"Processo Externo - Pendente de Classificação pela Unidade Destinatária";"30";"0458420";"Requerimento de Inclusão em Pauta";"17/09/2026";"GAB V - WMF";"030_SEI_0458420_Requerimento_de_Inclusao_em_Pauta.html";"87758";"ok"
"02 Acesso a transmissao e expansao renovavel";"48500.025393/2026-05";"Processo Externo - Pendente de Classificação pela Unidade Destinatária";"31";"0458877";"Voto";"17/09/2026";"GAB V - WMF";"031_SEI_0458877_Voto.html";"100454";"ok"
"02 Acesso a transmissao e expansao renovavel";"48500.025393/2026-05";"Processo Externo - Pendente de Classificação pela Unidade Destinatária";"32";"0458878";"Despacho 3623";"17/09/2026";"GAB V - WMF";"032_SEI_0458878_Despacho_3623.html";"89339";"ok"
"02 Acesso a transmissao e expansao renovavel";"48500.025393/2026-05";"Processo Externo - Pendente de Classificação pela Unidade Destinatária";"33";"0466151";"Recibo";"24/09/2026";"GAB V - WMF";"033_SEI_0466151_Recibo.pdf";"2255440";"ok"
"02 Acesso a transmissao e expansao renovavel";"48500.025393/2026-05";"Processo Externo - Pendente de Classificação pela Unidade Destinatária";"34";"0462087";"Extrato da Decisão da Diretoria";"21/09/2026";"SGE - PUBLICAÇÃO";"034_SEI_0462087_Extrato_da_Decisao_da_Diretoria.html";"89266";"ok"
"02 Acesso a transmissao e expansao renovavel";"48500.026430/2026-94";"Outorga de Geração: Não Hídrica - Registro de Requerimento de Outorga - DRO";"1";"0453425";"Carta N° 72/2026 - Esclarecimento Referente ao Despacho";"04/09/2026";"PROTOCOLO-GERAL";"001_SEI_0453425_Carta_N_72_2026_Esclarecimento_Referente_ao_Despac.pdf";"384297";"ok"
"02 Acesso a transmissao e expansao renovavel";"48500.026430/2026-94";"Outorga de Geração: Não Hídrica - Registro de Requerimento de Outorga - DRO";"2";"0453426";"Comprovante";"09/08/2026";"PROTOCOLO-GERAL";"002_SEI_0453426_Comprovante.pdf";"111043";"ok"
"02 Acesso a transmissao e expansao renovavel";"48500.026430/2026-94";"Outorga de Geração: Não Hídrica - Registro de Requerimento de Outorga - DRO";"3";"0453427";"Dossiê";"08/09/2026";"PROTOCOLO-GERAL";"003_SEI_0453427_Dossie.zip";"13366449";"ok"
"02 Acesso a transmissao e expansao renovavel";"48500.026430/2026-94";"Outorga de Geração: Não Hídrica - Registro de Requerimento de Outorga - DRO";"4";"0457185";"Ofício 673";"18/09/2026";"SCE";"004_SEI_0457185_Oficio_673.html";"97921";"ok"
"02 Acesso a transmissao e expansao renovavel";"48500.026430/2026-94";"Outorga de Geração: Não Hídrica - Registro de Requerimento de Outorga - DRO";"5";"0461915";"Recibo";"18/09/2026";"SCE";"005_SEI_0461915_Recibo.pdf";"788473";"ok"
"02 Acesso a transmissao e expansao renovavel";"48500.027014/2026-11";"Regulação da Distribuição: Pleitos sobre Serviços de Distribuição";"1";"0457740";"Carta Manifestação ao enquadramento tarifário da UFV";"14/09/2026";"PROTOCOLO-GERAL";"001_SEI_0457740_Carta_Manifestacao_ao_enquadramento_tarifario_da_U.pdf";"3913519";"ok"
"02 Acesso a transmissao e expansao renovavel";"48500.027014/2026-11";"Regulação da Distribuição: Pleitos sobre Serviços de Distribuição";"2";"0457741";"Dossiê";"14/09/2026";"PROTOCOLO-GERAL";"002_SEI_0457741_Dossie.pdf";"7392975";"ok"