"categoria";"processo";"tipo_processo";"ordem";"sei";"tipo_documento";"data";"unidade";"arquivo";"bytes";"status"
"05 Varejistas no mesmo grupo economico da distribuidora";"48500.023159/2026-35";"Processo Decisório: Pedido de Efeito Suspensivo do Pedido de Impugnação em Face à Decisão da CCEE";"1";"0424485";"Carta 895";"06/08/2026";"PROTOCOLO-GERAL";"";"";"restrito"
"05 Varejistas no mesmo grupo economico da distribuidora";"48500.023159/2026-35";"Processo Decisório: Pedido de Efeito Suspensivo do Pedido de Impugnação em Face à Decisão da CCEE";"2";"0424487";"Processo";"04/08/2026";"PROTOCOLO-GERAL";"";"";"restrito"
"05 Varejistas no mesmo grupo economico da distribuidora";"48500.023159/2026-35";"Processo Decisório: Pedido de Efeito Suspensivo do Pedido de Impugnação em Face à Decisão da CCEE";"3";"0429540";"Requerimento de Distribuição de Processo";"14/08/2026";"SGE -SORTEIO";"003_SEI_0429540_Requerimento_de_Distribuicao_de_Processo.html";"86833";"ok"
"05 Varejistas no mesmo grupo economico da distribuidora";"48500.023159/2026-35";"Processo Decisório: Pedido de Efeito Suspensivo do Pedido de Impugnação em Face à Decisão da CCEE";"4";"0430595";"Despacho de Distribuição de Processo";"17/08/2026";"SGE -SORTEIO";"004_SEI_0430595_Despacho_de_Distribuicao_de_Processo.html";"86723";"ok"
"05 Varejistas no mesmo grupo economico da distribuidora";"48500.023159/2026-35";"Processo Decisório: Pedido de Efeito Suspensivo do Pedido de Impugnação em Face à Decisão da CCEE";"5";"0462978";"Requerimento de Inclusão em Pauta";"24/09/2026";"GAB V - WMF";"005_SEI_0462978_Requerimento_de_Inclusao_em_Pauta.html";"86860";"ok"
"05 Varejistas no mesmo grupo economico da distribuidora";"48500.023159/2026-35";"Processo Decisório: Pedido de Efeito Suspensivo do Pedido de Impugnação em Face à Decisão da CCEE";"6";"0463165";"Voto";"24/09/2026";"GAB V - WMF";"006_SEI_0463165_Voto.html";"108334";"ok"
"05 Varejistas no mesmo grupo economico da distribuidora";"48500.023159/2026-35";"Processo Decisório: Pedido de Efeito Suspensivo do Pedido de Impugnação em Face à Decisão da CCEE";"7";"0463172";"Despacho 3692";"25/09/2026";"GAB V - WMF";"007_SEI_0463172_Despacho_3692.html";"88486";"ok"
"05 Varejistas no mesmo grupo economico da distribuidora";"48500.023369/2026-23";"Processo Externo - Pendente de Classificação pela Unidade Destinatária";"1";"0426947";"Carta";"10/08/2026";"PROTOCOLO-GERAL";"001_SEI_0426947_Carta.pdf";"5187465";"ok"
"05 Varejistas no mesmo grupo economico da distribuidora";"48500.023369/2026-23";"Processo Externo - Pendente de Classificação pela Unidade Destinatária";"2";"0425953";"Carta";"10/08/2026";"PROTOCOLO-GERAL";"002_SEI_0425953_Carta.pdf";"5144174";"ok"
"05 Varejistas no mesmo grupo economico da distribuidora";"48500.023369/2026-23";"Processo Externo - Pendente de Classificação pela Unidade Destinatária";"3";"0425954";"Notificação";"31/07/2026";"PROTOCOLO-GERAL";"003_SEI_0425954_Notificacao.pdf";"540667";"ok"
"05 Varejistas no mesmo grupo economico da distribuidora";"48500.023369/2026-23";"Processo Externo - Pendente de Classificação pela Unidade Destinatária";"4";"0425955";"Carta 55";"31/07/2026";"PROTOCOLO-GERAL";"004_SEI_0425955_Carta_55.pdf";"581945";"ok"
"05 Varejistas no mesmo grupo economico da distribuidora";"48500.023369/2026-23";"Processo Externo - Pendente de Classificação pela Unidade Destinatária";"5";"0425956";"Documentação Societária";"22/01/2025";"PROTOCOLO-GERAL";"005_SEI_0425956_Documentacao_Societaria.pdf";"998561";"ok"
"05 Varejistas no mesmo grupo economico da distribuidora";"48500.023369/2026-23";"Processo Externo - Pendente de Classificação pela Unidade Destinatária";"6";"0425958";"Fatura";"15/06/2026";"PROTOCOLO-GERAL";"006_SEI_0425958_Fatura.pdf";"935971";"ok"
"05 Varejistas no mesmo grupo economico da distribuidora";"48500.023369/2026-23";"Processo Externo - Pendente de Classificação pela Unidade Destinatária";"7";"0425959";"E-mail";"29/07/2026";"PROTOCOLO-GERAL";"007_SEI_0425959_E_mail.pdf";"179508";"ok"
"05 Varejistas no mesmo grupo economico da distribuidora";"48500.023369/2026-23";"Processo Externo - Pendente de Classificação pela Unidade Destinatária";"8";"0425960";"Proposta";"23/07/2026";"PROTOCOLO-GERAL";"008_SEI_0425960_Proposta.pdf";"1189181";"ok"
"05 Varejistas no mesmo grupo economico da distribuidora";"48500.023369/2026-23";"Processo Externo - Pendente de Classificação pela Unidade Destinatária";"9";"0425961";"Proposta";"10/08/2026";"PROTOCOLO-GERAL";"009_SEI_0425961_Proposta.pdf";"241415";"ok"
"05 Varejistas no mesmo grupo economico da distribuidora";"48500.023369/2026-23";"Processo Externo - Pendente de Classificação pela Unidade Destinatária";"10";"0425962";"Carta";"03/08/2026";"PROTOCOLO-GERAL";"010_SEI_0425962_Carta.pdf";"5085267";"ok"
"05 Varejistas no mesmo grupo economico da distribuidora";"48500.023369/2026-23";"Processo Externo - Pendente de Classificação pela Unidade Destinatária";"11";"0425963";"E-mail";"06/08/2026";"PROTOCOLO-GERAL";"011_SEI_0425963_E_mail.pdf";"213414";"ok"
"05 Varejistas no mesmo grupo economico da distribuidora";"48500.023369/2026-23";"Processo Externo - Pendente de Classificação pela Unidade Destinatária";"12";"0458706";"Ofício 1390";"15/09/2026";"SMA";"012_SEI_0458706_Oficio_1390.html";"86645";"ok"
"05 Varejistas no mesmo grupo economico da distribuidora";"48500.023369/2026-23";"Processo Externo - Pendente de Classificação pela Unidade Destinatária";"13";"0461832";"Recibo";"16/09/2026";"SMA";"013_SEI_0461832_Recibo.pdf";"164736";"ok"
"05 Varejistas no mesmo grupo economico da distribuidora";"48500.026414/2026-00";"Regulação do Mercado: Gestão de Contratos de Comercialização";"1";"0453313";"Carta";"08/09/2026";"PROTOCOLO-GERAL";"001_SEI_0453313_Carta.pdf";"399625";"ok"
"05 Varejistas no mesmo grupo economico da distribuidora";"48500.026425/2026-81";"Outorga de Comercialização: Autorização";"1";"0453400";"Carta";"08/09/2026";"PROTOCOLO-GERAL";"001_SEI_0453400_Carta.pdf";"168378";"ok"
"05 Varejistas no mesmo grupo economico da distribuidora";"48500.026425/2026-81";"Outorga de Comercialização: Autorização";"2";"0453401";"Documentação Societária";"08/09/2026";"PROTOCOLO-GERAL";"002_SEI_0453401_Documentacao_Societaria.pdf";"1698805";"ok"
"05 Varejistas no mesmo grupo economico da distribuidora";"48500.026425/2026-81";"Outorga de Comercialização: Autorização";"3";"0453402";"Documentação Societária";"08/09/2026";"PROTOCOLO-GERAL";"003_SEI_0453402_Documentacao_Societaria.pdf";"2032541";"ok"
"05 Varejistas no mesmo grupo economico da distribuidora";"48500.026425/2026-81";"Outorga de Comercialização: Autorização";"4";"0453403";"Documentação Societária";"08/09/2026";"PROTOCOLO-GERAL";"004_SEI_0453403_Documentacao_Societaria.pdf";"1465799";"ok"
"05 Varejistas no mesmo grupo economico da distribuidora";"48500.026425/2026-81";"Outorga de Comercialização: Autorização";"5";"0461903";"E-mail";"21/09/2026";"SCE";"005_SEI_0461903_E_mail.pdf";"266943";"ok"
"05 Varejistas no mesmo grupo economico da distribuidora";"48500.025623/2026-28";"Regulação do Mercado: Definição de Regras e Procedimentos de Comercialização";"1";"0447463";"Carta 981";"31/08/2026";"PROTOCOLO-GERAL";"001_SEI_0447463_Carta_981.pdf";"51258";"ok"
"05 Varejistas no mesmo grupo economico da distribuidora";"48500.025623/2026-28";"Regulação do Mercado: Definição de Regras e Procedimentos de Comercialização";"2";"0447464";"Nota";"28/08/2026";"PROTOCOLO-GERAL";"002_SEI_0447464_Nota.pdf";"278721";"ok"
"05 Varejistas no mesmo grupo economico da distribuidora";"48500.025623/2026-28";"Regulação do Mercado: Definição de Regras e Procedimentos de Comercialização";"3";"0447465";"Dossiê";"31/08/2026";"PROTOCOLO-GERAL";"003_SEI_0447465_Dossie.zip";"36114538";"ok"
"05 Varejistas no mesmo grupo economico da distribuidora";"48500.023777/2026-85";"Regulação do Mercado: Demais Pleitos sobre o Mercado de Energia";"1";"0428728";"Carta CCEE nº 906/2026";"12/08/2026";"PROTOCOLO-GERAL";"";"";"restrito"
"05 Varejistas no mesmo grupo economico da distribuidora";"48500.023777/2026-85";"Regulação do Mercado: Demais Pleitos sobre o Mercado de Energia";"2";"0428729";"Nota";"12/08/2026";"PROTOCOLO-GERAL";"";"";"restrito"
"05 Varejistas no mesmo grupo economico da distribuidora";"48500.023777/2026-85";"Regulação do Mercado: Demais Pleitos sobre o Mercado de Energia";"3";"0428730";"Apresentação";"12/08/2026";"PROTOCOLO-GERAL";"";"";"restrito"
"05 Varejistas no mesmo grupo economico da distribuidora";"48500.023777/2026-85";"Regulação do Mercado: Demais Pleitos sobre o Mercado de Energia";"4";"0428731";"Apresentação";"12/08/2026";"PROTOCOLO-GERAL";"";"";"restrito"
"05 Varejistas no mesmo grupo economico da distribuidora";"48500.023777/2026-85";"Regulação do Mercado: Demais Pleitos sobre o Mercado de Energia";"5";"0428732";"Apresentação";"12/08/2026";"PROTOCOLO-GERAL";"";"";"restrito"
"05 Varejistas no mesmo grupo economico da distribuidora";"48500.023777/2026-85";"Regulação do Mercado: Demais Pleitos sobre o Mercado de Energia";"6";"0428733";"Apresentação";"12/08/2026";"PROTOCOLO-GERAL";"";"";"restrito"
"05 Varejistas no mesmo grupo economico da distribuidora";"48500.023777/2026-85";"Regulação do Mercado: Demais Pleitos sobre o Mercado de Energia";"7";"0428734";"Apresentação";"12/08/2026";"PROTOCOLO-GERAL";"";"";"restrito"
"05 Varejistas no mesmo grupo economico da distribuidora";"48500.023777/2026-85";"Regulação do Mercado: Demais Pleitos sobre o Mercado de Energia";"8";"0428735";"Apresentação";"12/08/2026";"PROTOCOLO-GERAL";"";"";"restrito"
"05 Varejistas no mesmo grupo economico da distribuidora";"48500.023777/2026-85";"Regulação do Mercado: Demais Pleitos sobre o Mercado de Energia";"9";"0444022";"E-mail";"26/08/2026";"SGM";"009_SEI_0444022_E_mail.pdf";"1504826";"ok"
"05 Varejistas no mesmo grupo economico da distribuidora";"48500.023777/2026-85";"Regulação do Mercado: Demais Pleitos sobre o Mercado de Energia";"10";"0444053";"E-mail";"26/08/2026";"SGM";"010_SEI_0444053_E_mail.pdf";"8086755";"ok"
"05 Varejistas no mesmo grupo economico da distribuidora";"48500.023777/2026-85";"Regulação do Mercado: Demais Pleitos sobre o Mercado de Energia";"11";"0444054";"E-mail";"26/08/2026";"SGM";"011_SEI_0444054_E_mail.pdf";"1751950";"ok"
"05 Varejistas no mesmo grupo economico da distribuidora";"48500.023777/2026-85";"Regulação do Mercado: Demais Pleitos sobre o Mercado de Energia";"12";"0444056";"E-mail";"26/08/2026";"SGM";"012_SEI_0444056_E_mail.pdf";"8098025";"ok"
"05 Varejistas no mesmo grupo economico da distribuidora";"48500.023777/2026-85";"Regulação do Mercado: Demais Pleitos sobre o Mercado de Energia";"13";"0444312";"Nota Técnica 105";"27/08/2026";"SGM";"013_SEI_0444312_Nota_Tecnica_105.html";"208591";"ok"
"05 Varejistas no mesmo grupo economico da distribuidora";"48500.023777/2026-85";"Regulação do Mercado: Demais Pleitos sobre o Mercado de Energia";"14";"0444429";"Anexo I";"27/08/2026";"SGM";"014_SEI_0444429_Anexo_I.pdf";"1986753";"ok"
"05 Varejistas no mesmo grupo economico da distribuidora";"48500.023777/2026-85";"Regulação do Mercado: Demais Pleitos sobre o Mercado de Energia";"15";"0444436";"Anexo II";"27/08/2026";"SGM";"015_SEI_0444436_Anexo_II.pdf";"1986098";"ok"
"05 Varejistas no mesmo grupo economico da distribuidora";"48500.023777/2026-85";"Regulação do Mercado: Demais Pleitos sobre o Mercado de Energia";"16";"0444440";"Anexo III";"27/08/2026";"SGM";"016_SEI_0444440_Anexo_III.pdf";"1990231";"ok"
"05 Varejistas no mesmo grupo economico da distribuidora";"48500.023777/2026-85";"Regulação do Mercado: Demais Pleitos sobre o Mercado de Energia";"17";"0444446";"Anexo IV";"27/08/2026";"SGM";"017_SEI_0444446_Anexo_IV.pdf";"2319570";"ok"
"05 Varejistas no mesmo grupo economico da distribuidora";"48500.023777/2026-85";"Regulação do Mercado: Demais Pleitos sobre o Mercado de Energia";"18";"0444454";"Anexo V";"27/08/2026";"SGM";"018_SEI_0444454_Anexo_V.pdf";"4076549";"ok"
"05 Varejistas no mesmo grupo economico da distribuidora";"48500.023777/2026-85";"Regulação do Mercado: Demais Pleitos sobre o Mercado de Energia";"19";"0444462";"Anexo VI";"27/08/2026";"SGM";"019_SEI_0444462_Anexo_VI.pdf";"4248833";"ok"
"05 Varejistas no mesmo grupo economico da distribuidora";"48500.023777/2026-85";"Regulação do Mercado: Demais Pleitos sobre o Mercado de Energia";"20";"0444390";"Despacho 3382";"27/08/2026";"SGM";"020_SEI_0444390_Despacho_3382.html";"120768";"ok"
"05 Varejistas no mesmo grupo economico da distribuidora";"48500.023777/2026-85";"Regulação do Mercado: Demais Pleitos sobre o Mercado de Energia";"21";"0444574";"Anexo I";"27/08/2026";"SGM";"021_SEI_0444574_Anexo_I.pdf";"16699";"ok"
"05 Varejistas no mesmo grupo economico da distribuidora";"48500.023777/2026-85";"Regulação do Mercado: Demais Pleitos sobre o Mercado de Energia";"22";"0444576";"Anexo II";"27/08/2026";"SGM";"022_SEI_0444576_Anexo_II.pdf";"2903489";"ok"
"05 Varejistas no mesmo grupo economico da distribuidora";"48500.023777/2026-85";"Regulação do Mercado: Demais Pleitos sobre o Mercado de Energia";"23";"0444577";"Anexo III";"27/08/2026";"SGM";"023_SEI_0444577_Anexo_III.pdf";"2683909";"ok"
"05 Varejistas no mesmo grupo economico da distribuidora";"48500.023777/2026-85";"Regulação do Mercado: Demais Pleitos sobre o Mercado de Energia";"24";"0444578";"Anexo IV";"27/08/2026";"SGM";"024_SEI_0444578_Anexo_IV.pdf";"2685011";"ok"
"05 Varejistas no mesmo grupo economico da distribuidora";"48500.023777/2026-85";"Regulação do Mercado: Demais Pleitos sobre o Mercado de Energia";"25";"0444579";"Anexo V";"27/08/2026";"SGM";"025_SEI_0444579_Anexo_V.pdf";"2797877";"ok"
"05 Varejistas no mesmo grupo economico da distribuidora";"48500.023777/2026-85";"Regulação do Mercado: Demais Pleitos sobre o Mercado de Energia";"26";"0444580";"Anexo VI";"27/08/2026";"SGM";"026_SEI_0444580_Anexo_VI.pdf";"5933060";"ok"
"05 Varejistas no mesmo grupo economico da distribuidora";"48500.023777/2026-85";"Regulação do Mercado: Demais Pleitos sobre o Mercado de Energia";"27";"0444610";"Anexo VII";"27/08/2026";"SGM";"027_SEI_0444610_Anexo_VII.pdf";"6110668";"ok"
"05 Varejistas no mesmo grupo economico da distribuidora";"48500.023777/2026-85";"Regulação do Mercado: Demais Pleitos sobre o Mercado de Energia";"28";"0448282";"Publicação";"28/08/2026";"SGM";"028_SEI_0448282_Publicacao.pdf";"15778";"ok"
"05 Varejistas no mesmo grupo economico da distribuidora";"48500.022797/2026-39";"Fiscalização Econômica e Financeira: Monitoramento da Comercialização";"1";"0421885";"Carta 78";"04/08/2026";"PROTOCOLO-GERAL";"001_SEI_0421885_Carta_78.pdf";"314234";"ok"
"05 Varejistas no mesmo grupo economico da distribuidora";"48500.019382/2026-88";"Processo Decisório: Pedido de Efeito Suspensivo do Pedido de Impugnação em Face à Decisão da CCEE";"1";"0398727";"Carta 706";"03/07/2026";"PROTOCOLO-GERAL";"";"";"restrito"
"05 Varejistas no mesmo grupo economico da distribuidora";"48500.019382/2026-88";"Processo Decisório: Pedido de Efeito Suspensivo do Pedido de Impugnação em Face à Decisão da CCEE";"2";"0398728";"Processo";"30/06/2026";"PROTOCOLO-GERAL";"";"";"restrito"
"05 Varejistas no mesmo grupo economico da distribuidora";"48500.019382/2026-88";"Processo Decisório: Pedido de Efeito Suspensivo do Pedido de Impugnação em Face à Decisão da CCEE";"3";"0403576";"Requerimento de Distribuição de Processo";"13/07/2026";"SGE -SORTEIO";"003_SEI_0403576_Requerimento_de_Distribuicao_de_Processo.html";"86847";"ok"
"05 Varejistas no mesmo grupo economico da distribuidora";"48500.019382/2026-88";"Processo Decisório: Pedido de Efeito Suspensivo do Pedido de Impugnação em Face à Decisão da CCEE";"4";"0404617";"Despacho de Distribuição de Processo";"13/07/2026";"SGE -SORTEIO";"004_SEI_0404617_Despacho_de_Distribuicao_de_Processo.html";"86705";"ok"
"05 Varejistas no mesmo grupo economico da distribuidora";"48500.019382/2026-88";"Processo Decisório: Pedido de Efeito Suspensivo do Pedido de Impugnação em Face à Decisão da CCEE";"5";"0416532";"Requerimento de Inclusão em Pauta";"29/07/2026";"GAB V - WMF";"005_SEI_0416532_Requerimento_de_Inclusao_em_Pauta.html";"86863";"ok"
"05 Varejistas no mesmo grupo economico da distribuidora";"48500.019382/2026-88";"Processo Decisório: Pedido de Efeito Suspensivo do Pedido de Impugnação em Face à Decisão da CCEE";"6";"0416842";"Voto";"29/07/2026";"GAB V - WMF";"006_SEI_0416842_Voto.html";"457426";"ok"
"05 Varejistas no mesmo grupo economico da distribuidora";"48500.019382/2026-88";"Processo Decisório: Pedido de Efeito Suspensivo do Pedido de Impugnação em Face à Decisão da CCEE";"7";"0416848";"Despacho 2796";"30/07/2026";"GAB V - WMF";"007_SEI_0416848_Despacho_2796.html";"88221";"ok"
"05 Varejistas no mesmo grupo economico da distribuidora";"48500.019382/2026-88";"Processo Decisório: Pedido de Efeito Suspensivo do Pedido de Impugnação em Face à Decisão da CCEE";"8";"0423131";"Recibo";"06/08/2026";"GAB V - WMF";"008_SEI_0423131_Recibo.pdf";"2013822";"ok"
"05 Varejistas no mesmo grupo economico da distribuidora";"48500.019382/2026-88";"Processo Decisório: Pedido de Efeito Suspensivo do Pedido de Impugnação em Face à Decisão da CCEE";"9";"0420225";"Extrato da Decisão da Diretoria";"06/08/2026";"SGE - PUBLICAÇÃO";"009_SEI_0420225_Extrato_da_Decisao_da_Diretoria.html";"88573";"ok"
"05 Varejistas no mesmo grupo economico da distribuidora";"48500.021421/2026-15";"Processo Decisório: Pedido de Efeito Suspensivo do Pedido de Impugnação em Face à Decisão da CCEE";"1";"0411864";"Carta 802";"22/07/2026";"PROTOCOLO-GERAL";"";"";"restrito"
"05 Varejistas no mesmo grupo economico da distribuidora";"48500.021421/2026-15";"Processo Decisório: Pedido de Efeito Suspensivo do Pedido de Impugnação em Face à Decisão da CCEE";"2";"0411865";"Apresentação";"22/07/2026";"PROTOCOLO-GERAL";"";"";"restrito"
"05 Varejistas no mesmo grupo economico da distribuidora";"48500.021421/2026-15";"Processo Decisório: Pedido de Efeito Suspensivo do Pedido de Impugnação em Face à Decisão da CCEE";"3";"0414585";"Requerimento de Distribuição de Processo";"24/07/2026";"SGE -SORTEIO";"003_SEI_0414585_Requerimento_de_Distribuicao_de_Processo.html";"86830";"ok"
"05 Varejistas no mesmo grupo economico da distribuidora";"48500.021421/2026-15";"Processo Decisório: Pedido de Efeito Suspensivo do Pedido de Impugnação em Face à Decisão da CCEE";"4";"0415613";"Despacho de Distribuição de Processo";"27/07/2026";"SGE -SORTEIO";"004_SEI_0415613_Despacho_de_Distribuicao_de_Processo.html";"86728";"ok"
"05 Varejistas no mesmo grupo economico da distribuidora";"48500.021421/2026-15";"Processo Decisório: Pedido de Efeito Suspensivo do Pedido de Impugnação em Face à Decisão da CCEE";"5";"0422689";"E-mail";"03/08/2026";"GAB II - AMAC";"005_SEI_0422689_E_mail.pdf";"223560";"ok"
"05 Varejistas no mesmo grupo economico da distribuidora";"48500.021421/2026-15";"Processo Decisório: Pedido de Efeito Suspensivo do Pedido de Impugnação em Face à Decisão da CCEE";"6";"0426115";"Requerimento de Inclusão em Pauta";"12/08/2026";"GAB II - AMAC";"006_SEI_0426115_Requerimento_de_Inclusao_em_Pauta.html";"86896";"ok"
"05 Varejistas no mesmo grupo economico da distribuidora";"48500.021421/2026-15";"Processo Decisório: Pedido de Efeito Suspensivo do Pedido de Impugnação em Face à Decisão da CCEE";"7";"0427364";"Voto";"12/08/2026";"GAB II - AMAC";"007_SEI_0427364_Voto.html";"108984";"ok"
"05 Varejistas no mesmo grupo economico da distribuidora";"48500.021421/2026-15";"Processo Decisório: Pedido de Efeito Suspensivo do Pedido de Impugnação em Face à Decisão da CCEE";"8";"0427415";"Despacho 3109";"13/08/2026";"GAB II - AMAC";"008_SEI_0427415_Despacho_3109.html";"87007";"ok"
"05 Varejistas no mesmo grupo economico da distribuidora";"48500.021421/2026-15";"Processo Decisório: Pedido de Efeito Suspensivo do Pedido de Impugnação em Face à Decisão da CCEE";"9";"0436574";"Recibo";"17/08/2026";"GAB II - AMAC";"009_SEI_0436574_Recibo.pdf";"2306374";"ok"
"05 Varejistas no mesmo grupo economico da distribuidora";"48500.021421/2026-15";"Processo Decisório: Pedido de Efeito Suspensivo do Pedido de Impugnação em Face à Decisão da CCEE";"10";"0430985";"Extrato da Decisão da Diretoria";"18/08/2026";"SGE - PUBLICAÇÃO";"010_SEI_0430985_Extrato_da_Decisao_da_Diretoria.html";"88238";"ok"
"05 Varejistas no mesmo grupo economico da distribuidora";"48500.022249/2026-17";"Regulação do Mercado: Gestão de Contratos de Comercialização";"1";"0418636";"Carta 86";"30/07/2026";"PROTOCOLO-GERAL";"001_SEI_0418636_Carta_86.pdf";"322169";"ok"
"05 Varejistas no mesmo grupo economico da distribuidora";"48500.022249/2026-17";"Regulação do Mercado: Gestão de Contratos de Comercialização";"2";"0418637";"Carta 83";"30/07/2026";"PROTOCOLO-GERAL";"002_SEI_0418637_Carta_83.pdf";"677298";"ok"
"05 Varejistas no mesmo grupo economico da distribuidora";"48500.022249/2026-17";"Regulação do Mercado: Gestão de Contratos de Comercialização";"3";"0418638";"Relatório";"30/07/2026";"PROTOCOLO-GERAL";"003_SEI_0418638_Relatorio.pdf";"294216";"ok"
"05 Varejistas no mesmo grupo economico da distribuidora";"48500.022249/2026-17";"Regulação do Mercado: Gestão de Contratos de Comercialização";"4";"0418639";"Nota Fiscal";"30/07/2026";"PROTOCOLO-GERAL";"004_SEI_0418639_Nota_Fiscal.pdf";"1122041";"ok"
"05 Varejistas no mesmo grupo economico da distribuidora";"48500.022249/2026-17";"Regulação do Mercado: Gestão de Contratos de Comercialização";"5";"0418640";"Nota Fiscal";"30/07/2026";"PROTOCOLO-GERAL";"005_SEI_0418640_Nota_Fiscal.pdf";"235572";"ok"
"05 Varejistas no mesmo grupo economico da distribuidora";"48500.022249/2026-17";"Regulação do Mercado: Gestão de Contratos de Comercialização";"6";"0418641";"Nota Fiscal";"30/07/2026";"PROTOCOLO-GERAL";"006_SEI_0418641_Nota_Fiscal.pdf";"246804";"ok"
"05 Varejistas no mesmo grupo economico da distribuidora";"48500.022249/2026-17";"Regulação do Mercado: Gestão de Contratos de Comercialização";"7";"0418642";"Decisão";"30/07/2026";"PROTOCOLO-GERAL";"007_SEI_0418642_Decisao.pdf";"212054";"ok"
"05 Varejistas no mesmo grupo economico da distribuidora";"48500.022249/2026-17";"Regulação do Mercado: Gestão de Contratos de Comercialização";"8";"0418643";"Decisão";"30/07/2026";"PROTOCOLO-GERAL";"008_SEI_0418643_Decisao.pdf";"343059";"ok"
"05 Varejistas no mesmo grupo economico da distribuidora";"48500.022249/2026-17";"Regulação do Mercado: Gestão de Contratos de Comercialização";"9";"0418644";"Apresentação";"30/07/2026";"PROTOCOLO-GERAL";"009_SEI_0418644_Apresentacao.pdf";"770122";"ok"
"05 Varejistas no mesmo grupo economico da distribuidora";"48500.022249/2026-17";"Regulação do Mercado: Gestão de Contratos de Comercialização";"10";"0418645";"Termo";"30/07/2026";"PROTOCOLO-GERAL";"010_SEI_0418645_Termo.pdf";"232107";"ok"
"05 Varejistas no mesmo grupo economico da distribuidora";"48500.023087/2026-26";"Fiscalização da Geração: Análise - Implantação";"1";"0423858";"Carta";"24/07/2026";"PROTOCOLO-GERAL";"001_SEI_0423858_Carta.pdf";"182653";"ok"
"05 Varejistas no mesmo grupo economico da distribuidora";"48500.023087/2026-26";"Fiscalização da Geração: Análise - Implantação";"2";"0423859";"Carta 684";"24/06/2026";"PROTOCOLO-GERAL";"002_SEI_0423859_Carta_684.pdf";"806040";"ok"
"05 Varejistas no mesmo grupo economico da distribuidora";"48500.023087/2026-26";"Fiscalização da Geração: Análise - Implantação";"3";"0424304";"E-mail";"07/08/2026";"PROTOCOLO-GERAL";"003_SEI_0424304_E_mail.html";"1799";"ok"
"05 Varejistas no mesmo grupo economico da distribuidora";"48500.021570/2026-76";"Fiscalização Econômica e Financeira: Adimplência Obrigações Setoriais";"1";"0415483";"Carta";"24/07/2026";"PROTOCOLO-GERAL";"001_SEI_0415483_Carta.pdf";"258386";"ok"
"05 Varejistas no mesmo grupo economico da distribuidora";"48500.021570/2026-76";"Fiscalização Econômica e Financeira: Adimplência Obrigações Setoriais";"2";"0414660";"Contrato";"23/07/2026";"PROTOCOLO-GERAL";"002_SEI_0414660_Contrato.pdf";"1422171";"ok"
"05 Varejistas no mesmo grupo economico da distribuidora";"48500.021570/2026-76";"Fiscalização Econômica e Financeira: Adimplência Obrigações Setoriais";"3";"0414661";"Contrato";"23/07/2026";"PROTOCOLO-GERAL";"003_SEI_0414661_Contrato.pdf";"1422171";"ok"
"05 Varejistas no mesmo grupo economico da distribuidora";"48500.021570/2026-76";"Fiscalização Econômica e Financeira: Adimplência Obrigações Setoriais";"4";"0414662";"Ata";"02/04/2025";"PROTOCOLO-GERAL";"004_SEI_0414662_Ata.pdf";"261913";"ok"
"05 Varejistas no mesmo grupo economico da distribuidora";"48500.021570/2026-76";"Fiscalização Econômica e Financeira: Adimplência Obrigações Setoriais";"5";"0414663";"Ata";"02/04/2025";"PROTOCOLO-GERAL";"005_SEI_0414663_Ata.pdf";"261913";"ok"
"05 Varejistas no mesmo grupo economico da distribuidora";"48500.021570/2026-76";"Fiscalização Econômica e Financeira: Adimplência Obrigações Setoriais";"6";"0414664";"Certidão";"23/07/2026";"PROTOCOLO-GERAL";"006_SEI_0414664_Certidao.pdf";"207088";"ok"
"05 Varejistas no mesmo grupo economico da distribuidora";"48500.021570/2026-76";"Fiscalização Econômica e Financeira: Adimplência Obrigações Setoriais";"7";"0414665";"Certidão";"23/07/2026";"PROTOCOLO-GERAL";"007_SEI_0414665_Certidao.pdf";"231278";"ok"
"05 Varejistas no mesmo grupo economico da distribuidora";"48500.021570/2026-76";"Fiscalização Econômica e Financeira: Adimplência Obrigações Setoriais";"8";"0414666";"Certidão";"23/07/2026";"PROTOCOLO-GERAL";"008_SEI_0414666_Certidao.pdf";"65879";"ok"
"05 Varejistas no mesmo grupo economico da distribuidora";"48500.021570/2026-76";"Fiscalização Econômica e Financeira: Adimplência Obrigações Setoriais";"9";"0414667";"Certidão";"23/07/2026";"PROTOCOLO-GERAL";"009_SEI_0414667_Certidao.pdf";"212613";"ok"
"05 Varejistas no mesmo grupo economico da distribuidora";"48500.021570/2026-76";"Fiscalização Econômica e Financeira: Adimplência Obrigações Setoriais";"10";"0414668";"Certidão";"23/07/2026";"PROTOCOLO-GERAL";"010_SEI_0414668_Certidao.pdf";"259633";"ok"
"05 Varejistas no mesmo grupo economico da distribuidora";"48500.021570/2026-76";"Fiscalização Econômica e Financeira: Adimplência Obrigações Setoriais";"11";"0414669";"Certidão";"23/07/2026";"PROTOCOLO-GERAL";"011_SEI_0414669_Certidao.pdf";"65879";"ok"
"05 Varejistas no mesmo grupo economico da distribuidora";"48500.021570/2026-76";"Fiscalização Econômica e Financeira: Adimplência Obrigações Setoriais";"12";"0414670";"Certidão";"23/07/2026";"PROTOCOLO-GERAL";"012_SEI_0414670_Certidao.pdf";"44853";"ok"
"05 Varejistas no mesmo grupo economico da distribuidora";"48500.021570/2026-76";"Fiscalização Econômica e Financeira: Adimplência Obrigações Setoriais";"13";"0414671";"Certificado";"23/07/2026";"PROTOCOLO-GERAL";"013_SEI_0414671_Certificado.pdf";"92103";"ok"
"05 Varejistas no mesmo grupo economico da distribuidora";"48500.021570/2026-76";"Fiscalização Econômica e Financeira: Adimplência Obrigações Setoriais";"14";"0414672";"Certidão";"23/07/2026";"PROTOCOLO-GERAL";"014_SEI_0414672_Certidao.pdf";"71923";"ok"
"05 Varejistas no mesmo grupo economico da distribuidora";"48500.021570/2026-76";"Fiscalização Econômica e Financeira: Adimplência Obrigações Setoriais";"15";"0414673";"Consulta";"23/07/2026";"PROTOCOLO-GERAL";"015_SEI_0414673_Consulta.pdf";"159226";"ok"
"05 Varejistas no mesmo grupo economico da distribuidora";"48500.021570/2026-76";"Fiscalização Econômica e Financeira: Adimplência Obrigações Setoriais";"16";"0414674";"Certificado";"23/07/2026";"PROTOCOLO-GERAL";"016_SEI_0414674_Certificado.pdf";"92103";"ok"
"05 Varejistas no mesmo grupo economico da distribuidora";"48500.021570/2026-76";"Fiscalização Econômica e Financeira: Adimplência Obrigações Setoriais";"17";"0414675";"Certidão";"23/07/2026";"PROTOCOLO-GERAL";"017_SEI_0414675_Certidao.pdf";"259633";"ok"
"05 Varejistas no mesmo grupo economico da distribuidora";"48500.021570/2026-76";"Fiscalização Econômica e Financeira: Adimplência Obrigações Setoriais";"18";"0414676";"Declaração";"23/07/2026";"PROTOCOLO-GERAL";"018_SEI_0414676_Declaracao.pdf";"127755";"ok"
"05 Varejistas no mesmo grupo economico da distribuidora";"48500.021570/2026-76";"Fiscalização Econômica e Financeira: Adimplência Obrigações Setoriais";"19";"0414677";"Organograma";"23/07/2026";"PROTOCOLO-GERAL";"019_SEI_0414677_Organograma.pdf";"299936";"ok"
"05 Varejistas no mesmo grupo economico da distribuidora";"48500.021570/2026-76";"Fiscalização Econômica e Financeira: Adimplência Obrigações Setoriais";"20";"0414678";"Balanço";"23/07/2026";"PROTOCOLO-GERAL";"020_SEI_0414678_Balanco.pdf";"203510";"ok"
"05 Varejistas no mesmo grupo economico da distribuidora";"48500.021570/2026-76";"Fiscalização Econômica e Financeira: Adimplência Obrigações Setoriais";"21";"0414679";"Diagrama";"23/07/2026";"PROTOCOLO-GERAL";"021_SEI_0414679_Diagrama.pdf";"50904";"ok"
"05 Varejistas no mesmo grupo economico da distribuidora";"48500.021570/2026-76";"Fiscalização Econômica e Financeira: Adimplência Obrigações Setoriais";"22";"0414680";"Diagrama";"23/07/2026";"PROTOCOLO-GERAL";"022_SEI_0414680_Diagrama.pdf";"29780";"ok"
"05 Varejistas no mesmo grupo economico da distribuidora";"48500.021570/2026-76";"Fiscalização Econômica e Financeira: Adimplência Obrigações Setoriais";"23";"0414681";"Declaração";"23/07/2026";"PROTOCOLO-GERAL";"023_SEI_0414681_Declaracao.pdf";"3978367";"ok"
"05 Varejistas no mesmo grupo economico da distribuidora";"48500.021570/2026-76";"Fiscalização Econômica e Financeira: Adimplência Obrigações Setoriais";"24";"0414682";"Organograma";"23/07/2026";"PROTOCOLO-GERAL";"024_SEI_0414682_Organograma.pdf";"244486";"ok"
"05 Varejistas no mesmo grupo economico da distribuidora";"48500.021570/2026-76";"Fiscalização Econômica e Financeira: Adimplência Obrigações Setoriais";"25";"0414683";"Organograma";"23/07/2026";"PROTOCOLO-GERAL";"025_SEI_0414683_Organograma.pdf";"562246";"ok"
"05 Varejistas no mesmo grupo economico da distribuidora";"48500.021570/2026-76";"Fiscalização Econômica e Financeira: Adimplência Obrigações Setoriais";"26";"0414684";"Informação";"23/07/2026";"PROTOCOLO-GERAL";"026_SEI_0414684_Informacao.pdf";"40296";"ok"
"05 Varejistas no mesmo grupo economico da distribuidora";"48500.021570/2026-76";"Fiscalização Econômica e Financeira: Adimplência Obrigações Setoriais";"27";"0414685";"Demonstração";"23/07/2026";"PROTOCOLO-GERAL";"027_SEI_0414685_Demonstracao.pdf";"325277";"ok"
"05 Varejistas no mesmo grupo economico da distribuidora";"48500.021570/2026-76";"Fiscalização Econômica e Financeira: Adimplência Obrigações Setoriais";"28";"0414686";"Relatório";"23/07/2026";"PROTOCOLO-GERAL";"028_SEI_0414686_Relatorio.pdf";"336068";"ok"
"05 Varejistas no mesmo grupo economico da distribuidora";"48500.021570/2026-76";"Fiscalização Econômica e Financeira: Adimplência Obrigações Setoriais";"29";"0414687";"Relatório";"23/07/2026";"PROTOCOLO-GERAL";"029_SEI_0414687_Relatorio.pdf";"868812";"ok"
"05 Varejistas no mesmo grupo economico da distribuidora";"48500.021570/2026-76";"Fiscalização Econômica e Financeira: Adimplência Obrigações Setoriais";"30";"0414688";"Relatório";"23/07/2026";"PROTOCOLO-GERAL";"030_SEI_0414688_Relatorio.pdf";"365871";"ok"
"05 Varejistas no mesmo grupo economico da distribuidora";"48500.015356/2026-81";"Regulação do Mercado: Definição de Regras e Procedimentos de Comercialização";"1";"0368856";"Carta 550";"29/05/2026";"PROTOCOLO-GERAL";"001_SEI_0368856_Carta_550.pdf";"43945";"ok"
"05 Varejistas no mesmo grupo economico da distribuidora";"48500.015356/2026-81";"Regulação do Mercado: Definição de Regras e Procedimentos de Comercialização";"2";"0368857";"Apresentação";"29/05/2026";"PROTOCOLO-GERAL";"002_SEI_0368857_Apresentacao.pdf";"3572394";"ok"
"05 Varejistas no mesmo grupo economico da distribuidora";"48500.015356/2026-81";"Regulação do Mercado: Definição de Regras e Procedimentos de Comercialização";"3";"0368858";"Apresentação";"29/05/2026";"PROTOCOLO-GERAL";"003_SEI_0368858_Apresentacao.pdf";"7258047";"ok"
"05 Varejistas no mesmo grupo economico da distribuidora";"48500.015356/2026-81";"Regulação do Mercado: Definição de Regras e Procedimentos de Comercialização";"4";"0368859";"Apresentação";"29/05/2026";"PROTOCOLO-GERAL";"004_SEI_0368859_Apresentacao.pdf";"1883559";"ok"
"05 Varejistas no mesmo grupo economico da distribuidora";"48500.015356/2026-81";"Regulação do Mercado: Definição de Regras e Procedimentos de Comercialização";"5";"0368860";"Apresentação";"29/05/2026";"PROTOCOLO-GERAL";"005_SEI_0368860_Apresentacao.pdf";"5344813";"ok"
"05 Varejistas no mesmo grupo economico da distribuidora";"48500.015356/2026-81";"Regulação do Mercado: Definição de Regras e Procedimentos de Comercialização";"6";"0368861";"Apresentação";"29/05/2026";"PROTOCOLO-GERAL";"006_SEI_0368861_Apresentacao.pdf";"1535006";"ok"
"05 Varejistas no mesmo grupo economico da distribuidora";"48500.015356/2026-81";"Regulação do Mercado: Definição de Regras e Procedimentos de Comercialização";"7";"0368862";"Nota";"29/05/2026";"PROTOCOLO-GERAL";"007_SEI_0368862_Nota.pdf";"5391949";"ok"
"05 Varejistas no mesmo grupo economico da distribuidora";"48500.015356/2026-81";"Regulação do Mercado: Definição de Regras e Procedimentos de Comercialização";"8";"0409182";"Requerimento de Distribuição de Processo";"17/07/2026";"SGM";"008_SEI_0409182_Requerimento_de_Distribuicao_de_Processo.html";"87163";"ok"
"05 Varejistas no mesmo grupo economico da distribuidora";"48500.015356/2026-81";"Regulação do Mercado: Definição de Regras e Procedimentos de Comercialização";"9";"0409613";"Despacho de Distribuição de Processo";"20/07/2026";"SGE -SORTEIO";"009_SEI_0409613_Despacho_de_Distribuicao_de_Processo.html";"86507";"ok"
"05 Varejistas no mesmo grupo economico da distribuidora";"48500.015356/2026-81";"Regulação do Mercado: Definição de Regras e Procedimentos de Comercialização";"10";"0414026";"Nota Técnica 84";"23/07/2026";"SGM";"010_SEI_0414026_Nota_Tecnica_84.html";"483602";"ok"
"05 Varejistas no mesmo grupo economico da distribuidora";"48500.015356/2026-81";"Regulação do Mercado: Definição de Regras e Procedimentos de Comercialização";"11";"0414219";"Anexo";"23/07/2026";"SGM";"011_SEI_0414219_Anexo.pdf";"5391949";"ok"
"05 Varejistas no mesmo grupo economico da distribuidora";"48500.015356/2026-81";"Regulação do Mercado: Definição de Regras e Procedimentos de Comercialização";"12";"0414221";"Anexo";"23/07/2026";"SGM";"012_SEI_0414221_Anexo.pdf";"5344813";"ok"
"05 Varejistas no mesmo grupo economico da distribuidora";"48500.015356/2026-81";"Regulação do Mercado: Definição de Regras e Procedimentos de Comercialização";"13";"0414222";"Anexo";"23/07/2026";"SGM";"013_SEI_0414222_Anexo.pdf";"3572394";"ok"
"05 Varejistas no mesmo grupo economico da distribuidora";"48500.015356/2026-81";"Regulação do Mercado: Definição de Regras e Procedimentos de Comercialização";"14";"0414224";"Anexo";"23/07/2026";"SGM";"014_SEI_0414224_Anexo.pdf";"1535006";"ok"
"05 Varejistas no mesmo grupo economico da distribuidora";"48500.015356/2026-81";"Regulação do Mercado: Definição de Regras e Procedimentos de Comercialização";"15";"0414229";"Anexo";"23/07/2026";"SGM";"015_SEI_0414229_Anexo.pdf";"7258047";"ok"
"05 Varejistas no mesmo grupo economico da distribuidora";"48500.015356/2026-81";"Regulação do Mercado: Definição de Regras e Procedimentos de Comercialização";"16";"0414230";"Anexo";"23/07/2026";"SGM";"016_SEI_0414230_Anexo.pdf";"1883559";"ok"
"05 Varejistas no mesmo grupo economico da distribuidora";"48500.015356/2026-81";"Regulação do Mercado: Definição de Regras e Procedimentos de Comercialização";"17";"0416338";"Requerimento de Inclusão em Pauta";"29/07/2026";"GAB V - WMF";"017_SEI_0416338_Requerimento_de_Inclusao_em_Pauta.html";"86711";"ok"
"05 Varejistas no mesmo grupo economico da distribuidora";"48500.015356/2026-81";"Regulação do Mercado: Definição de Regras e Procedimentos de Comercialização";"18";"0416896";"Voto";"29/07/2026";"GAB V - WMF";"018_SEI_0416896_Voto.html";"176168";"ok"
"05 Varejistas no mesmo grupo economico da distribuidora";"48500.015356/2026-81";"Regulação do Mercado: Definição de Regras e Procedimentos de Comercialização";"19";"0417656";"Aviso de Consulta Pública 25";"29/07/2026";"SMA";"019_SEI_0417656_Aviso_de_Consulta_Publica_25.html";"117984";"ok"
"05 Varejistas no mesmo grupo economico da distribuidora";"48500.015356/2026-81";"Regulação do Mercado: Definição de Regras e Procedimentos de Comercialização";"20";"0418231";"Extrato da Decisão da Diretoria";"31/07/2026";"SGE - PUBLICAÇÃO";"020_SEI_0418231_Extrato_da_Decisao_da_Diretoria.html";"88770";"ok"
"05 Varejistas no mesmo grupo economico da distribuidora";"48500.015356/2026-81";"Regulação do Mercado: Definição de Regras e Procedimentos de Comercialização";"21";"0418719";"E-mail";"24/07/2026";"SGM";"021_SEI_0418719_E_mail.pdf";"1049887";"ok"
"05 Varejistas no mesmo grupo economico da distribuidora";"48500.015356/2026-81";"Regulação do Mercado: Definição de Regras e Procedimentos de Comercialização";"22";"0418722";"E-mail";"24/07/2026";"SGM";"022_SEI_0418722_E_mail.pdf";"1983221";"ok"
"05 Varejistas no mesmo grupo economico da distribuidora";"48500.015356/2026-81";"Regulação do Mercado: Definição de Regras e Procedimentos de Comercialização";"23";"0455332";"E-mail";"20/08/2026";"SGM";"023_SEI_0455332_E_mail.pdf";"618695";"ok"
"05 Varejistas no mesmo grupo economico da distribuidora";"48500.015356/2026-81";"Regulação do Mercado: Definição de Regras e Procedimentos de Comercialização";"24";"0455337";"E-mail";"20/08/2026";"SGM";"024_SEI_0455337_E_mail.pdf";"2096781";"ok"
"05 Varejistas no mesmo grupo economico da distribuidora";"48500.015356/2026-81";"Regulação do Mercado: Definição de Regras e Procedimentos de Comercialização";"25";"0461796";"Relação";"21/09/2026";"SMA";"025_SEI_0461796_Relacao.pdf";"105454";"ok"
"05 Varejistas no mesmo grupo economico da distribuidora";"48500.015356/2026-81";"Regulação do Mercado: Definição de Regras e Procedimentos de Comercialização";"26";"0461798";"Anexo";"21/09/2026";"SMA";"026_SEI_0461798_Anexo.zip";"22664430";"ok"
"05 Varejistas no mesmo grupo economico da distribuidora";"48500.001196/2025-10";"Processo Decisório: Pedido de Efeito Suspensivo do Pedido de Impugnação em Face à Decisão da CCEE";"1";"0026203";"Carta 524";"07/01/2025";"PROTOCOLO-GERAL";"001_SEI_0026203_Carta_524.pdf";"489353";"ok"
"05 Varejistas no mesmo grupo economico da distribuidora";"48500.001196/2025-10";"Processo Decisório: Pedido de Efeito Suspensivo do Pedido de Impugnação em Face à Decisão da CCEE";"2";"0026204";"Processo";"08/01/2025";"PROTOCOLO-GERAL";"002_SEI_0026204_Processo.pdf";"13354459";"ok"
"05 Varejistas no mesmo grupo economico da distribuidora";"48500.001196/2025-10";"Processo Decisório: Pedido de Efeito Suspensivo do Pedido de Impugnação em Face à Decisão da CCEE";"3";"0027667";"Requerimento de Distribuição de Processo";"14/01/2025";"SGE - Sorteio";"003_SEI_0027667_Requerimento_de_Distribuicao_de_Processo.html";"62980";"ok"
"05 Varejistas no mesmo grupo economico da distribuidora";"48500.001196/2025-10";"Processo Decisório: Pedido de Efeito Suspensivo do Pedido de Impugnação em Face à Decisão da CCEE";"4";"0028474";"Despacho de Distribuição de Processo - SICOR";"14/01/2025";"SGE";"004_SEI_0028474_Despacho_de_Distribuicao_de_Processo_SICOR.html";"62333";"ok"
"05 Varejistas no mesmo grupo economico da distribuidora";"48500.001196/2025-10";"Processo Decisório: Pedido de Efeito Suspensivo do Pedido de Impugnação em Face à Decisão da CCEE";"5";"0049012";"Requerimento de Inclusão em Pauta";"19/02/2025";"DIR - AMAC";"005_SEI_0049012_Requerimento_de_Inclusao_em_Pauta.html";"66394";"ok"
"05 Varejistas no mesmo grupo economico da distribuidora";"48500.001196/2025-10";"Processo Decisório: Pedido de Efeito Suspensivo do Pedido de Impugnação em Face à Decisão da CCEE";"6";"0049218";"Voto";"19/02/2025";"DIR - AMAC";"006_SEI_0049218_Voto.html";"87932";"ok"
"05 Varejistas no mesmo grupo economico da distribuidora";"48500.001196/2025-10";"Processo Decisório: Pedido de Efeito Suspensivo do Pedido de Impugnação em Face à Decisão da CCEE";"7";"0051078";"Despacho 412";"21/02/2025";"DIR - AMAC";"007_SEI_0051078_Despacho_412.html";"67480";"ok"
"05 Varejistas no mesmo grupo economico da distribuidora";"48500.001196/2025-10";"Processo Decisório: Pedido de Efeito Suspensivo do Pedido de Impugnação em Face à Decisão da CCEE";"8";"0061747";"Confirmação";"11/02/2025";"DIR - AMAC";"008_SEI_0061747_Confirmacao.pdf";"993079";"ok"
"05 Varejistas no mesmo grupo economico da distribuidora";"48500.001196/2025-10";"Processo Decisório: Pedido de Efeito Suspensivo do Pedido de Impugnação em Face à Decisão da CCEE";"9";"0057550";"Extrato da Decisão da Diretoria";"28/02/2025";"SGE - Publicação";"009_SEI_0057550_Extrato_da_Decisao_da_Diretoria.html";"68157";"ok"
"05 Varejistas no mesmo grupo economico da distribuidora";"48500.001196/2025-10";"Processo Decisório: Pedido de Efeito Suspensivo do Pedido de Impugnação em Face à Decisão da CCEE";"10";"0404287";"Nota Técnica 79";"10/07/2026";"SGM";"010_SEI_0404287_Nota_Tecnica_79.html";"140493";"ok"
"05 Varejistas no mesmo grupo economico da distribuidora";"48500.001196/2025-10";"Processo Decisório: Pedido de Efeito Suspensivo do Pedido de Impugnação em Face à Decisão da CCEE";"11";"0407183";"Requerimento de Distribuição de Processo";"15/07/2026";"SGM";"011_SEI_0407183_Requerimento_de_Distribuicao_de_Processo.html";"86911";"ok"
"05 Varejistas no mesmo grupo economico da distribuidora";"48500.001196/2025-10";"Processo Decisório: Pedido de Efeito Suspensivo do Pedido de Impugnação em Face à Decisão da CCEE";"12";"0409602";"Despacho de Distribuição de Processo";"20/07/2026";"SGE -SORTEIO";"012_SEI_0409602_Despacho_de_Distribuicao_de_Processo.html";"86651";"ok"
"05 Varejistas no mesmo grupo economico da distribuidora";"48500.017565/2026-69";"Assessoramento Jurídico: MPE/MPFF, PE/PF, Defensoria Pública e Poder Judiciário";"1";"0385833";"Despacho";"12/06/2026";"PROTOCOLO-GERAL";"";"";"restrito"
"05 Varejistas no mesmo grupo economico da distribuidora";"48500.017565/2026-69";"Assessoramento Jurídico: MPE/MPFF, PE/PF, Defensoria Pública e Poder Judiciário";"2";"0385834";"Dossiê";"18/06/2026";"PROTOCOLO-GERAL";"002_SEI_0385834_Dossie.pdf";"4048984";"ok"
"05 Varejistas no mesmo grupo economico da distribuidora";"48500.017565/2026-69";"Assessoramento Jurídico: MPE/MPFF, PE/PF, Defensoria Pública e Poder Judiciário";"3";"0386668";"Cota 00839";"18/06/2026";"PROCURADORIA FEDERAL";"003_SEI_0386668_Cota_00839.pdf";"131863";"ok"
"05 Varejistas no mesmo grupo economico da distribuidora";"48500.017565/2026-69";"Assessoramento Jurídico: MPE/MPFF, PE/PF, Defensoria Pública e Poder Judiciário";"4";"0390768";"Ofício 917";"25/06/2026";"SMA";"";"";"restrito"
"05 Varejistas no mesmo grupo economico da distribuidora";"48500.017565/2026-69";"Assessoramento Jurídico: MPE/MPFF, PE/PF, Defensoria Pública e Poder Judiciário";"5";"0391996";"Recibo";"25/06/2026";"SMA";"005_SEI_0391996_Recibo.pdf";"2394315";"ok"
"05 Varejistas no mesmo grupo economico da distribuidora";"48500.017565/2026-69";"Assessoramento Jurídico: MPE/MPFF, PE/PF, Defensoria Pública e Poder Judiciário";"7";"0402077";"Memorando 322";"08/07/2026";"SMA";"007_SEI_0402077_Memorando_322.html";"85851";"ok"
"05 Varejistas no mesmo grupo economico da distribuidora";"48500.017565/2026-69";"Assessoramento Jurídico: MPE/MPFF, PE/PF, Defensoria Pública e Poder Judiciário";"8";"0408071";"Ofício 01433";"16/07/2026";"PROCURADORIA FEDERAL";"008_SEI_0408071_Oficio_01433.pdf";"3647306";"ok"
"05 Varejistas no mesmo grupo economico da distribuidora";"48500.017565/2026-69";"Assessoramento Jurídico: MPE/MPFF, PE/PF, Defensoria Pública e Poder Judiciário";"9";"0408088";"E-mail s/n";"16/07/2026";"PROCURADORIA FEDERAL";"009_SEI_0408088_E_mail_s_n.pdf";"183764";"ok"
"05 Varejistas no mesmo grupo economico da distribuidora";"48500.018909/2026-57";"Regulação da Distribuição: Pleitos sobre Serviços de Distribuição";"1";"0395836";"Carta";"30/06/2026";"PROTOCOLO-GERAL";"001_SEI_0395836_Carta.pdf";"334455";"ok"
"05 Varejistas no mesmo grupo economico da distribuidora";"48500.018909/2026-57";"Regulação da Distribuição: Pleitos sobre Serviços de Distribuição";"2";"0395837";"Procuração";"22/08/2024";"PROTOCOLO-GERAL";"";"";"restrito"
"05 Varejistas no mesmo grupo economico da distribuidora";"48500.018909/2026-57";"Regulação da Distribuição: Pleitos sobre Serviços de Distribuição";"3";"0395838";"Procuração";"22/11/2024";"PROTOCOLO-GERAL";"";"";"restrito"
"05 Varejistas no mesmo grupo economico da distribuidora";"48500.018909/2026-57";"Regulação da Distribuição: Pleitos sobre Serviços de Distribuição";"4";"0395839";"Procuração";"20/05/2025";"PROTOCOLO-GERAL";"";"";"restrito"
"05 Varejistas no mesmo grupo economico da distribuidora";"48500.018909/2026-57";"Regulação da Distribuição: Pleitos sobre Serviços de Distribuição";"5";"0395840";"Procuração";"20/05/2025";"PROTOCOLO-GERAL";"";"";"restrito"
"05 Varejistas no mesmo grupo economico da distribuidora";"48500.018909/2026-57";"Regulação da Distribuição: Pleitos sobre Serviços de Distribuição";"6";"0395841";"Procuração";"12/11/2024";"PROTOCOLO-GERAL";"";"";"restrito"
"05 Varejistas no mesmo grupo economico da distribuidora";"48500.018909/2026-57";"Regulação da Distribuição: Pleitos sobre Serviços de Distribuição";"7";"0395842";"Procuração";"01/05/2025";"PROTOCOLO-GERAL";"";"";"restrito"
"05 Varejistas no mesmo grupo economico da distribuidora";"48500.018909/2026-57";"Regulação da Distribuição: Pleitos sobre Serviços de Distribuição";"8";"0395843";"Procuração";"02/05/2025";"PROTOCOLO-GERAL";"";"";"restrito"
"05 Varejistas no mesmo grupo economico da distribuidora";"48500.018909/2026-57";"Regulação da Distribuição: Pleitos sobre Serviços de Distribuição";"9";"0395844";"Procuração";"08/08/2024";"PROTOCOLO-GERAL";"";"";"restrito"
"05 Varejistas no mesmo grupo economico da distribuidora";"48500.018909/2026-57";"Regulação da Distribuição: Pleitos sobre Serviços de Distribuição";"10";"0395845";"Contrato";"30/06/2026";"PROTOCOLO-GERAL";"";"";"restrito"
"05 Varejistas no mesmo grupo economico da distribuidora";"48500.018909/2026-57";"Regulação da Distribuição: Pleitos sobre Serviços de Distribuição";"11";"0395846";"Contrato";"30/06/2026";"PROTOCOLO-GERAL";"";"";"restrito"
"05 Varejistas no mesmo grupo economico da distribuidora";"48500.018909/2026-57";"Regulação da Distribuição: Pleitos sobre Serviços de Distribuição";"12";"0395847";"Contrato";"30/06/2026";"PROTOCOLO-GERAL";"";"";"restrito"
"05 Varejistas no mesmo grupo economico da distribuidora";"48500.018909/2026-57";"Regulação da Distribuição: Pleitos sobre Serviços de Distribuição";"13";"0395849";"Contrato";"30/06/2026";"PROTOCOLO-GERAL";"";"";"restrito"
"05 Varejistas no mesmo grupo economico da distribuidora";"48500.018909/2026-57";"Regulação da Distribuição: Pleitos sobre Serviços de Distribuição";"14";"0395850";"Contrato";"30/06/2026";"PROTOCOLO-GERAL";"";"";"restrito"
"05 Varejistas no mesmo grupo economico da distribuidora";"48500.018909/2026-57";"Regulação da Distribuição: Pleitos sobre Serviços de Distribuição";"15";"0395851";"Contrato";"30/06/2026";"PROTOCOLO-GERAL";"";"";"restrito"
"05 Varejistas no mesmo grupo economico da distribuidora";"48500.018909/2026-57";"Regulação da Distribuição: Pleitos sobre Serviços de Distribuição";"16";"0395852";"Contrato";"30/06/2026";"PROTOCOLO-GERAL";"";"";"restrito"
"05 Varejistas no mesmo grupo economico da distribuidora";"48500.018909/2026-57";"Regulação da Distribuição: Pleitos sobre Serviços de Distribuição";"17";"0395853";"Contrato";"30/06/2026";"PROTOCOLO-GERAL";"";"";"restrito"
"05 Varejistas no mesmo grupo economico da distribuidora";"48500.018909/2026-57";"Regulação da Distribuição: Pleitos sobre Serviços de Distribuição";"18";"0396307";"Procuração";"01/07/2026";"PROTOCOLO-GERAL";"018_SEI_0396307_Procuracao.pdf";"525873";"ok"
"05 Varejistas no mesmo grupo economico da distribuidora";"48500.018909/2026-57";"Regulação da Distribuição: Pleitos sobre Serviços de Distribuição";"19";"0396308";"Procuração";"01/07/2026";"PROTOCOLO-GERAL";"019_SEI_0396308_Procuracao.pdf";"374312";"ok"
"05 Varejistas no mesmo grupo economico da distribuidora";"48500.018909/2026-57";"Regulação da Distribuição: Pleitos sobre Serviços de Distribuição";"20";"0396309";"Procuração";"01/07/2026";"PROTOCOLO-GERAL";"020_SEI_0396309_Procuracao.pdf";"282046";"ok"
"05 Varejistas no mesmo grupo economico da distribuidora";"48500.018909/2026-57";"Regulação da Distribuição: Pleitos sobre Serviços de Distribuição";"21";"0396310";"Procuração";"01/07/2026";"PROTOCOLO-GERAL";"021_SEI_0396310_Procuracao.pdf";"293768";"ok"
"05 Varejistas no mesmo grupo economico da distribuidora";"48500.018909/2026-57";"Regulação da Distribuição: Pleitos sobre Serviços de Distribuição";"22";"0396311";"Procuração";"01/07/2026";"PROTOCOLO-GERAL";"022_SEI_0396311_Procuracao.pdf";"395303";"ok"
"05 Varejistas no mesmo grupo economico da distribuidora";"48500.018909/2026-57";"Regulação da Distribuição: Pleitos sobre Serviços de Distribuição";"23";"0396312";"Procuração";"01/07/2026";"PROTOCOLO-GERAL";"023_SEI_0396312_Procuracao.pdf";"316557";"ok"
"05 Varejistas no mesmo grupo economico da distribuidora";"48500.018909/2026-57";"Regulação da Distribuição: Pleitos sobre Serviços de Distribuição";"24";"0396313";"Procuração";"01/07/2026";"PROTOCOLO-GERAL";"024_SEI_0396313_Procuracao.pdf";"293857";"ok"
"05 Varejistas no mesmo grupo economico da distribuidora";"48500.018909/2026-57";"Regulação da Distribuição: Pleitos sobre Serviços de Distribuição";"25";"0396314";"Procuração";"01/07/2026";"PROTOCOLO-GERAL";"025_SEI_0396314_Procuracao.pdf";"281204";"ok"
"05 Varejistas no mesmo grupo economico da distribuidora";"48500.018909/2026-57";"Regulação da Distribuição: Pleitos sobre Serviços de Distribuição";"26";"0396315";"Contrato";"01/07/2026";"PROTOCOLO-GERAL";"026_SEI_0396315_Contrato.pdf";"4756293";"ok"
"05 Varejistas no mesmo grupo economico da distribuidora";"48500.018909/2026-57";"Regulação da Distribuição: Pleitos sobre Serviços de Distribuição";"27";"0396316";"Contrato";"01/07/2026";"PROTOCOLO-GERAL";"027_SEI_0396316_Contrato.pdf";"4720436";"ok"
"05 Varejistas no mesmo grupo economico da distribuidora";"48500.018909/2026-57";"Regulação da Distribuição: Pleitos sobre Serviços de Distribuição";"28";"0396317";"Contrato";"01/07/2026";"PROTOCOLO-GERAL";"028_SEI_0396317_Contrato.pdf";"4555575";"ok"
"05 Varejistas no mesmo grupo economico da distribuidora";"48500.018909/2026-57";"Regulação da Distribuição: Pleitos sobre Serviços de Distribuição";"29";"0396318";"Contrato";"01/07/2026";"PROTOCOLO-GERAL";"029_SEI_0396318_Contrato.pdf";"688986";"ok"
"05 Varejistas no mesmo grupo economico da distribuidora";"48500.018909/2026-57";"Regulação da Distribuição: Pleitos sobre Serviços de Distribuição";"30";"0396319";"Contrato";"01/07/2026";"PROTOCOLO-GERAL";"030_SEI_0396319_Contrato.pdf";"640586";"ok"
"05 Varejistas no mesmo grupo economico da distribuidora";"48500.018909/2026-57";"Regulação da Distribuição: Pleitos sobre Serviços de Distribuição";"31";"0396320";"Contrato";"01/07/2026";"PROTOCOLO-GERAL";"031_SEI_0396320_Contrato.pdf";"4811229";"ok"
"05 Varejistas no mesmo grupo economico da distribuidora";"48500.018909/2026-57";"Regulação da Distribuição: Pleitos sobre Serviços de Distribuição";"32";"0396321";"Contrato";"01/07/2026";"PROTOCOLO-GERAL";"032_SEI_0396321_Contrato.pdf";"4268533";"ok"
"05 Varejistas no mesmo grupo economico da distribuidora";"48500.018909/2026-57";"Regulação da Distribuição: Pleitos sobre Serviços de Distribuição";"33";"0396322";"Contrato";"01/07/2026";"PROTOCOLO-GERAL";"033_SEI_0396322_Contrato.pdf";"7551444";"ok"
"05 Varejistas no mesmo grupo economico da distribuidora";"48500.018909/2026-57";"Regulação da Distribuição: Pleitos sobre Serviços de Distribuição";"34";"0396324";"E-mail";"01/07/2026";"PROTOCOLO-GERAL";"034_SEI_0396324_E_mail.html";"2172";"ok"
"05 Varejistas no mesmo grupo economico da distribuidora";"48500.018909/2026-57";"Regulação da Distribuição: Pleitos sobre Serviços de Distribuição";"35";"0398010";"Requerimento de Distribuição de Processo";"06/07/2026";"SGE -SORTEIO";"035_SEI_0398010_Requerimento_de_Distribuicao_de_Processo.html";"87319";"ok"
"05 Varejistas no mesmo grupo economico da distribuidora";"48500.018909/2026-57";"Regulação da Distribuição: Pleitos sobre Serviços de Distribuição";"36";"0398933";"Despacho de Distribuição de Processo";"06/07/2026";"SGE -SORTEIO";"036_SEI_0398933_Despacho_de_Distribuicao_de_Processo.html";"87065";"ok"
"05 Varejistas no mesmo grupo economico da distribuidora";"48500.018909/2026-57";"Regulação da Distribuição: Pleitos sobre Serviços de Distribuição";"37";"0405664";"Requerimento de Inclusão em Pauta";"14/07/2026";"GAB IV - GNSJ";"037_SEI_0405664_Requerimento_de_Inclusao_em_Pauta.html";"87424";"ok"
"05 Varejistas no mesmo grupo economico da distribuidora";"48500.018909/2026-57";"Regulação da Distribuição: Pleitos sobre Serviços de Distribuição";"38";"0406169";"Voto";"14/07/2026";"GAB IV - GNSJ";"038_SEI_0406169_Voto.html";"116738";"ok"
"05 Varejistas no mesmo grupo economico da distribuidora";"48500.018909/2026-57";"Regulação da Distribuição: Pleitos sobre Serviços de Distribuição";"39";"0406858";"Despacho 2562";"15/07/2026";"GAB IV - GNSJ";"039_SEI_0406858_Despacho_2562.html";"87563";"ok"
"05 Varejistas no mesmo grupo economico da distribuidora";"48500.018909/2026-57";"Regulação da Distribuição: Pleitos sobre Serviços de Distribuição";"40";"0407846";"Extrato da Decisão da Diretoria";"17/07/2026";"SGE - PUBLICAÇÃO";"040_SEI_0407846_Extrato_da_Decisao_da_Diretoria.html";"89338";"ok"
"05 Varejistas no mesmo grupo economico da distribuidora";"48500.018909/2026-57";"Regulação da Distribuição: Pleitos sobre Serviços de Distribuição";"41";"0431512";"Aviso";"17/08/2026";"PROTOCOLO-GERAL";"041_SEI_0431512_Aviso.pdf";"145369";"ok"
"05 Varejistas no mesmo grupo economico da distribuidora";"48500.904063/2020-82";"Regulação do Mercado: Contrato de Comercialização de Energia de Licitação Pública - CCELP";"1";"0001442";"Termo de Migração";"07/01/2025";"SGM";"001_SEI_0001442_Termo_de_Migracao.html";"59686";"ok"
"05 Varejistas no mesmo grupo economico da distribuidora";"48500.904063/2020-82";"Regulação do Mercado: Contrato de Comercialização de Energia de Licitação Pública - CCELP";"4";"0369697";"E-mail";"29/05/2026";"SGE -SORTEIO";"004_SEI_0369697_E_mail.pdf";"196385";"ok"
"05 Varejistas no mesmo grupo economico da distribuidora";"48500.904063/2020-82";"Regulação do Mercado: Contrato de Comercialização de Energia de Licitação Pública - CCELP";"5";"0369651";"Requerimento de Distribuição de Processo";"29/05/2026";"SGM";"005_SEI_0369651_Requerimento_de_Distribuicao_de_Processo.html";"87760";"ok"
"05 Varejistas no mesmo grupo economico da distribuidora";"48500.904063/2020-82";"Regulação do Mercado: Contrato de Comercialização de Energia de Licitação Pública - CCELP";"6";"0370072";"Despacho de Distribuição de Processo";"01/06/2026";"SGE -SORTEIO";"006_SEI_0370072_Despacho_de_Distribuicao_de_Processo.html";"87192";"ok"
"05 Varejistas no mesmo grupo economico da distribuidora";"48500.904063/2020-82";"Regulação do Mercado: Contrato de Comercialização de Energia de Licitação Pública - CCELP";"7";"48500.016243/2026-01";"Regulação do Mercado: Gestão de Contratos de Comercialização";"08/06/2026";"PROTOCOLO-GERAL";"";"";"restrito"
"05 Varejistas no mesmo grupo economico da distribuidora";"48500.904063/2020-82";"Regulação do Mercado: Contrato de Comercialização de Energia de Licitação Pública - CCELP";"9";"0403720";"Memória";"10/07/2026";"GAB - APOIO";"009_SEI_0403720_Memoria.pdf";"1474056";"ok"
"05 Varejistas no mesmo grupo economico da distribuidora";"48500.904063/2020-82";"Regulação do Mercado: Contrato de Comercialização de Energia de Licitação Pública - CCELP";"10";"0404571";"Nota";"10/07/2026";"SGM";"";"";"restrito"
"05 Varejistas no mesmo grupo economico da distribuidora";"48500.904063/2020-82";"Regulação do Mercado: Contrato de Comercialização de Energia de Licitação Pública - CCELP";"11";"0405631";"Requerimento de Inclusão em Pauta";"15/07/2026";"GAB V - WMF";"011_SEI_0405631_Requerimento_de_Inclusao_em_Pauta.html";"87409";"ok"
"05 Varejistas no mesmo grupo economico da distribuidora";"48500.904063/2020-82";"Regulação do Mercado: Contrato de Comercialização de Energia de Licitação Pública - CCELP";"12";"0406120";"Voto";"15/07/2026";"GAB V - WMF";"012_SEI_0406120_Voto.html";"401467";"ok"
"05 Varejistas no mesmo grupo economico da distribuidora";"48500.904063/2020-82";"Regulação do Mercado: Contrato de Comercialização de Energia de Licitação Pública - CCELP";"13";"0406337";"Despacho 2556";"15/07/2026";"GAB V - WMF";"013_SEI_0406337_Despacho_2556.html";"91653";"ok"
"05 Varejistas no mesmo grupo economico da distribuidora";"48500.904063/2020-82";"Regulação do Mercado: Contrato de Comercialização de Energia de Licitação Pública - CCELP";"14";"0410121";"Confirmação";"17/07/2026";"GAB V - WMF";"014_SEI_0410121_Confirmacao.pdf";"1175276";"ok"
"05 Varejistas no mesmo grupo economico da distribuidora";"48500.904063/2020-82";"Regulação do Mercado: Contrato de Comercialização de Energia de Licitação Pública - CCELP";"15";"0408625";"Extrato da Decisão da Diretoria";"17/07/2026";"SGE - PUBLICAÇÃO";"015_SEI_0408625_Extrato_da_Decisao_da_Diretoria.html";"91723";"ok"
"05 Varejistas no mesmo grupo economico da distribuidora";"48500.020524/2026-50";"Regulação da Geração: Demais pleitos sobre Serviços de Geração";"1";"0406351";"Carta";"14/07/2026";"PROTOCOLO-GERAL";"001_SEI_0406351_Carta.pdf";"662836";"ok"
"05 Varejistas no mesmo grupo economico da distribuidora";"48500.020524/2026-50";"Regulação da Geração: Demais pleitos sobre Serviços de Geração";"2";"0406352";"Procuração";"14/07/2026";"PROTOCOLO-GERAL";"002_SEI_0406352_Procuracao.pdf";"930724";"ok"
"05 Varejistas no mesmo grupo economico da distribuidora";"48500.020524/2026-50";"Regulação da Geração: Demais pleitos sobre Serviços de Geração";"3";"0406353";"Informação";"14/07/2026";"PROTOCOLO-GERAL";"003_SEI_0406353_Informacao.pdf";"538367";"ok"
"05 Varejistas no mesmo grupo economico da distribuidora";"48500.020524/2026-50";"Regulação da Geração: Demais pleitos sobre Serviços de Geração";"4";"0406354";"Informação";"14/07/2026";"PROTOCOLO-GERAL";"004_SEI_0406354_Informacao.pdf";"475357";"ok"
"05 Varejistas no mesmo grupo economico da distribuidora";"48500.020524/2026-50";"Regulação da Geração: Demais pleitos sobre Serviços de Geração";"5";"0406355";"Carta";"14/07/2026";"PROTOCOLO-GERAL";"005_SEI_0406355_Carta.pdf";"868446";"ok"
"05 Varejistas no mesmo grupo economico da distribuidora";"48500.020524/2026-50";"Regulação da Geração: Demais pleitos sobre Serviços de Geração";"6";"0406356";"Pedido";"14/07/2026";"PROTOCOLO-GERAL";"006_SEI_0406356_Pedido.pdf";"855450";"ok"
"05 Varejistas no mesmo grupo economico da distribuidora";"48500.020524/2026-50";"Regulação da Geração: Demais pleitos sobre Serviços de Geração";"7";"0406357";"Dossiê";"23/08/2024";"PROTOCOLO-GERAL";"007_SEI_0406357_Dossie.pdf";"1741196";"ok"
"05 Varejistas no mesmo grupo economico da distribuidora";"48500.020524/2026-50";"Regulação da Geração: Demais pleitos sobre Serviços de Geração";"8";"0406358";"Despacho";"14/07/2026";"PROTOCOLO-GERAL";"008_SEI_0406358_Despacho.pdf";"662880";"ok"
"05 Varejistas no mesmo grupo economico da distribuidora";"48500.020524/2026-50";"Regulação da Geração: Demais pleitos sobre Serviços de Geração";"9";"0406359";"Ofício 7";"14/07/2026";"PROTOCOLO-GERAL";"009_SEI_0406359_Oficio_7.pdf";"1248036";"ok"
"05 Varejistas no mesmo grupo economico da distribuidora";"48500.020524/2026-50";"Regulação da Geração: Demais pleitos sobre Serviços de Geração";"10";"0406360";"Despacho";"14/07/2026";"PROTOCOLO-GERAL";"010_SEI_0406360_Despacho.pdf";"8968878";"ok"
"05 Varejistas no mesmo grupo economico da distribuidora";"48500.020524/2026-50";"Regulação da Geração: Demais pleitos sobre Serviços de Geração";"11";"0406361";"Despacho";"14/07/2026";"PROTOCOLO-GERAL";"011_SEI_0406361_Despacho.pdf";"638381";"ok"
"05 Varejistas no mesmo grupo economico da distribuidora";"48500.020524/2026-50";"Regulação da Geração: Demais pleitos sobre Serviços de Geração";"12";"0406362";"Ofício 4";"14/07/2026";"PROTOCOLO-GERAL";"012_SEI_0406362_Oficio_4.pdf";"708506";"ok"
"05 Varejistas no mesmo grupo economico da distribuidora";"48500.020524/2026-50";"Regulação da Geração: Demais pleitos sobre Serviços de Geração";"13";"0406364";"Carta 2";"13/02/2022";"PROTOCOLO-GERAL";"013_SEI_0406364_Carta_2.pdf";"855450";"ok"
"05 Varejistas no mesmo grupo economico da distribuidora";"48500.020524/2026-50";"Regulação da Geração: Demais pleitos sobre Serviços de Geração";"14";"0406365";"Ofício 214";"14/07/2026";"PROTOCOLO-GERAL";"014_SEI_0406365_Oficio_214.pdf";"75242";"ok"
"05 Varejistas no mesmo grupo economico da distribuidora";"48500.020524/2026-50";"Regulação da Geração: Demais pleitos sobre Serviços de Geração";"15";"0406366";"Ata";"14/07/2026";"PROTOCOLO-GERAL";"015_SEI_0406366_Ata.pdf";"332481";"ok"
"05 Varejistas no mesmo grupo economico da distribuidora";"48500.020524/2026-50";"Regulação da Geração: Demais pleitos sobre Serviços de Geração";"16";"0406367";"Carta 2658";"14/07/2026";"PROTOCOLO-GERAL";"016_SEI_0406367_Carta_2658.pdf";"4738436";"ok"
"05 Varejistas no mesmo grupo economico da distribuidora";"48500.020524/2026-50";"Regulação da Geração: Demais pleitos sobre Serviços de Geração";"17";"0406368";"Relatório";"14/07/2026";"PROTOCOLO-GERAL";"017_SEI_0406368_Relatorio.pdf";"205220";"ok"
"05 Varejistas no mesmo grupo economico da distribuidora";"48500.020340/2026-90";"Fiscalização Econômica e Financeira: Anuência Prévia - Atos Constitutivos";"1";"0405034";"Carta 1288";"13/07/2026";"PROTOCOLO-GERAL";"001_SEI_0405034_Carta_1288.pdf";"160512";"ok"
"05 Varejistas no mesmo grupo economico da distribuidora";"48500.020340/2026-90";"Fiscalização Econômica e Financeira: Anuência Prévia - Atos Constitutivos";"2";"0405035";"Comprovante";"13/07/2026";"PROTOCOLO-GERAL";"002_SEI_0405035_Comprovante.pdf";"1158510";"ok"
"05 Varejistas no mesmo grupo economico da distribuidora";"48500.020337/2026-76";"Fiscalização Econômica e Financeira: Anuência Prévia - Atos Constitutivos";"1";"0405020";"Carta 1286";"13/07/2026";"PROTOCOLO-GERAL";"001_SEI_0405020_Carta_1286.pdf";"160568";"ok"
"05 Varejistas no mesmo grupo economico da distribuidora";"48500.020337/2026-76";"Fiscalização Econômica e Financeira: Anuência Prévia - Atos Constitutivos";"2";"0405021";"Ata";"13/07/2026";"PROTOCOLO-GERAL";"002_SEI_0405021_Ata.pdf";"5739023";"ok"
"05 Varejistas no mesmo grupo economico da distribuidora";"48500.019803/2026-71";"Fiscalização da Geração: Análise - Implantação";"1";"0401656";"Carta 2";"08/07/2026";"PROTOCOLO-GERAL";"001_SEI_0401656_Carta_2.pdf";"3021317";"ok"
"05 Varejistas no mesmo grupo economico da distribuidora";"48500.019803/2026-71";"Fiscalização da Geração: Análise - Implantação";"2";"0401657";"Licença";"08/07/2026";"PROTOCOLO-GERAL";"002_SEI_0401657_Licenca.pdf";"70067";"ok"
"05 Varejistas no mesmo grupo economico da distribuidora";"48500.019803/2026-71";"Fiscalização da Geração: Análise - Implantação";"3";"0401658";"Declaração";"08/07/2026";"PROTOCOLO-GERAL";"003_SEI_0401658_Declaracao.pdf";"78937";"ok"
"05 Varejistas no mesmo grupo economico da distribuidora";"48500.019803/2026-71";"Fiscalização da Geração: Análise - Implantação";"4";"0401659";"Declaração";"08/07/2026";"PROTOCOLO-GERAL";"004_SEI_0401659_Declaracao.pdf";"162567";"ok"
"05 Varejistas no mesmo grupo economico da distribuidora";"48500.019803/2026-71";"Fiscalização da Geração: Análise - Implantação";"5";"0401661";"Carta";"08/07/2026";"PROTOCOLO-GERAL";"005_SEI_0401661_Carta.pdf";"2399330";"ok"
"05 Varejistas no mesmo grupo economico da distribuidora";"48500.019803/2026-71";"Fiscalização da Geração: Análise - Implantação";"6";"0401662";"Contrato";"08/07/2026";"PROTOCOLO-GERAL";"006_SEI_0401662_Contrato.pdf";"56980";"ok"
"05 Varejistas no mesmo grupo economico da distribuidora";"48500.019803/2026-71";"Fiscalização da Geração: Análise - Implantação";"7";"0401663";"Comprovante";"08/07/2026";"PROTOCOLO-GERAL";"007_SEI_0401663_Comprovante.pdf";"84809";"ok"
"05 Varejistas no mesmo grupo economico da distribuidora";"48500.019803/2026-71";"Fiscalização da Geração: Análise - Implantação";"8";"0401664";"Procuração";"08/07/2026";"PROTOCOLO-GERAL";"008_SEI_0401664_Procuracao.pdf";"313454";"ok"
"05 Varejistas no mesmo grupo economico da distribuidora";"48500.019803/2026-71";"Fiscalização da Geração: Análise - Implantação";"9";"0422358";"Despacho 2968";"05/08/2026";"SFT";"009_SEI_0422358_Despacho_2968.html";"88065";"ok"
"05 Varejistas no mesmo grupo economico da distribuidora";"48500.004840/2026-84";"Regulação do Mercado: Definição de Regras e Procedimentos de Comercialização";"1";"0297524";"Carta 209";"24/02/2026";"PROTOCOLO-GERAL";"001_SEI_0297524_Carta_209.pdf";"60957";"ok"
"05 Varejistas no mesmo grupo economico da distribuidora";"48500.004840/2026-84";"Regulação do Mercado: Definição de Regras e Procedimentos de Comercialização";"2";"0297525";"Relatório";"25/02/2026";"PROTOCOLO-GERAL";"002_SEI_0297525_Relatorio.pdf";"1926930";"ok"
"05 Varejistas no mesmo grupo economico da distribuidora";"48500.004840/2026-84";"Regulação do Mercado: Definição de Regras e Procedimentos de Comercialização";"3";"0297526";"Relatório";"25/02/2026";"PROTOCOLO-GERAL";"003_SEI_0297526_Relatorio.pdf";"2727113";"ok"
"05 Varejistas no mesmo grupo economico da distribuidora";"48500.004840/2026-84";"Regulação do Mercado: Definição de Regras e Procedimentos de Comercialização";"4";"0297527";"Relatório";"25/02/2026";"PROTOCOLO-GERAL";"004_SEI_0297527_Relatorio.pdf";"1472457";"ok"
"05 Varejistas no mesmo grupo economico da distribuidora";"48500.004840/2026-84";"Regulação do Mercado: Definição de Regras e Procedimentos de Comercialização";"5";"0297528";"Nota";"12/02/2026";"PROTOCOLO-GERAL";"005_SEI_0297528_Nota.pdf";"80933";"ok"
"05 Varejistas no mesmo grupo economico da distribuidora";"48500.004840/2026-84";"Regulação do Mercado: Definição de Regras e Procedimentos de Comercialização";"16";"0341956";"Memorando 64";"30/04/2026";"SGM";"016_SEI_0341956_Memorando_64.html";"103983";"ok"
"05 Varejistas no mesmo grupo economico da distribuidora";"48500.004840/2026-84";"Regulação do Mercado: Definição de Regras e Procedimentos de Comercialização";"18";"0346293";"E-mail";"06/05/2026";"SGM";"018_SEI_0346293_E_mail.pdf";"270481";"ok"
"05 Varejistas no mesmo grupo economico da distribuidora";"48500.004840/2026-84";"Regulação do Mercado: Definição de Regras e Procedimentos de Comercialização";"19";"0346298";"Relatório";"06/05/2026";"SGM";"019_SEI_0346298_Relatorio.pdf";"2744604";"ok"
"05 Varejistas no mesmo grupo economico da distribuidora";"48500.004840/2026-84";"Regulação do Mercado: Definição de Regras e Procedimentos de Comercialização";"23";"0371072";"E-mail";"02/06/2026";"SGM";"023_SEI_0371072_E_mail.pdf";"217941";"ok"
"05 Varejistas no mesmo grupo economico da distribuidora";"48500.004840/2026-84";"Regulação do Mercado: Definição de Regras e Procedimentos de Comercialização";"24";"0371077";"Relatório";"02/06/2026";"SGM";"024_SEI_0371077_Relatorio.pdf";"1538890";"ok"
"05 Varejistas no mesmo grupo economico da distribuidora";"48500.004840/2026-84";"Regulação do Mercado: Definição de Regras e Procedimentos de Comercialização";"25";"0375283";"Ofício Circular 1";"08/06/2026";"SGM";"025_SEI_0375283_Oficio_Circular_1.html";"130186";"ok"
"05 Varejistas no mesmo grupo economico da distribuidora";"48500.004840/2026-84";"Regulação do Mercado: Definição de Regras e Procedimentos de Comercialização";"26";"0376240";"Despacho de Mero Expediente 23";"10/06/2026";"SGM";"026_SEI_0376240_Despacho_de_Mero_Expediente_23.html";"107520";"ok"
"05 Varejistas no mesmo grupo economico da distribuidora";"48500.004840/2026-84";"Regulação do Mercado: Definição de Regras e Procedimentos de Comercialização";"27";"0376577";"Aviso";"08/06/2026";"SGM";"027_SEI_0376577_Aviso.pdf";"2237108";"ok"
"05 Varejistas no mesmo grupo economico da distribuidora";"48500.004840/2026-84";"Regulação do Mercado: Definição de Regras e Procedimentos de Comercialização";"28";"0376580";"Aviso";"08/06/2026";"SGM";"028_SEI_0376580_Aviso.pdf";"1899364";"ok"
"05 Varejistas no mesmo grupo economico da distribuidora";"48500.004840/2026-84";"Regulação do Mercado: Definição de Regras e Procedimentos de Comercialização";"29";"0376582";"Aviso";"08/06/2026";"SGM";"029_SEI_0376582_Aviso.pdf";"2876560";"ok"
"05 Varejistas no mesmo grupo economico da distribuidora";"48500.004840/2026-84";"Regulação do Mercado: Definição de Regras e Procedimentos de Comercialização";"30";"0380323";"Despacho de Mero Expediente 15";"12/06/2026";"PROTOCOLO-GERAL";"030_SEI_0380323_Despacho_de_Mero_Expediente_15.html";"95382";"ok"
"05 Varejistas no mesmo grupo economico da distribuidora";"48500.004840/2026-84";"Regulação do Mercado: Definição de Regras e Procedimentos de Comercialização";"32";"0395287";"Aviso";"26/06/2026";"PROTOCOLO-GERAL";"032_SEI_0395287_Aviso.pdf";"150914";"ok"
"05 Varejistas no mesmo grupo economico da distribuidora";"48500.004840/2026-84";"Regulação do Mercado: Definição de Regras e Procedimentos de Comercialização";"34";"0400441";"Aviso";"02/07/2026";"PROTOCOLO-GERAL";"034_SEI_0400441_Aviso.pdf";"154064";"ok"
"05 Varejistas no mesmo grupo economico da distribuidora";"48500.004840/2026-84";"Regulação do Mercado: Definição de Regras e Procedimentos de Comercialização";"35";"0401862";"Nota Técnica 78";"08/07/2026";"SGM";"035_SEI_0401862_Nota_Tecnica_78.html";"303760";"ok"
"05 Varejistas no mesmo grupo economico da distribuidora";"48500.004840/2026-84";"Regulação do Mercado: Definição de Regras e Procedimentos de Comercialização";"36";"0402057";"Requerimento de Distribuição de Processo";"09/07/2026";"SGM";"036_SEI_0402057_Requerimento_de_Distribuicao_de_Processo.html";"87914";"ok"
"05 Varejistas no mesmo grupo economico da distribuidora";"48500.004840/2026-84";"Regulação do Mercado: Definição de Regras e Procedimentos de Comercialização";"37";"0404603";"Despacho de Distribuição de Processo";"13/07/2026";"SGE -SORTEIO";"037_SEI_0404603_Despacho_de_Distribuicao_de_Processo.html";"87522";"ok"
"05 Varejistas no mesmo grupo economico da distribuidora";"48500.004840/2026-84";"Regulação do Mercado: Definição de Regras e Procedimentos de Comercialização";"41";"0424043";"Aviso";"05/08/2026";"PROTOCOLO-GERAL";"041_SEI_0424043_Aviso.pdf";"157154";"ok"
"05 Varejistas no mesmo grupo economico da distribuidora";"48500.004840/2026-84";"Regulação do Mercado: Definição de Regras e Procedimentos de Comercialização";"42";"0424303";"Aviso";"05/08/2026";"PROTOCOLO-GERAL";"042_SEI_0424303_Aviso.pdf";"152041";"ok"
"05 Varejistas no mesmo grupo economico da distribuidora";"48500.004840/2026-84";"Regulação do Mercado: Definição de Regras e Procedimentos de Comercialização";"43";"0425149";"Aviso";"05/08/2026";"PROTOCOLO-GERAL";"043_SEI_0425149_Aviso.pdf";"156563";"ok"
"05 Varejistas no mesmo grupo economico da distribuidora";"48500.004840/2026-84";"Regulação do Mercado: Definição de Regras e Procedimentos de Comercialização";"44";"0425225";"Aviso";"05/08/2026";"PROTOCOLO-GERAL";"044_SEI_0425225_Aviso.pdf";"162160";"ok"
"05 Varejistas no mesmo grupo economico da distribuidora";"48500.004840/2026-84";"Regulação do Mercado: Definição de Regras e Procedimentos de Comercialização";"45";"0430169";"Parecer Jurídico 111";"14/08/2026";"PROCURADORIA FEDERAL";"045_SEI_0430169_Parecer_Juridico_111.pdf";"438288";"ok"
"05 Varejistas no mesmo grupo economico da distribuidora";"48500.004840/2026-84";"Regulação do Mercado: Definição de Regras e Procedimentos de Comercialização";"46";"0444307";"Memória";"25/08/2026";"GAB - APOIO";"046_SEI_0444307_Memoria.pdf";"507799";"ok"
"05 Varejistas no mesmo grupo economico da distribuidora";"48500.004840/2026-84";"Regulação do Mercado: Definição de Regras e Procedimentos de Comercialização";"47";"0449943";"Lista";"02/09/2026";"PROCURADORIA FEDERAL";"047_SEI_0449943_Lista.pdf";"3308834";"ok"
"05 Varejistas no mesmo grupo economico da distribuidora";"48500.004840/2026-84";"Regulação do Mercado: Definição de Regras e Procedimentos de Comercialização";"48";"0454291";"Nota Técnica 123";"09/09/2026";"SGM";"048_SEI_0454291_Nota_Tecnica_123.html";"132402";"ok"
"05 Varejistas no mesmo grupo economico da distribuidora";"48500.004840/2026-84";"Regulação do Mercado: Definição de Regras e Procedimentos de Comercialização";"49";"0455213";"Ofício 116";"10/09/2026";"SGM";"049_SEI_0455213_Oficio_116.html";"92549";"ok"
"05 Varejistas no mesmo grupo economico da distribuidora";"48500.019558/2026-00";"Regulação do Mercado: Gestão de Contratos de Comercialização";"1";"0399854";"Carta";"06/07/2026";"PROTOCOLO-GERAL";"001_SEI_0399854_Carta.pdf";"362377";"ok"
"05 Varejistas no mesmo grupo economico da distribuidora";"48500.019558/2026-00";"Regulação do Mercado: Gestão de Contratos de Comercialização";"2";"0399855";"E-mail";"06/07/2026";"PROTOCOLO-GERAL";"002_SEI_0399855_E_mail.pdf";"111196";"ok"
"05 Varejistas no mesmo grupo economico da distribuidora";"48500.019558/2026-00";"Regulação do Mercado: Gestão de Contratos de Comercialização";"3";"0399856";"Informação";"06/07/2026";"PROTOCOLO-GERAL";"003_SEI_0399856_Informacao.pdf";"344151";"ok"
"05 Varejistas no mesmo grupo economico da distribuidora";"48500.020339/2026-65";"Fiscalização Econômica e Financeira: Anuência Prévia - Atos Constitutivos";"1";"0405029";"Carta 1287";"13/07/2026";"PROTOCOLO-GERAL";"001_SEI_0405029_Carta_1287.pdf";"160580";"ok"
"05 Varejistas no mesmo grupo economico da distribuidora";"48500.020339/2026-65";"Fiscalização Econômica e Financeira: Anuência Prévia - Atos Constitutivos";"2";"0405030";"Documentação Societária";"03/07/2026";"PROTOCOLO-GERAL";"002_SEI_0405030_Documentacao_Societaria.pdf";"1847380";"ok"
"05 Varejistas no mesmo grupo economico da distribuidora";"48500.017201/2026-89";"Regulação da Transmissão: Pleitos sobre Serviços de Transmissão";"1";"0383366";"Carta 60";"15/06/2026";"PROTOCOLO-GERAL";"001_SEI_0383366_Carta_60.pdf";"314692";"ok"
"05 Varejistas no mesmo grupo economico da distribuidora";"48500.017201/2026-89";"Regulação da Transmissão: Pleitos sobre Serviços de Transmissão";"2";"0386256";"Requerimento de Distribuição de Processo";"19/06/2026";"SGE -SORTEIO";"002_SEI_0386256_Requerimento_de_Distribuicao_de_Processo.html";"88049";"ok"
"05 Varejistas no mesmo grupo economico da distribuidora";"48500.017201/2026-89";"Regulação da Transmissão: Pleitos sobre Serviços de Transmissão";"3";"0388012";"Despacho de Distribuição de Processo";"22/06/2026";"SGE -SORTEIO";"003_SEI_0388012_Despacho_de_Distribuicao_de_Processo.html";"87955";"ok"
"05 Varejistas no mesmo grupo economico da distribuidora";"48500.017201/2026-89";"Regulação da Transmissão: Pleitos sobre Serviços de Transmissão";"4";"0400280";"Memória";"02/07/2026";"GAB - APOIO";"004_SEI_0400280_Memoria.pdf";"1028613";"ok"
"05 Varejistas no mesmo grupo economico da distribuidora";"48500.017201/2026-89";"Regulação da Transmissão: Pleitos sobre Serviços de Transmissão";"5";"0405682";"Requerimento de Inclusão em Pauta";"14/07/2026";"GAB IV - GNSJ";"005_SEI_0405682_Requerimento_de_Inclusao_em_Pauta.html";"88195";"ok"
"05 Varejistas no mesmo grupo economico da distribuidora";"48500.017201/2026-89";"Regulação da Transmissão: Pleitos sobre Serviços de Transmissão";"6";"0406224";"Voto";"14/07/2026";"GAB IV - GNSJ";"006_SEI_0406224_Voto.html";"108106";"ok"
"05 Varejistas no mesmo grupo economico da distribuidora";"48500.017201/2026-89";"Regulação da Transmissão: Pleitos sobre Serviços de Transmissão";"7";"0406863";"Despacho 2563";"15/07/2026";"GAB IV - GNSJ";"007_SEI_0406863_Despacho_2563.html";"89363";"ok"
"05 Varejistas no mesmo grupo economico da distribuidora";"48500.017201/2026-89";"Regulação da Transmissão: Pleitos sobre Serviços de Transmissão";"8";"0409661";"Confirmação";"17/07/2026";"GAB IV - GNSJ";"008_SEI_0409661_Confirmacao.pdf";"2298469";"ok"
"05 Varejistas no mesmo grupo economico da distribuidora";"48500.017201/2026-89";"Regulação da Transmissão: Pleitos sobre Serviços de Transmissão";"9";"0407849";"Extrato da Decisão da Diretoria";"17/07/2026";"SGE - PUBLICAÇÃO";"009_SEI_0407849_Extrato_da_Decisao_da_Diretoria.html";"89972";"ok"
"05 Varejistas no mesmo grupo economico da distribuidora";"48500.019118/2026-44";"Fiscalização da Geração: Análise - Implantação";"1";"0397281";"Carta";"01/07/2026";"PROTOCOLO-GERAL";"001_SEI_0397281_Carta.pdf";"345574";"ok"
"05 Varejistas no mesmo grupo economico da distribuidora";"48500.019118/2026-44";"Fiscalização da Geração: Análise - Implantação";"2";"0397282";"Ofício";"18/03/2026";"PROTOCOLO-GERAL";"002_SEI_0397282_Oficio.pdf";"315276";"ok"
"05 Varejistas no mesmo grupo economico da distribuidora";"48500.019118/2026-44";"Fiscalização da Geração: Análise - Implantação";"3";"0397283";"Carta";"02/07/2026";"PROTOCOLO-GERAL";"003_SEI_0397283_Carta.pdf";"263222";"ok"
"05 Varejistas no mesmo grupo economico da distribuidora";"48500.018831/2026-71";"Fiscalização Econômica e Financeira: Adimplência Obrigações Setoriais";"1";"0395437";"Carta 65";"30/06/2026";"PROTOCOLO-GERAL";"001_SEI_0395437_Carta_65.pdf";"553989";"ok"
"05 Varejistas no mesmo grupo economico da distribuidora";"48500.018831/2026-71";"Fiscalização Econômica e Financeira: Adimplência Obrigações Setoriais";"2";"0395438";"Carta 252";"30/06/2026";"PROTOCOLO-GERAL";"002_SEI_0395438_Carta_252.pdf";"1169435";"ok"
"05 Varejistas no mesmo grupo economico da distribuidora";"48500.018919/2026-92";"Fiscalização Econômica e Financeira: Adimplência Obrigações Setoriais";"1";"0395887";"Carta";"30/06/2026";"PROTOCOLO-GERAL";"001_SEI_0395887_Carta.pdf";"558976";"ok"
"05 Varejistas no mesmo grupo economico da distribuidora";"48500.018919/2026-92";"Fiscalização Econômica e Financeira: Adimplência Obrigações Setoriais";"2";"0395888";"Decisão 230425";"23/04/2025";"PROTOCOLO-GERAL";"002_SEI_0395888_Decisao_230425.pdf";"64491";"ok"
"05 Varejistas no mesmo grupo economico da distribuidora";"48500.018919/2026-92";"Fiscalização Econômica e Financeira: Adimplência Obrigações Setoriais";"3";"0395889";"E-mail";"26/06/2026";"PROTOCOLO-GERAL";"003_SEI_0395889_E_mail.pdf";"797501";"ok"
"05 Varejistas no mesmo grupo economico da distribuidora";"48500.028240/2025-21";"Regulação do Mercado: Demais Pleitos sobre o Mercado de Energia";"1";"0194788";"Carta";"11/09/2025";"PROTOCOLO-GERAL";"001_SEI_0194788_Carta.pdf";"2288653";"ok"
"05 Varejistas no mesmo grupo economico da distribuidora";"48500.028240/2025-21";"Regulação do Mercado: Demais Pleitos sobre o Mercado de Energia";"2";"0194789";"Comprovante";"11/09/2025";"PROTOCOLO-GERAL";"002_SEI_0194789_Comprovante.pdf";"248184";"ok"
"05 Varejistas no mesmo grupo economico da distribuidora";"48500.028240/2025-21";"Regulação do Mercado: Demais Pleitos sobre o Mercado de Energia";"3";"0194790";"Procuração";"09/09/2025";"PROTOCOLO-GERAL";"";"";"restrito"
"05 Varejistas no mesmo grupo economico da distribuidora";"48500.028240/2025-21";"Regulação do Mercado: Demais Pleitos sobre o Mercado de Energia";"4";"0194791";"Dossiê";"05/08/2025";"PROTOCOLO-GERAL";"004_SEI_0194791_Dossie.pdf";"2903940";"ok"
"05 Varejistas no mesmo grupo economico da distribuidora";"48500.028240/2025-21";"Regulação do Mercado: Demais Pleitos sobre o Mercado de Energia";"5";"0194792";"Dossiê";"02/06/2022";"PROTOCOLO-GERAL";"005_SEI_0194792_Dossie.pdf";"1584669";"ok"
"05 Varejistas no mesmo grupo economico da distribuidora";"48500.028240/2025-21";"Regulação do Mercado: Demais Pleitos sobre o Mercado de Energia";"6";"0194793";"Ata";"07/06/2023";"PROTOCOLO-GERAL";"006_SEI_0194793_Ata.pdf";"1105650";"ok"
"05 Varejistas no mesmo grupo economico da distribuidora";"48500.028240/2025-21";"Regulação do Mercado: Demais Pleitos sobre o Mercado de Energia";"7";"0194794";"Procuração";"11/09/2025";"PROTOCOLO-GERAL";"007_SEI_0194794_Procuracao.pdf";"716945";"ok"
"05 Varejistas no mesmo grupo economico da distribuidora";"48500.028240/2025-21";"Regulação do Mercado: Demais Pleitos sobre o Mercado de Energia";"8";"0195201";"Requerimento de Distribuição de Processo";"16/09/2025";"SGE -SORTEIO";"008_SEI_0195201_Requerimento_de_Distribuicao_de_Processo.html";"70853";"ok"
"05 Varejistas no mesmo grupo economico da distribuidora";"48500.028240/2025-21";"Regulação do Mercado: Demais Pleitos sobre o Mercado de Energia";"9";"0196011";"Despacho de Distribuição de Processo";"15/09/2025";"SGE -SORTEIO";"009_SEI_0196011_Despacho_de_Distribuicao_de_Processo.html";"70777";"ok"
"05 Varejistas no mesmo grupo economico da distribuidora";"48500.028240/2025-21";"Regulação do Mercado: Demais Pleitos sobre o Mercado de Energia";"10";"0226104";"Requerimento de Inclusão em Pauta";"29/10/2025";"DIR - FLMFS";"010_SEI_0226104_Requerimento_de_Inclusao_em_Pauta.html";"70879";"ok"
"05 Varejistas no mesmo grupo economico da distribuidora";"48500.028240/2025-21";"Regulação do Mercado: Demais Pleitos sobre o Mercado de Energia";"11";"0226866";"Voto";"29/10/2025";"DIR - FLMFS";"011_SEI_0226866_Voto.html";"111526";"ok"
"05 Varejistas no mesmo grupo economico da distribuidora";"48500.028240/2025-21";"Regulação do Mercado: Demais Pleitos sobre o Mercado de Energia";"12";"0226930";"Voto";"29/10/2025";"DIR - GNSJ";"012_SEI_0226930_Voto.html";"85760";"ok"
"05 Varejistas no mesmo grupo economico da distribuidora";"48500.028240/2025-21";"Regulação do Mercado: Demais Pleitos sobre o Mercado de Energia";"13";"0226940";"Despacho 3211";"29/10/2025";"DIR - GNSJ";"013_SEI_0226940_Despacho_3211.html";"72590";"ok"
"05 Varejistas no mesmo grupo economico da distribuidora";"48500.028240/2025-21";"Regulação do Mercado: Demais Pleitos sobre o Mercado de Energia";"14";"0236949";"Despacho 3350";"12/11/2025";"DIR - GNSJ";"014_SEI_0236949_Despacho_3350.html";"71121";"ok"
"05 Varejistas no mesmo grupo economico da distribuidora";"48500.028240/2025-21";"Regulação do Mercado: Demais Pleitos sobre o Mercado de Energia";"15";"0242124";"Extrato da Decisão da";"19/11/2025";"SGE - PUBLICAÇÃO";"015_SEI_0242124_Extrato_da_Decisao_da.html";"83268";"ok"
"05 Varejistas no mesmo grupo economico da distribuidora";"48500.028240/2025-21";"Regulação do Mercado: Demais Pleitos sobre o Mercado de Energia";"16";"0246750";"Termo de Cancelamento de Documento";"26/11/2025";"SGE - PUBLICAÇÃO";"016_SEI_0246750_Termo_de_Cancelamento_de_Documento.html";"71382";"ok"
"05 Varejistas no mesmo grupo economico da distribuidora";"48500.028240/2025-21";"Regulação do Mercado: Demais Pleitos sobre o Mercado de Energia";"17";"0250043";"Aviso";"27/11/2025";"PROTOCOLO-GERAL";"017_SEI_0250043_Aviso.pdf";"147552";"ok"
"05 Varejistas no mesmo grupo economico da distribuidora";"48500.028240/2025-21";"Regulação do Mercado: Demais Pleitos sobre o Mercado de Energia";"18";"0254625";"Aviso";"05/12/2025";"PROTOCOLO-GERAL";"018_SEI_0254625_Aviso.pdf";"167690";"ok"
"05 Varejistas no mesmo grupo economico da distribuidora";"48500.028240/2025-21";"Regulação do Mercado: Demais Pleitos sobre o Mercado de Energia";"19";"0273294";"Aviso";"13/01/2026";"PROTOCOLO-GERAL";"019_SEI_0273294_Aviso.pdf";"147477";"ok"
"05 Varejistas no mesmo grupo economico da distribuidora";"48500.028240/2025-21";"Regulação do Mercado: Demais Pleitos sobre o Mercado de Energia";"20";"0390984";"Nota Técnica 62";"25/06/2026";"SGM";"020_SEI_0390984_Nota_Tecnica_62.html";"180817";"ok"
"05 Varejistas no mesmo grupo economico da distribuidora";"48500.028240/2025-21";"Regulação do Mercado: Demais Pleitos sobre o Mercado de Energia";"21";"0391051";"Despacho 2314";"25/06/2026";"SGM";"021_SEI_0391051_Despacho_2314.html";"87915";"ok"
"05 Varejistas no mesmo grupo economico da distribuidora";"48500.028240/2025-21";"Regulação do Mercado: Demais Pleitos sobre o Mercado de Energia";"22";"0391675";"Publicação";"26/06/2026";"SGM";"022_SEI_0391675_Publicacao.pdf";"15570";"ok"
"05 Varejistas no mesmo grupo economico da distribuidora";"48500.028240/2025-21";"Regulação do Mercado: Demais Pleitos sobre o Mercado de Energia";"23";"0392301";"Memória";"24/06/2026";"SGM";"023_SEI_0392301_Memoria.pdf";"194900";"ok"
"05 Varejistas no mesmo grupo economico da distribuidora";"48500.028240/2025-21";"Regulação do Mercado: Demais Pleitos sobre o Mercado de Energia";"24";"0392308";"Lista";"24/06/2026";"SGM";"024_SEI_0392308_Lista.pdf";"131478";"ok"
"05 Varejistas no mesmo grupo economico da distribuidora";"48500.028240/2025-21";"Regulação do Mercado: Demais Pleitos sobre o Mercado de Energia";"25";"0423996";"Aviso";"05/08/2026";"PROTOCOLO-GERAL";"025_SEI_0423996_Aviso.pdf";"173831";"ok"
"05 Varejistas no mesmo grupo economico da distribuidora";"48500.018305/2026-19";"Fiscalização Econômica e Financeira: Gestão da CCEE, CDE, CCC e RGR";"1";"0390818";"Carta";"24/06/2026";"PROTOCOLO-GERAL";"001_SEI_0390818_Carta.pdf";"538978";"ok"
"05 Varejistas no mesmo grupo economico da distribuidora";"48500.018305/2026-19";"Fiscalização Econômica e Financeira: Gestão da CCEE, CDE, CCC e RGR";"2";"0390819";"Demonstração";"31/12/2025";"PROTOCOLO-GERAL";"002_SEI_0390819_Demonstracao.pdf";"3744270";"ok"
"05 Varejistas no mesmo grupo economico da distribuidora";"48500.018305/2026-19";"Fiscalização Econômica e Financeira: Gestão da CCEE, CDE, CCC e RGR";"3";"0390820";"Demonstração";"31/12/2024";"PROTOCOLO-GERAL";"003_SEI_0390820_Demonstracao.pdf";"991384";"ok"
"05 Varejistas no mesmo grupo economico da distribuidora";"48500.018305/2026-19";"Fiscalização Econômica e Financeira: Gestão da CCEE, CDE, CCC e RGR";"4";"0390821";"Carta";"24/06/2026";"PROTOCOLO-GERAL";"004_SEI_0390821_Carta.pdf";"815784";"ok"
"05 Varejistas no mesmo grupo economico da distribuidora";"48500.018305/2026-19";"Fiscalização Econômica e Financeira: Gestão da CCEE, CDE, CCC e RGR";"5";"0390822";"Carta";"24/06/2026";"PROTOCOLO-GERAL";"005_SEI_0390822_Carta.pdf";"816688";"ok"
"05 Varejistas no mesmo grupo economico da distribuidora";"48500.018305/2026-19";"Fiscalização Econômica e Financeira: Gestão da CCEE, CDE, CCC e RGR";"6";"0390823";"Carta";"11/05/2026";"PROTOCOLO-GERAL";"006_SEI_0390823_Carta.pdf";"754692";"ok"
"05 Varejistas no mesmo grupo economico da distribuidora";"48500.018305/2026-19";"Fiscalização Econômica e Financeira: Gestão da CCEE, CDE, CCC e RGR";"7";"0390824";"Demonstração";"31/12/2023";"PROTOCOLO-GERAL";"007_SEI_0390824_Demonstracao.pdf";"271435";"ok"
"05 Varejistas no mesmo grupo economico da distribuidora";"48500.018084/2026-71";"Regulação do Mercado: Demais Pleitos sobre o Mercado de Energia";"1";"0389072";"Carta";"22/06/2026";"PROTOCOLO-GERAL";"001_SEI_0389072_Carta.pdf";"319516";"ok"
"05 Varejistas no mesmo grupo economico da distribuidora";"48500.018084/2026-71";"Regulação do Mercado: Demais Pleitos sobre o Mercado de Energia";"2";"0389073";"Tabela";"23/06/2026";"PROTOCOLO-GERAL";"002_SEI_0389073_Tabela.pdf";"60558";"ok"
"05 Varejistas no mesmo grupo economico da distribuidora";"48500.018084/2026-71";"Regulação do Mercado: Demais Pleitos sobre o Mercado de Energia";"3";"0389075";"Organograma";"27/05/2026";"PROTOCOLO-GERAL";"003_SEI_0389075_Organograma.pdf";"259917";"ok"
"05 Varejistas no mesmo grupo economico da distribuidora";"48500.018084/2026-71";"Regulação do Mercado: Demais Pleitos sobre o Mercado de Energia";"4";"0389076";"Certidão";"11/06/2026";"PROTOCOLO-GERAL";"004_SEI_0389076_Certidao.pdf";"307809";"ok"
"05 Varejistas no mesmo grupo economico da distribuidora";"48500.018084/2026-71";"Regulação do Mercado: Demais Pleitos sobre o Mercado de Energia";"5";"0389077";"Documentação Societária";"20/05/2026";"PROTOCOLO-GERAL";"005_SEI_0389077_Documentacao_Societaria.pdf";"4309669";"ok"
"05 Varejistas no mesmo grupo economico da distribuidora";"48500.018084/2026-71";"Regulação do Mercado: Demais Pleitos sobre o Mercado de Energia";"6";"0389078";"Certificado";"22/06/2026";"PROTOCOLO-GERAL";"006_SEI_0389078_Certificado.pdf";"257602";"ok"
"05 Varejistas no mesmo grupo economico da distribuidora";"48500.014510/2026-05";"Processo Decisório: Pedido de Medida Cautelar";"1";"0361305";"Carta";"20/05/2026";"PROTOCOLO-GERAL";"001_SEI_0361305_Carta.pdf";"564394";"ok"
"05 Varejistas no mesmo grupo economico da distribuidora";"48500.014510/2026-05";"Processo Decisório: Pedido de Medida Cautelar";"2";"0361306";"Balanço";"30/04/2026";"PROTOCOLO-GERAL";"002_SEI_0361306_Balanco.pdf";"619506";"ok"
"05 Varejistas no mesmo grupo economico da distribuidora";"48500.014510/2026-05";"Processo Decisório: Pedido de Medida Cautelar";"3";"0362695";"Requerimento de Distribuição de Processo";"26/05/2026";"SGE -SORTEIO";"003_SEI_0362695_Requerimento_de_Distribuicao_de_Processo.html";"87601";"ok"
"05 Varejistas no mesmo grupo economico da distribuidora";"48500.014510/2026-05";"Processo Decisório: Pedido de Medida Cautelar";"4";"0364496";"Despacho de Distribuição de Processo";"25/05/2026";"SGE -SORTEIO";"004_SEI_0364496_Despacho_de_Distribuicao_de_Processo.html";"87534";"ok"
"05 Varejistas no mesmo grupo economico da distribuidora";"48500.014510/2026-05";"Processo Decisório: Pedido de Medida Cautelar";"5";"0376500";"Requerimento de Inclusão em Pauta";"12/06/2026";"DIR - WMF";"005_SEI_0376500_Requerimento_de_Inclusao_em_Pauta.html";"87598";"ok"
"05 Varejistas no mesmo grupo economico da distribuidora";"48500.014510/2026-05";"Processo Decisório: Pedido de Medida Cautelar";"6";"0377608";"Voto";"12/06/2026";"DIR - WMF";"006_SEI_0377608_Voto.html";"100219";"ok"
"05 Varejistas no mesmo grupo economico da distribuidora";"48500.014510/2026-05";"Processo Decisório: Pedido de Medida Cautelar";"7";"0377609";"Despacho 2111";"12/06/2026";"DIR - WMF";"007_SEI_0377609_Despacho_2111.html";"89280";"ok"
"05 Varejistas no mesmo grupo economico da distribuidora";"48500.014510/2026-05";"Processo Decisório: Pedido de Medida Cautelar";"8";"0387400";"Confirmação";"17/06/2026";"DIR - WMF";"008_SEI_0387400_Confirmacao.pdf";"3744828";"ok"
"05 Varejistas no mesmo grupo economico da distribuidora";"48500.014510/2026-05";"Processo Decisório: Pedido de Medida Cautelar";"9";"0385814";"Extrato da Decisão da Diretoria";"18/06/2026";"SGE - PUBLICAÇÃO";"009_SEI_0385814_Extrato_da_Decisao_da_Diretoria.html";"89430";"ok"
"05 Varejistas no mesmo grupo economico da distribuidora";"48500.017519/2026-60";"Fiscalização Econômica e Financeira: Anuência Prévia - Transferência de Controle Societário";"1";"0385600";"Carta";"12/05/2026";"PROTOCOLO-GERAL";"001_SEI_0385600_Carta.pdf";"291123";"ok"
"05 Varejistas no mesmo grupo economico da distribuidora";"48500.017519/2026-60";"Fiscalização Econômica e Financeira: Anuência Prévia - Transferência de Controle Societário";"2";"0385601";"Informação";"17/06/2026";"PROTOCOLO-GERAL";"002_SEI_0385601_Informacao.pdf";"31254";"ok"
"05 Varejistas no mesmo grupo economico da distribuidora";"48500.017519/2026-60";"Fiscalização Econômica e Financeira: Anuência Prévia - Transferência de Controle Societário";"3";"0385602";"Informação";"17/06/2026";"PROTOCOLO-GERAL";"";"";"restrito"
"05 Varejistas no mesmo grupo economico da distribuidora";"48500.017519/2026-60";"Fiscalização Econômica e Financeira: Anuência Prévia - Transferência de Controle Societário";"4";"0385603";"Parecer";"17/06/2026";"PROTOCOLO-GERAL";"004_SEI_0385603_Parecer.pdf";"183553";"ok"
"05 Varejistas no mesmo grupo economico da distribuidora";"48500.017519/2026-60";"Fiscalização Econômica e Financeira: Anuência Prévia - Transferência de Controle Societário";"5";"0385604";"Certidão";"17/06/2026";"PROTOCOLO-GERAL";"005_SEI_0385604_Certidao.pdf";"122927";"ok"
"05 Varejistas no mesmo grupo economico da distribuidora";"48500.017519/2026-60";"Fiscalização Econômica e Financeira: Anuência Prévia - Transferência de Controle Societário";"6";"0385605";"Estatuto";"17/06/2026";"PROTOCOLO-GERAL";"006_SEI_0385605_Estatuto.pdf";"30814184";"ok"
"05 Varejistas no mesmo grupo economico da distribuidora";"48500.017519/2026-60";"Fiscalização Econômica e Financeira: Anuência Prévia - Transferência de Controle Societário";"7";"0385641";"E-mail";"17/06/2026";"PROTOCOLO-GERAL";"007_SEI_0385641_E_mail.html";"2753";"ok"
"05 Varejistas no mesmo grupo economico da distribuidora";"48500.017519/2026-60";"Fiscalização Econômica e Financeira: Anuência Prévia - Transferência de Controle Societário";"8";"0385951";"Despacho de Mero Expediente 346";"18/06/2026";"SFF";"008_SEI_0385951_Despacho_de_Mero_Expediente_346.html";"89616";"ok"
"05 Varejistas no mesmo grupo economico da distribuidora";"48500.905662/2012-11";"Fiscalização da Geração: Ação Fiscalizadora - Operação e Manutenção";"1";"0001555";"Termo de Migração";"07/01/2025";"SGM";"001_SEI_0001555_Termo_de_Migracao.html";"59694";"ok"
"05 Varejistas no mesmo grupo economico da distribuidora";"48500.905662/2012-11";"Fiscalização da Geração: Ação Fiscalizadora - Operação e Manutenção";"2";"0040916";"Ofício 29";"10/02/2025";"SGM";"002_SEI_0040916_Oficio_29.html";"83630";"ok"
"05 Varejistas no mesmo grupo economico da distribuidora";"48500.905662/2012-11";"Fiscalização da Geração: Ação Fiscalizadora - Operação e Manutenção";"3";"0045439";"Recibo";"10/02/2025";"SGM";"003_SEI_0045439_Recibo.pdf";"218604";"ok"
"05 Varejistas no mesmo grupo economico da distribuidora";"48500.905662/2012-11";"Fiscalização da Geração: Ação Fiscalizadora - Operação e Manutenção";"4";"0111600";"Nota Técnica 68";"14/05/2025";"SGM";"004_SEI_0111600_Nota_Tecnica_68.html";"496261";"ok"
"05 Varejistas no mesmo grupo economico da distribuidora";"48500.905662/2012-11";"Fiscalização da Geração: Ação Fiscalizadora - Operação e Manutenção";"5";"0113218";"Aviso de Tomada de Subsídios 6";"16/05/2025";"SMA";"005_SEI_0113218_Aviso_de_Tomada_de_Subsidios_6.html";"86581";"ok"
"05 Varejistas no mesmo grupo economico da distribuidora";"48500.905662/2012-11";"Fiscalização da Geração: Ação Fiscalizadora - Operação e Manutenção";"7";"0133588";"Nota Técnica 85";"12/06/2025";"SGM";"007_SEI_0133588_Nota_Tecnica_85.html";"192469";"ok"
"05 Varejistas no mesmo grupo economico da distribuidora";"48500.905662/2012-11";"Fiscalização da Geração: Ação Fiscalizadora - Operação e Manutenção";"8";"0133618";"Requerimento de Distribuição de Processo";"12/06/2025";"SGM";"008_SEI_0133618_Requerimento_de_Distribuicao_de_Processo.html";"70542";"ok"
"05 Varejistas no mesmo grupo economico da distribuidora";"48500.905662/2012-11";"Fiscalização da Geração: Ação Fiscalizadora - Operação e Manutenção";"9";"0135410";"Despacho de Distribuição de Processo";"16/06/2025";"SGE - Sorteio";"009_SEI_0135410_Despacho_de_Distribuicao_de_Processo.html";"70266";"ok"
"05 Varejistas no mesmo grupo economico da distribuidora";"48500.905662/2012-11";"Fiscalização da Geração: Ação Fiscalizadora - Operação e Manutenção";"10";"0138623";"Relação";"23/06/2025";"SMA";"010_SEI_0138623_Relacao.pdf";"74488";"ok"
"05 Varejistas no mesmo grupo economico da distribuidora";"48500.905662/2012-11";"Fiscalização da Geração: Ação Fiscalizadora - Operação e Manutenção";"11";"0138626";"Proposta";"23/06/2025";"SMA";"011_SEI_0138626_Proposta.zip";"229714";"ok"
"05 Varejistas no mesmo grupo economico da distribuidora";"48500.905662/2012-11";"Fiscalização da Geração: Ação Fiscalizadora - Operação e Manutenção";"13";"0139569";"Requerimento de Inclusão em Pauta";"25/06/2025";"DIR - LLS";"013_SEI_0139569_Requerimento_de_Inclusao_em_Pauta.html";"70395";"ok"
"05 Varejistas no mesmo grupo economico da distribuidora";"48500.905662/2012-11";"Fiscalização da Geração: Ação Fiscalizadora - Operação e Manutenção";"14";"0139867";"Voto";"25/06/2025";"DIR - LLS";"014_SEI_0139867_Voto.html";"94898";"ok"
"05 Varejistas no mesmo grupo economico da distribuidora";"48500.905662/2012-11";"Fiscalização da Geração: Ação Fiscalizadora - Operação e Manutenção";"15";"0139886";"Aviso de Consulta Pública 26";"24/06/2025";"SMA";"015_SEI_0139886_Aviso_de_Consulta_Publica_26.html";"86971";"ok"
"05 Varejistas no mesmo grupo economico da distribuidora";"48500.905662/2012-11";"Fiscalização da Geração: Ação Fiscalizadora - Operação e Manutenção";"16";"0140812";"Extrato da Decisão da Diretoria";"25/06/2025";"SGE - Publicação";"016_SEI_0140812_Extrato_da_Decisao_da_Diretoria.html";"72164";"ok"
"05 Varejistas no mesmo grupo economico da distribuidora";"48500.905662/2012-11";"Fiscalização da Geração: Ação Fiscalizadora - Operação e Manutenção";"17";"0140491";"Ofício 100";"26/06/2025";"SGM";"017_SEI_0140491_Oficio_100.html";"77933";"ok"
"05 Varejistas no mesmo grupo economico da distribuidora";"48500.905662/2012-11";"Fiscalização da Geração: Ação Fiscalizadora - Operação e Manutenção";"18";"0142536";"Recibo";"27/06/2025";"SGM";"018_SEI_0142536_Recibo.pdf";"3564486";"ok"
"05 Varejistas no mesmo grupo economico da distribuidora";"48500.905662/2012-11";"Fiscalização da Geração: Ação Fiscalizadora - Operação e Manutenção";"19";"0152989";"Nota Técnica 112";"11/07/2025";"SGM";"019_SEI_0152989_Nota_Tecnica_112.html";"175663";"ok"
"05 Varejistas no mesmo grupo economico da distribuidora";"48500.905662/2012-11";"Fiscalização da Geração: Ação Fiscalizadora - Operação e Manutenção";"20";"0153000";"Anexo";"11/07/2025";"SGM";"020_SEI_0153000_Anexo.zip";"19441";"ok"
"05 Varejistas no mesmo grupo economico da distribuidora";"48500.905662/2012-11";"Fiscalização da Geração: Ação Fiscalizadora - Operação e Manutenção";"21";"0153821";"Despacho de Distribuição de Processo";"14/07/2025";"SGE -SORTEIO";"021_SEI_0153821_Despacho_de_Distribuicao_de_Processo.html";"70471";"ok"
"05 Varejistas no mesmo grupo economico da distribuidora";"48500.905662/2012-11";"Fiscalização da Geração: Ação Fiscalizadora - Operação e Manutenção";"22";"0158219";"Relação";"22/07/2025";"SMA";"022_SEI_0158219_Relacao.pdf";"68094";"ok"
"05 Varejistas no mesmo grupo economico da distribuidora";"48500.905662/2012-11";"Fiscalização da Geração: Ação Fiscalizadora - Operação e Manutenção";"23";"0158225";"Proposta";"22/07/2025";"SMA";"023_SEI_0158225_Proposta.zip";"4496921";"ok"
"05 Varejistas no mesmo grupo economico da distribuidora";"48500.905662/2012-11";"Fiscalização da Geração: Ação Fiscalizadora - Operação e Manutenção";"24";"0156549";"Requerimento de Inclusão em Pauta";"23/07/2025";"DIR - ISN";"024_SEI_0156549_Requerimento_de_Inclusao_em_Pauta.html";"70486";"ok"
"05 Varejistas no mesmo grupo economico da distribuidora";"48500.905662/2012-11";"Fiscalização da Geração: Ação Fiscalizadora - Operação e Manutenção";"25";"0159075";"Voto";"23/07/2025";"DIR - ISN";"025_SEI_0159075_Voto.html";"102886";"ok"
"05 Varejistas no mesmo grupo economico da distribuidora";"48500.905662/2012-11";"Fiscalização da Geração: Ação Fiscalizadora - Operação e Manutenção";"26";"0159077";"Resolução Normativa 1130";"24/07/2025";"DIR - ISN";"026_SEI_0159077_Resolucao_Normativa_1130.html";"75074";"ok"
"05 Varejistas no mesmo grupo economico da distribuidora";"48500.905662/2012-11";"Fiscalização da Geração: Ação Fiscalizadora - Operação e Manutenção";"28";"48500.023607/2025-10";"Regulação do Mercado: Definição de Regras e Procedimentos de Comercialização";"25/07/2025";"PROTOCOLO-GERAL";"";"";"restrito"
"05 Varejistas no mesmo grupo economico da distribuidora";"48500.905662/2012-11";"Fiscalização da Geração: Ação Fiscalizadora - Operação e Manutenção";"30";"0163566";"Extrato da Decisão da Diretoria";"31/07/2025";"SGE - PUBLICAÇÃO";"030_SEI_0163566_Extrato_da_Decisao_da_Diretoria.html";"72071";"ok"
"05 Varejistas no mesmo grupo economico da distribuidora";"48500.905662/2012-11";"Fiscalização da Geração: Ação Fiscalizadora - Operação e Manutenção";"33";"0385663";"E-mail";"15/06/2026";"SGM";"033_SEI_0385663_E_mail.pdf";"67167";"ok"
"05 Varejistas no mesmo grupo economico da distribuidora";"48500.905662/2012-11";"Fiscalização da Geração: Ação Fiscalizadora - Operação e Manutenção";"34";"0385063";"Nota Técnica Conjunta 8";"17/06/2026";"SGM";"034_SEI_0385063_Nota_Tecnica_Conjunta_8.html";"723489";"ok"
"05 Varejistas no mesmo grupo economico da distribuidora";"48500.905662/2012-11";"Fiscalização da Geração: Ação Fiscalizadora - Operação e Manutenção";"35";"0385115";"Planilha";"17/06/2026";"SGM";"035_SEI_0385115_Planilha.zip";"86955";"ok"
"05 Varejistas no mesmo grupo economico da distribuidora";"48500.905662/2012-11";"Fiscalização da Geração: Ação Fiscalizadora - Operação e Manutenção";"36";"0385147";"Despacho 2208";"17/06/2026";"SGM";"036_SEI_0385147_Despacho_2208.html";"123779";"ok"
"05 Varejistas no mesmo grupo economico da distribuidora";"48500.905662/2012-11";"Fiscalização da Geração: Ação Fiscalizadora - Operação e Manutenção";"37";"0385250";"Anexo";"17/06/2026";"SGM";"037_SEI_0385250_Anexo.pdf";"568781";"ok"
"05 Varejistas no mesmo grupo economico da distribuidora";"48500.905662/2012-11";"Fiscalização da Geração: Ação Fiscalizadora - Operação e Manutenção";"38";"0385252";"Anexo";"17/06/2026";"SGM";"038_SEI_0385252_Anexo.pdf";"382079";"ok"
"05 Varejistas no mesmo grupo economico da distribuidora";"48500.905662/2012-11";"Fiscalização da Geração: Ação Fiscalizadora - Operação e Manutenção";"39";"0385253";"Anexo";"17/06/2026";"SGM";"039_SEI_0385253_Anexo.pdf";"138533";"ok"
"05 Varejistas no mesmo grupo economico da distribuidora";"48500.905662/2012-11";"Fiscalização da Geração: Ação Fiscalizadora - Operação e Manutenção";"40";"0386517";"Anexo";"17/06/2026";"SGM";"040_SEI_0386517_Anexo.pdf";"312111";"ok"
"05 Varejistas no mesmo grupo economico da distribuidora";"48500.905662/2012-11";"Fiscalização da Geração: Ação Fiscalizadora - Operação e Manutenção";"41";"0385256";"Anexo";"17/06/2026";"SGM";"041_SEI_0385256_Anexo.pdf";"275708";"ok"
"05 Varejistas no mesmo grupo economico da distribuidora";"48500.905662/2012-11";"Fiscalização da Geração: Ação Fiscalizadora - Operação e Manutenção";"42";"0385258";"Anexo";"17/06/2026";"SGM";"042_SEI_0385258_Anexo.pdf";"331667";"ok"
"05 Varejistas no mesmo grupo economico da distribuidora";"48500.905662/2012-11";"Fiscalização da Geração: Ação Fiscalizadora - Operação e Manutenção";"43";"0385260";"Anexo";"17/06/2026";"SGM";"043_SEI_0385260_Anexo.pdf";"229306";"ok"
"05 Varejistas no mesmo grupo economico da distribuidora";"48500.905662/2012-11";"Fiscalização da Geração: Ação Fiscalizadora - Operação e Manutenção";"44";"0385261";"Anexo";"17/06/2026";"SGM";"044_SEI_0385261_Anexo.pdf";"211566";"ok"
"05 Varejistas no mesmo grupo economico da distribuidora";"48500.905662/2012-11";"Fiscalização da Geração: Ação Fiscalizadora - Operação e Manutenção";"45";"0385262";"Anexo";"17/06/2026";"SGM";"045_SEI_0385262_Anexo.pdf";"269878";"ok"
"05 Varejistas no mesmo grupo economico da distribuidora";"48500.905662/2012-11";"Fiscalização da Geração: Ação Fiscalizadora - Operação e Manutenção";"46";"0385263";"Anexo";"17/06/2026";"SGM";"046_SEI_0385263_Anexo.pdf";"632366";"ok"
"05 Varejistas no mesmo grupo economico da distribuidora";"48500.905662/2012-11";"Fiscalização da Geração: Ação Fiscalizadora - Operação e Manutenção";"47";"0385264";"Anexo";"17/06/2026";"SGM";"047_SEI_0385264_Anexo.pdf";"521836";"ok"
"05 Varejistas no mesmo grupo economico da distribuidora";"48500.905662/2012-11";"Fiscalização da Geração: Ação Fiscalizadora - Operação e Manutenção";"48";"0385267";"Anexo";"17/06/2026";"SGM";"048_SEI_0385267_Anexo.pdf";"886736";"ok"
"05 Varejistas no mesmo grupo economico da distribuidora";"48500.905662/2012-11";"Fiscalização da Geração: Ação Fiscalizadora - Operação e Manutenção";"49";"0387018";"Publicação";"19/06/2026";"SGM";"049_SEI_0387018_Publicacao.pdf";"17033";"ok"
"05 Varejistas no mesmo grupo economico da distribuidora";"48500.905662/2012-11";"Fiscalização da Geração: Ação Fiscalizadora - Operação e Manutenção";"50";"0395204";"Ofício 86";"30/06/2026";"SGM";"050_SEI_0395204_Oficio_86.html";"98608";"ok"
"05 Varejistas no mesmo grupo economico da distribuidora";"48500.905662/2012-11";"Fiscalização da Geração: Ação Fiscalizadora - Operação e Manutenção";"51";"0400650";"Aviso";"30/06/2026";"SGM";"051_SEI_0400650_Aviso.pdf";"2263535";"ok"
"05 Varejistas no mesmo grupo economico da distribuidora";"48500.010118/2026-89";"Outorga de Transmissão: Declaração de Utilidade Pública - DUP";"1";"0330081";"Carta 724";"10/04/2026";"PROTOCOLO-GERAL";"";"";"restrito"
"05 Varejistas no mesmo grupo economico da distribuidora";"48500.010118/2026-89";"Outorga de Transmissão: Declaração de Utilidade Pública - DUP";"2";"0330082";"Carta 724";"10/04/2026";"PROTOCOLO-GERAL";"002_SEI_0330082_Carta_724.pdf";"235240";"ok"
"05 Varejistas no mesmo grupo economico da distribuidora";"48500.010118/2026-89";"Outorga de Transmissão: Declaração de Utilidade Pública - DUP";"3";"0330083";"Informação";"10/04/2026";"PROTOCOLO-GERAL";"003_SEI_0330083_Informacao.zip";"172915";"ok"
"05 Varejistas no mesmo grupo economico da distribuidora";"48500.010118/2026-89";"Outorga de Transmissão: Declaração de Utilidade Pública - DUP";"4";"0330084";"Planta";"10/04/2026";"PROTOCOLO-GERAL";"004_SEI_0330084_Planta.zip";"5519930";"ok"
"05 Varejistas no mesmo grupo economico da distribuidora";"48500.010118/2026-89";"Outorga de Transmissão: Declaração de Utilidade Pública - DUP";"5";"0330085";"Memorial";"10/04/2026";"PROTOCOLO-GERAL";"005_SEI_0330085_Memorial.zip";"60898";"ok"
"05 Varejistas no mesmo grupo economico da distribuidora";"48500.010118/2026-89";"Outorga de Transmissão: Declaração de Utilidade Pública - DUP";"6";"0330086";"Anotação";"10/04/2026";"PROTOCOLO-GERAL";"006_SEI_0330086_Anotacao.zip";"1033720";"ok"
"05 Varejistas no mesmo grupo economico da distribuidora";"48500.010118/2026-89";"Outorga de Transmissão: Declaração de Utilidade Pública - DUP";"7";"0330087";"Anotação";"10/04/2026";"PROTOCOLO-GERAL";"";"";"restrito"
"05 Varejistas no mesmo grupo economico da distribuidora";"48500.010118/2026-89";"Outorga de Transmissão: Declaração de Utilidade Pública - DUP";"8";"0330088";"Recibo";"10/04/2026";"PROTOCOLO-GERAL";"008_SEI_0330088_Recibo.zip";"831616";"ok"
"05 Varejistas no mesmo grupo economico da distribuidora";"48500.010118/2026-89";"Outorga de Transmissão: Declaração de Utilidade Pública - DUP";"9";"0330604";"E-mail";"13/04/2026";"PROTOCOLO-GERAL";"009_SEI_0330604_E_mail.html";"2776";"ok"
"05 Varejistas no mesmo grupo economico da distribuidora";"48500.010118/2026-89";"Outorga de Transmissão: Declaração de Utilidade Pública - DUP";"10";"0343928";"Nota Técnica 626";"04/05/2026";"SCE";"010_SEI_0343928_Nota_Tecnica_626.html";"159650";"ok"
"05 Varejistas no mesmo grupo economico da distribuidora";"48500.010118/2026-89";"Outorga de Transmissão: Declaração de Utilidade Pública - DUP";"11";"0346694";"Requerimento de Distribuição de Processo";"06/05/2026";"SCE";"011_SEI_0346694_Requerimento_de_Distribuicao_de_Processo.html";"87531";"ok"
"05 Varejistas no mesmo grupo economico da distribuidora";"48500.010118/2026-89";"Outorga de Transmissão: Declaração de Utilidade Pública - DUP";"12";"0349264";"Despacho de Distribuição de Processo";"11/05/2026";"SGE -SORTEIO";"012_SEI_0349264_Despacho_de_Distribuicao_de_Processo.html";"87447";"ok"
"05 Varejistas no mesmo grupo economico da distribuidora";"48500.010118/2026-89";"Outorga de Transmissão: Declaração de Utilidade Pública - DUP";"13";"0359509";"Requerimento de Inclusão em Pauta";"19/05/2026";"DIR - WMF";"013_SEI_0359509_Requerimento_de_Inclusao_em_Pauta.html";"87504";"ok"
"05 Varejistas no mesmo grupo economico da distribuidora";"48500.010118/2026-89";"Outorga de Transmissão: Declaração de Utilidade Pública - DUP";"14";"0360127";"Voto";"19/05/2026";"DIR - WMF";"014_SEI_0360127_Voto.html";"99525";"ok"
"05 Varejistas no mesmo grupo economico da distribuidora";"48500.010118/2026-89";"Outorga de Transmissão: Declaração de Utilidade Pública - DUP";"15";"0360128";"Resolução Autorizativa 16685";"21/05/2026";"DIR - WMF";"015_SEI_0360128_Resolucao_Autorizativa_16685.html";"147389";"ok"
"05 Varejistas no mesmo grupo economico da distribuidora";"48500.010118/2026-89";"Outorga de Transmissão: Declaração de Utilidade Pública - DUP";"16";"0363242";"Extrato da Decisão da Diretoria";"22/05/2026";"SGE - PUBLICAÇÃO";"016_SEI_0363242_Extrato_da_Decisao_da_Diretoria.html";"89133";"ok"
"05 Varejistas no mesmo grupo economico da distribuidora";"48500.010118/2026-89";"Outorga de Transmissão: Declaração de Utilidade Pública - DUP";"17";"0368142";"Resolução";"28/05/2026";"SCE";"017_SEI_0368142_Resolucao.pdf";"7324";"ok"
"05 Varejistas no mesmo grupo economico da distribuidora";"48500.010118/2026-89";"Outorga de Transmissão: Declaração de Utilidade Pública - DUP";"18";"0368581";"Confirmação";"27/05/2026";"DIR - WMF";"018_SEI_0368581_Confirmacao.pdf";"2311518";"ok"
"05 Varejistas no mesmo grupo economico da distribuidora";"48500.010118/2026-89";"Outorga de Transmissão: Declaração de Utilidade Pública - DUP";"19";"0368347";"Retificação de Ato Administrativo";"12/06/2026";"SCE";"";"";"restrito"
"05 Varejistas no mesmo grupo economico da distribuidora";"48500.010118/2026-89";"Outorga de Transmissão: Declaração de Utilidade Pública - DUP";"20";"0384007";"Retificação";"16/06/2026";"SCE";"020_SEI_0384007_Retificacao.pdf";"202825";"ok"
"05 Varejistas no mesmo grupo economico da distribuidora";"48500.010118/2026-89";"Outorga de Transmissão: Declaração de Utilidade Pública - DUP";"21";"0384907";"Termo de Arquivamento";"17/06/2026";"SCE";"021_SEI_0384907_Termo_de_Arquivamento.html";"86674";"ok"
"05 Varejistas no mesmo grupo economico da distribuidora";"48500.016989/2026-14";"Regulação Econômica: Normatização";"1";"0380845";"Carta 16";"12/06/2026";"PROTOCOLO-GERAL";"001_SEI_0380845_Carta_16.pdf";"2359173";"ok"
"05 Varejistas no mesmo grupo economico da distribuidora";"48500.016989/2026-14";"Regulação Econômica: Normatização";"2";"0380846";"Notificação";"12/06/2026";"PROTOCOLO-GERAL";"002_SEI_0380846_Notificacao.pdf";"226644";"ok"
"05 Varejistas no mesmo grupo economico da distribuidora";"48500.019463/2026-88";"Regulação do Mercado: Gestão de Contratos de Comercialização";"1";"0399289";"Carta 20";"06/07/2026";"PROTOCOLO-GERAL";"001_SEI_0399289_Carta_20.pdf";"205758";"ok"
"05 Varejistas no mesmo grupo economico da distribuidora";"48500.019463/2026-88";"Regulação do Mercado: Gestão de Contratos de Comercialização";"2";"0399290";"Notificação";"12/06/2026";"PROTOCOLO-GERAL";"002_SEI_0399290_Notificacao.pdf";"226644";"ok"
"05 Varejistas no mesmo grupo economico da distribuidora";"48500.019463/2026-88";"Regulação do Mercado: Gestão de Contratos de Comercialização";"3";"0399291";"Notificação";"29/06/2026";"PROTOCOLO-GERAL";"003_SEI_0399291_Notificacao.pdf";"5409905";"ok"
"05 Varejistas no mesmo grupo economico da distribuidora";"48500.019463/2026-88";"Regulação do Mercado: Gestão de Contratos de Comercialização";"4";"0399292";"Notificação";"06/07/2026";"PROTOCOLO-GERAL";"004_SEI_0399292_Notificacao.pdf";"250885";"ok"
"05 Varejistas no mesmo grupo economico da distribuidora";"48500.019809/2026-48";"Regulação do Mercado: Gestão de Contratos de Comercialização";"1";"0401693";"Carta";"08/07/2026";"PROTOCOLO-GERAL";"001_SEI_0401693_Carta.pdf";"322619";"ok"
"05 Varejistas no mesmo grupo economico da distribuidora";"48500.019809/2026-48";"Regulação do Mercado: Gestão de Contratos de Comercialização";"2";"0401694";"Procuração";"08/07/2026";"PROTOCOLO-GERAL";"002_SEI_0401694_Procuracao.pdf";"2309325";"ok"
"05 Varejistas no mesmo grupo economico da distribuidora";"48500.019809/2026-48";"Regulação do Mercado: Gestão de Contratos de Comercialização";"3";"0401695";"Contrato 001";"29/07/2019";"PROTOCOLO-GERAL";"003_SEI_0401695_Contrato_001.pdf";"1940357";"ok"
"05 Varejistas no mesmo grupo economico da distribuidora";"48500.019809/2026-48";"Regulação do Mercado: Gestão de Contratos de Comercialização";"4";"0401696";"Notificação 92";"07/04/2026";"PROTOCOLO-GERAL";"004_SEI_0401696_Notificacao_92.pdf";"463091";"ok"
"05 Varejistas no mesmo grupo economico da distribuidora";"48500.019809/2026-48";"Regulação do Mercado: Gestão de Contratos de Comercialização";"5";"0401697";"Carta 001";"10/04/2026";"PROTOCOLO-GERAL";"005_SEI_0401697_Carta_001.pdf";"346376";"ok"
"05 Varejistas no mesmo grupo economico da distribuidora";"48500.019809/2026-48";"Regulação do Mercado: Gestão de Contratos de Comercialização";"6";"0401698";"Notificação";"12/06/2026";"PROTOCOLO-GERAL";"006_SEI_0401698_Notificacao.pdf";"163358";"ok"
"05 Varejistas no mesmo grupo economico da distribuidora";"48500.019809/2026-48";"Regulação do Mercado: Gestão de Contratos de Comercialização";"7";"0401699";"Carta";"24/06/2026";"PROTOCOLO-GERAL";"007_SEI_0401699_Carta.pdf";"525519";"ok"
"05 Varejistas no mesmo grupo economico da distribuidora";"48500.019809/2026-48";"Regulação do Mercado: Gestão de Contratos de Comercialização";"8";"0401700";"Notificação";"29/06/2026";"PROTOCOLO-GERAL";"008_SEI_0401700_Notificacao.pdf";"5556406";"ok"
"05 Varejistas no mesmo grupo economico da distribuidora";"48500.019809/2026-48";"Regulação do Mercado: Gestão de Contratos de Comercialização";"9";"0403478";"Requerimento de Distribuição de Processo";"13/07/2026";"SGE -SORTEIO";"009_SEI_0403478_Requerimento_de_Distribuicao_de_Processo.html";"89585";"ok"
"05 Varejistas no mesmo grupo economico da distribuidora";"48500.019809/2026-48";"Regulação do Mercado: Gestão de Contratos de Comercialização";"10";"0404614";"Despacho de Distribuição de Processo";"13/07/2026";"SGE -SORTEIO";"010_SEI_0404614_Despacho_de_Distribuicao_de_Processo.html";"87933";"ok"
"05 Varejistas no mesmo grupo economico da distribuidora";"48500.019809/2026-48";"Regulação do Mercado: Gestão de Contratos de Comercialização";"11";"0410796";"Requerimento de Inclusão em Pauta";"23/07/2026";"GAB V - WMF";"011_SEI_0410796_Requerimento_de_Inclusao_em_Pauta.html";"87668";"ok"
"05 Varejistas no mesmo grupo economico da distribuidora";"48500.019809/2026-48";"Regulação do Mercado: Gestão de Contratos de Comercialização";"12";"0411375";"Voto";"23/07/2026";"GAB V - WMF";"012_SEI_0411375_Voto.html";"108552";"ok"
"05 Varejistas no mesmo grupo economico da distribuidora";"48500.019809/2026-48";"Regulação do Mercado: Gestão de Contratos de Comercialização";"13";"0411376";"Despacho 2702";"24/07/2026";"GAB V - WMF";"013_SEI_0411376_Despacho_2702.html";"89436";"ok"
"05 Varejistas no mesmo grupo economico da distribuidora";"48500.019809/2026-48";"Regulação do Mercado: Gestão de Contratos de Comercialização";"14";"0418653";"Recibo";"30/07/2026";"GAB V - WMF";"014_SEI_0418653_Recibo.pdf";"1758738";"ok"
"05 Varejistas no mesmo grupo economico da distribuidora";"48500.019809/2026-48";"Regulação do Mercado: Gestão de Contratos de Comercialização";"15";"0416075";"Extrato da Decisão da Diretoria";"28/07/2026";"SGE - PUBLICAÇÃO";"015_SEI_0416075_Extrato_da_Decisao_da_Diretoria.html";"89230";"ok"
"05 Varejistas no mesmo grupo economico da distribuidora";"48500.015801/2026-11";"Fiscalização Econômica e Financeira: Monitoramento de Concorrência e Concentração Econômica";"1";"0371855";"Ofício 3485/2026/SGA1/SG/CADE";"02/06/2026";"PROTOCOLO-GERAL";"001_SEI_0371855_Oficio_3485_2026_SGA1_SG_CADE.pdf";"150802";"ok"
"05 Varejistas no mesmo grupo economico da distribuidora";"48500.015801/2026-11";"Fiscalização Econômica e Financeira: Monitoramento de Concorrência e Concentração Econômica";"2";"0371856";"Nota";"02/06/2026";"PROTOCOLO-GERAL";"002_SEI_0371856_Nota.pdf";"1661679";"ok"
"05 Varejistas no mesmo grupo economico da distribuidora";"48500.015801/2026-11";"Fiscalização Econômica e Financeira: Monitoramento de Concorrência e Concentração Econômica";"3";"0371857";"Nota";"02/06/2026";"PROTOCOLO-GERAL";"";"";"restrito"
"05 Varejistas no mesmo grupo economico da distribuidora";"48500.006808/2025-52";"Regulação do Mercado: Pedidos de Impugnação de Decisões da CCEE";"1";"0051185";"Carta 5093";"18/02/2025";"PROTOCOLO-GERAL";"001_SEI_0051185_Carta_5093.pdf";"488806";"ok"
"05 Varejistas no mesmo grupo economico da distribuidora";"48500.006808/2025-52";"Regulação do Mercado: Pedidos de Impugnação de Decisões da CCEE";"2";"0051186";"Processo";"19/02/2025";"PROTOCOLO-GERAL";"002_SEI_0051186_Processo.pdf";"5987588";"ok"
"05 Varejistas no mesmo grupo economico da distribuidora";"48500.006808/2025-52";"Regulação do Mercado: Pedidos de Impugnação de Decisões da CCEE";"3";"0354939";"Nota Técnica 43";"13/05/2026";"SGM";"003_SEI_0354939_Nota_Tecnica_43.html";"147335";"ok"
"05 Varejistas no mesmo grupo economico da distribuidora";"48500.006808/2025-52";"Regulação do Mercado: Pedidos de Impugnação de Decisões da CCEE";"4";"0355246";"Requerimento de Distribuição de Processo";"14/05/2026";"SGM";"004_SEI_0355246_Requerimento_de_Distribuicao_de_Processo.html";"87720";"ok"
"05 Varejistas no mesmo grupo economico da distribuidora";"48500.006808/2025-52";"Regulação do Mercado: Pedidos de Impugnação de Decisões da CCEE";"5";"0358343";"Despacho de Distribuição de Processo";"18/05/2026";"SGE -SORTEIO";"005_SEI_0358343_Despacho_de_Distribuicao_de_Processo.html";"87436";"ok"
"05 Varejistas no mesmo grupo economico da distribuidora";"48500.006808/2025-52";"Regulação do Mercado: Pedidos de Impugnação de Decisões da CCEE";"6";"0366114";"Requerimento de Inclusão em Pauta";"27/05/2026";"DIR - WMF";"006_SEI_0366114_Requerimento_de_Inclusao_em_Pauta.html";"87504";"ok"
"05 Varejistas no mesmo grupo economico da distribuidora";"48500.006808/2025-52";"Regulação do Mercado: Pedidos de Impugnação de Decisões da CCEE";"7";"0366982";"Voto";"27/05/2026";"DIR - WMF";"007_SEI_0366982_Voto.html";"114732";"ok"
"05 Varejistas no mesmo grupo economico da distribuidora";"48500.006808/2025-52";"Regulação do Mercado: Pedidos de Impugnação de Decisões da CCEE";"8";"0366984";"Despacho 1919";"28/05/2026";"DIR - WMF";"008_SEI_0366984_Despacho_1919.html";"89377";"ok"
"05 Varejistas no mesmo grupo economico da distribuidora";"48500.006808/2025-52";"Regulação do Mercado: Pedidos de Impugnação de Decisões da CCEE";"9";"0372814";"Confirmação";"29/05/2026";"DIR - WMF";"009_SEI_0372814_Confirmacao.pdf";"1160319";"ok"
"05 Varejistas no mesmo grupo economico da distribuidora";"48500.006808/2025-52";"Regulação do Mercado: Pedidos de Impugnação de Decisões da CCEE";"10";"0370997";"Extrato da Decisão da Diretoria";"03/06/2026";"SGE - PUBLICAÇÃO";"010_SEI_0370997_Extrato_da_Decisao_da_Diretoria.html";"89017";"ok"
"05 Varejistas no mesmo grupo economico da distribuidora";"48500.033330/2025-33";"Regulação do Mercado: Normatização";"1";"0228901";"Nota Técnica Conjunta 16";"31/10/2025";"SGM";"001_SEI_0228901_Nota_Tecnica_Conjunta_16.html";"291108";"ok"
"05 Varejistas no mesmo grupo economico da distribuidora";"48500.033330/2025-33";"Regulação do Mercado: Normatização";"2";"0228478";"Requerimento de Distribuição de Processo";"30/10/2025";"SGM";"002_SEI_0228478_Requerimento_de_Distribuicao_de_Processo.html";"71030";"ok"
"05 Varejistas no mesmo grupo economico da distribuidora";"48500.033330/2025-33";"Regulação do Mercado: Normatização";"3";"0229973";"Despacho de Distribuição de Processo";"03/11/2025";"SGE -SORTEIO";"003_SEI_0229973_Despacho_de_Distribuicao_de_Processo.html";"70741";"ok"
"05 Varejistas no mesmo grupo economico da distribuidora";"48500.033330/2025-33";"Regulação do Mercado: Normatização";"4";"0230342";"Ofício 171";"03/11/2025";"SGM";"004_SEI_0230342_Oficio_171.html";"76816";"ok"
"05 Varejistas no mesmo grupo economico da distribuidora";"48500.033330/2025-33";"Regulação do Mercado: Normatização";"5";"0230769";"Recibo";"04/11/2025";"SGM";"005_SEI_0230769_Recibo.pdf";"2901769";"ok"
"05 Varejistas no mesmo grupo economico da distribuidora";"48500.033330/2025-33";"Regulação do Mercado: Normatização";"7";"0240093";"Requerimento de Inclusão em Pauta";"18/11/2025";"DIR - WMF";"007_SEI_0240093_Requerimento_de_Inclusao_em_Pauta.html";"71121";"ok"
"05 Varejistas no mesmo grupo economico da distribuidora";"48500.033330/2025-33";"Regulação do Mercado: Normatização";"8";"0240441";"Voto";"18/11/2025";"DIR - WMF";"008_SEI_0240441_Voto.html";"131490";"ok"
"05 Varejistas no mesmo grupo economico da distribuidora";"48500.033330/2025-33";"Regulação do Mercado: Normatização";"9";"0240447";"Aviso de Consulta Pública 37";"18/11/2025";"SMA";"009_SEI_0240447_Aviso_de_Consulta_Publica_37.html";"87046";"ok"
"05 Varejistas no mesmo grupo economico da distribuidora";"48500.033330/2025-33";"Regulação do Mercado: Normatização";"10";"0241341";"Aviso de Retificação - Participação Pública";"19/11/2025";"SMA";"010_SEI_0241341_Aviso_de_Retificacao_Participacao_Publica.html";"70453";"ok"
"05 Varejistas no mesmo grupo economico da distribuidora";"48500.033330/2025-33";"Regulação do Mercado: Normatização";"11";"0241916";"Extrato da Decisão da Diretoria";"19/11/2025";"SGE - PUBLICAÇÃO";"011_SEI_0241916_Extrato_da_Decisao_da_Diretoria.html";"74634";"ok"
"05 Varejistas no mesmo grupo economico da distribuidora";"48500.033330/2025-33";"Regulação do Mercado: Normatização";"12";"0268451";"Relação";"06/01/2026";"SMA";"012_SEI_0268451_Relacao.pdf";"103457";"ok"
"05 Varejistas no mesmo grupo economico da distribuidora";"48500.033330/2025-33";"Regulação do Mercado: Normatização";"13";"0268469";"Proposta";"06/01/2026";"SMA";"013_SEI_0268469_Proposta.zip";"10918243";"ok"
"05 Varejistas no mesmo grupo economico da distribuidora";"48500.033330/2025-33";"Regulação do Mercado: Normatização";"14";"0275509";"Retificação de Ato Administrativo";"19/01/2026";"STR";"014_SEI_0275509_Retificacao_de_Ato_Administrativo.html";"197427";"ok"
"05 Varejistas no mesmo grupo economico da distribuidora";"48500.033330/2025-33";"Regulação do Mercado: Normatização";"17";"0298623";"Ofício 17";"27/02/2026";"SGM";"017_SEI_0298623_Oficio_17.html";"75260";"ok"
"05 Varejistas no mesmo grupo economico da distribuidora";"48500.033330/2025-33";"Regulação do Mercado: Normatização";"18";"0300719";"Aviso";"27/02/2026";"SGM";"018_SEI_0300719_Aviso.pdf";"110409";"ok"
"05 Varejistas no mesmo grupo economico da distribuidora";"48500.033330/2025-33";"Regulação do Mercado: Normatização";"20";"48500.004886/2026-01";"Regulação do Mercado: Demais Pleitos sobre o Mercado de Energia";"25/02/2026";"PROTOCOLO-GERAL";"";"";"restrito"
"05 Varejistas no mesmo grupo economico da distribuidora";"48500.033330/2025-33";"Regulação do Mercado: Normatização";"21";"0325595";"Memória";"06/04/2026";"ASD - APOIO";"021_SEI_0325595_Memoria.pdf";"742766";"ok"
"05 Varejistas no mesmo grupo economico da distribuidora";"48500.033330/2025-33";"Regulação do Mercado: Normatização";"23";"0333253";"Retificação de Ato Administrativo";"16/04/2026";"STR";"023_SEI_0333253_Retificacao_de_Ato_Administrativo.html";"126448";"ok"
"05 Varejistas no mesmo grupo economico da distribuidora";"48500.033330/2025-33";"Regulação do Mercado: Normatização";"26";"0384145";"Carta";"29/05/2026";"SGM";"026_SEI_0384145_Carta.pdf";"462499";"ok"
"05 Varejistas no mesmo grupo economico da distribuidora";"48500.033330/2025-33";"Regulação do Mercado: Normatização";"27";"0375355";"Memorando 91";"08/06/2026";"SGM";"027_SEI_0375355_Memorando_91.html";"99096";"ok"
"05 Varejistas no mesmo grupo economico da distribuidora";"48500.033330/2025-33";"Regulação do Mercado: Normatização";"28";"0424305";"Memória";"07/08/2026";"GAB - APOIO";"028_SEI_0424305_Memoria.pdf";"1231165";"ok"
"05 Varejistas no mesmo grupo economico da distribuidora";"48500.033330/2025-33";"Regulação do Mercado: Normatização";"29";"0425339";"Parecer Jurídico 159";"10/08/2026";"PROCURADORIA FEDERAL";"029_SEI_0425339_Parecer_Juridico_159.pdf";"342302";"ok"
"05 Varejistas no mesmo grupo economico da distribuidora";"48500.033330/2025-33";"Regulação do Mercado: Normatização";"31";"0455035";"Apresentação";"10/09/2026";"STR";"031_SEI_0455035_Apresentacao.pdf";"2233924";"ok"
"05 Varejistas no mesmo grupo economico da distribuidora";"48500.015205/2026-22";"Outorga de Geração: Hídrica - Autorização";"1";"0367575";"Carta";"27/05/2026";"SCE";"001_SEI_0367575_Carta.pdf";"168468";"ok"
"05 Varejistas no mesmo grupo economico da distribuidora";"48500.015205/2026-22";"Outorga de Geração: Hídrica - Autorização";"2";"0367560";"Estatuto";"27/05/2026";"SCE";"002_SEI_0367560_Estatuto.pdf";"1955886";"ok"
"05 Varejistas no mesmo grupo economico da distribuidora";"48500.015205/2026-22";"Outorga de Geração: Hídrica - Autorização";"3";"0367561";"Certidão";"27/05/2026";"SCE";"003_SEI_0367561_Certidao.pdf";"15555";"ok"
"05 Varejistas no mesmo grupo economico da distribuidora";"48500.015205/2026-22";"Outorga de Geração: Hídrica - Autorização";"4";"0367562";"Balanço";"27/05/2026";"SCE";"004_SEI_0367562_Balanco.pdf";"571053";"ok"
"05 Varejistas no mesmo grupo economico da distribuidora";"48500.015205/2026-22";"Outorga de Geração: Hídrica - Autorização";"5";"0367563";"Carta";"27/05/2026";"SCE";"005_SEI_0367563_Carta.pdf";"77865";"ok"
"05 Varejistas no mesmo grupo economico da distribuidora";"48500.015205/2026-22";"Outorga de Geração: Hídrica - Autorização";"6";"0367564";"Certidão";"27/05/2026";"SCE";"006_SEI_0367564_Certidao.pdf";"224823";"ok"
"05 Varejistas no mesmo grupo economico da distribuidora";"48500.015205/2026-22";"Outorga de Geração: Hídrica - Autorização";"7";"0367565";"Certidão";"27/05/2026";"SCE";"007_SEI_0367565_Certidao.pdf";"113544";"ok"
"05 Varejistas no mesmo grupo economico da distribuidora";"48500.015205/2026-22";"Outorga de Geração: Hídrica - Autorização";"8";"0367566";"Certidão";"27/05/2026";"SCE";"008_SEI_0367566_Certidao.pdf";"91960";"ok"
"05 Varejistas no mesmo grupo economico da distribuidora";"48500.015205/2026-22";"Outorga de Geração: Hídrica - Autorização";"9";"0367567";"Certidão";"27/05/2026";"SCE";"009_SEI_0367567_Certidao.pdf";"86050";"ok"
"05 Varejistas no mesmo grupo economico da distribuidora";"48500.015205/2026-22";"Outorga de Geração: Hídrica - Autorização";"10";"0367568";"Licença";"27/05/2026";"SCE";"010_SEI_0367568_Licenca.pdf";"173161";"ok"
"05 Varejistas no mesmo grupo economico da distribuidora";"48500.015205/2026-22";"Outorga de Geração: Hídrica - Autorização";"11";"0367569";"Documento";"27/05/2026";"SCE";"011_SEI_0367569_Documento.pdf";"1301100";"ok"
"05 Varejistas no mesmo grupo economico da distribuidora";"48500.015205/2026-22";"Outorga de Geração: Hídrica - Autorização";"12";"0367570";"Cronograma";"27/05/2026";"SCE";"012_SEI_0367570_Cronograma.pdf";"37419";"ok"
"05 Varejistas no mesmo grupo economico da distribuidora";"48500.015205/2026-22";"Outorga de Geração: Hídrica - Autorização";"13";"0367571";"Certidão";"27/05/2026";"SCE";"013_SEI_0367571_Certidao.pdf";"983774";"ok"
"05 Varejistas no mesmo grupo economico da distribuidora";"48500.015205/2026-22";"Outorga de Geração: Hídrica - Autorização";"14";"0367572";"Certidão";"27/05/2026";"SCE";"014_SEI_0367572_Certidao.pdf";"983774";"ok"
"05 Varejistas no mesmo grupo economico da distribuidora";"48500.015205/2026-22";"Outorga de Geração: Hídrica - Autorização";"15";"0367573";"Parecer";"27/05/2026";"SCE";"015_SEI_0367573_Parecer.pdf";"2534067";"ok"
"05 Varejistas no mesmo grupo economico da distribuidora";"48500.015205/2026-22";"Outorga de Geração: Hídrica - Autorização";"16";"0367574";"Declaração";"27/05/2026";"SCE";"016_SEI_0367574_Declaracao.pdf";"161511";"ok"
"05 Varejistas no mesmo grupo economico da distribuidora";"48500.015205/2026-22";"Outorga de Geração: Hídrica - Autorização";"17";"0367576";"Ata";"27/05/2026";"SCE";"017_SEI_0367576_Ata.pdf";"1038618";"ok"
"05 Varejistas no mesmo grupo economico da distribuidora";"48500.015205/2026-22";"Outorga de Geração: Hídrica - Autorização";"18";"0367577";"Extrato";"27/05/2026";"SCE";"018_SEI_0367577_Extrato.pdf";"42933";"ok"
"05 Varejistas no mesmo grupo economico da distribuidora";"48500.014693/2026-51";"Fiscalização Econômica e Financeira: Gestão da CCEE, CDE, CCC e RGR";"1";"0364144";"Carta";"22/05/2026";"PROTOCOLO-GERAL";"001_SEI_0364144_Carta.pdf";"205240";"ok"
"05 Varejistas no mesmo grupo economico da distribuidora";"48500.014693/2026-51";"Fiscalização Econômica e Financeira: Gestão da CCEE, CDE, CCC e RGR";"2";"0363351";"Carta";"22/05/2026";"PROTOCOLO-GERAL";"002_SEI_0363351_Carta.pdf";"175343";"ok"
"05 Varejistas no mesmo grupo economico da distribuidora";"48500.037295/2025-21";"Fiscalização Econômica e Financeira: Monitoramento da Comercialização";"1";"0255996";"Carta 30793";"09/12/2025";"PROTOCOLO-GERAL";"001_SEI_0255996_Carta_30793.pdf";"44268";"ok"
"05 Varejistas no mesmo grupo economico da distribuidora";"48500.037295/2025-21";"Fiscalização Econômica e Financeira: Monitoramento da Comercialização";"2";"0255997";"Relatório";"09/12/2025";"PROTOCOLO-GERAL";"002_SEI_0255997_Relatorio.pdf";"1061356";"ok"
"05 Varejistas no mesmo grupo economico da distribuidora";"48500.037295/2025-21";"Fiscalização Econômica e Financeira: Monitoramento da Comercialização";"3";"0255998";"Relatório";"09/12/2025";"PROTOCOLO-GERAL";"003_SEI_0255998_Relatorio.pdf";"968324";"ok"
"05 Varejistas no mesmo grupo economico da distribuidora";"48500.037295/2025-21";"Fiscalização Econômica e Financeira: Monitoramento da Comercialização";"4";"0255999";"Nota 1";"09/12/2025";"PROTOCOLO-GERAL";"004_SEI_0255999_Nota_1.pdf";"774578";"ok"
"05 Varejistas no mesmo grupo economico da distribuidora";"48500.037295/2025-21";"Fiscalização Econômica e Financeira: Monitoramento da Comercialização";"5";"0337292";"E-mail";"24/04/2026";"SGE -SORTEIO";"005_SEI_0337292_E_mail.pdf";"206088";"ok"
"05 Varejistas no mesmo grupo economico da distribuidora";"48500.037295/2025-21";"Fiscalização Econômica e Financeira: Monitoramento da Comercialização";"6";"0337088";"Requerimento de Distribuição de Processo";"23/04/2026";"SFF";"006_SEI_0337088_Requerimento_de_Distribuicao_de_Processo.html";"87858";"ok"
"05 Varejistas no mesmo grupo economico da distribuidora";"48500.037295/2025-21";"Fiscalização Econômica e Financeira: Monitoramento da Comercialização";"7";"0338528";"Despacho de Distribuição de Processo";"27/04/2026";"SGE -SORTEIO";"007_SEI_0338528_Despacho_de_Distribuicao_de_Processo.html";"87454";"ok"
"05 Varejistas no mesmo grupo economico da distribuidora";"48500.037295/2025-21";"Fiscalização Econômica e Financeira: Monitoramento da Comercialização";"8";"0359236";"Nota Técnica Conjunta 5";"19/05/2026";"SFF";"008_SEI_0359236_Nota_Tecnica_Conjunta_5.html";"312087";"ok"
"05 Varejistas no mesmo grupo economico da distribuidora";"48500.037295/2025-21";"Fiscalização Econômica e Financeira: Monitoramento da Comercialização";"9";"0359488";"Relatório de Análise de Impacto Regulatório 1";"19/05/2026";"SFF";"009_SEI_0359488_Relatorio_de_Analise_de_Impacto_Regulatorio_1.html";"573072";"ok"
"05 Varejistas no mesmo grupo economico da distribuidora";"48500.037295/2025-21";"Fiscalização Econômica e Financeira: Monitoramento da Comercialização";"10";"0359869";"Anexo";"19/05/2026";"SFF";"010_SEI_0359869_Anexo.zip";"456137";"ok"
"05 Varejistas no mesmo grupo economico da distribuidora";"48500.037295/2025-21";"Fiscalização Econômica e Financeira: Monitoramento da Comercialização";"11";"0378337";"Minuta";"10/06/2026";"SFF";"011_SEI_0378337_Minuta.pdf";"189546";"ok"
"05 Varejistas no mesmo grupo economico da distribuidora";"48500.037295/2025-21";"Fiscalização Econômica e Financeira: Monitoramento da Comercialização";"12";"0378339";"Minuta";"10/06/2026";"SFF";"012_SEI_0378339_Minuta.pdf";"391155";"ok"
"05 Varejistas no mesmo grupo economico da distribuidora";"48500.037295/2025-21";"Fiscalização Econômica e Financeira: Monitoramento da Comercialização";"14";"0383666";"Requerimento de Inclusão em Pauta";"18/06/2026";"DIR - GNSJ";"014_SEI_0383666_Requerimento_de_Inclusao_em_Pauta.html";"87544";"ok"
"05 Varejistas no mesmo grupo economico da distribuidora";"48500.037295/2025-21";"Fiscalização Econômica e Financeira: Monitoramento da Comercialização";"15";"0383921";"Voto";"18/06/2026";"DIR - GNSJ";"015_SEI_0383921_Voto.html";"121650";"ok"
"05 Varejistas no mesmo grupo economico da distribuidora";"48500.037295/2025-21";"Fiscalização Econômica e Financeira: Monitoramento da Comercialização";"16";"0384021";"Aviso de Consulta Pública 17";"16/06/2026";"SMA";"016_SEI_0384021_Aviso_de_Consulta_Publica_17.html";"118591";"ok"
"05 Varejistas no mesmo grupo economico da distribuidora";"48500.037295/2025-21";"Fiscalização Econômica e Financeira: Monitoramento da Comercialização";"17";"0385820";"Extrato da Decisão da Diretoria";"18/06/2026";"SGE - PUBLICAÇÃO";"017_SEI_0385820_Extrato_da_Decisao_da_Diretoria.html";"89469";"ok"
"05 Varejistas no mesmo grupo economico da distribuidora";"48500.037295/2025-21";"Fiscalização Econômica e Financeira: Monitoramento da Comercialização";"19";"0407860";"Aviso de Prorrogação da Consulta Pública";"16/07/2026";"SMA";"";"";"restrito"
"05 Varejistas no mesmo grupo economico da distribuidora";"48500.037295/2025-21";"Fiscalização Econômica e Financeira: Monitoramento da Comercialização";"20";"0453825";"Relação";"09/09/2026";"SMA";"020_SEI_0453825_Relacao.pdf";"106131";"ok"
"05 Varejistas no mesmo grupo economico da distribuidora";"48500.037295/2025-21";"Fiscalização Econômica e Financeira: Monitoramento da Comercialização";"21";"0453837";"Anexo";"09/09/2026";"SMA";"021_SEI_0453837_Anexo.zip";"21877628";"ok"
"05 Varejistas no mesmo grupo economico da distribuidora";"48500.037295/2025-21";"Fiscalização Econômica e Financeira: Monitoramento da Comercialização";"22";"0463741";"Relação";"22/09/2026";"SMA";"022_SEI_0463741_Relacao.pdf";"75855";"ok"
"05 Varejistas no mesmo grupo economico da distribuidora";"48500.014467/2026-70";"Regulação da Distribuição: Pleitos sobre Serviços de Distribuição";"1";"0360982";"Carta 11";"07/05/2026";"PROTOCOLO-GERAL";"001_SEI_0360982_Carta_11.pdf";"152744";"ok"