"categoria";"processo";"tipo_processo";"ordem";"sei";"tipo_documento";"data";"unidade";"arquivo";"bytes";"status"
"01 Encargos rescisorios CUST x RAP transmissoras";"48500.028144/2026-63";"Fiscalização da Geração: Análise - Implantação";"1";"0466383";"Carta 49";"24/09/2026";"PROTOCOLO-GERAL";"001_SEI_0466383_Carta_49.pdf";"681136";"ok"
"01 Encargos rescisorios CUST x RAP transmissoras";"48500.028144/2026-63";"Fiscalização da Geração: Análise - Implantação";"2";"0466384";"Relatório";"24/09/2026";"PROTOCOLO-GERAL";"002_SEI_0466384_Relatorio.pdf";"3342008";"ok"
"01 Encargos rescisorios CUST x RAP transmissoras";"48500.028144/2026-63";"Fiscalização da Geração: Análise - Implantação";"3";"0466385";"Dossiê";"24/09/2026";"PROTOCOLO-GERAL";"003_SEI_0466385_Dossie.pdf";"275208";"ok"
"01 Encargos rescisorios CUST x RAP transmissoras";"48500.028144/2026-63";"Fiscalização da Geração: Análise - Implantação";"4";"0466386";"Dossiê";"24/09/2026";"PROTOCOLO-GERAL";"004_SEI_0466386_Dossie.pdf";"992467";"ok"
"01 Encargos rescisorios CUST x RAP transmissoras";"48500.028144/2026-63";"Fiscalização da Geração: Análise - Implantação";"5";"0466387";"Dossiê";"24/09/2026";"PROTOCOLO-GERAL";"005_SEI_0466387_Dossie.pdf";"5703165";"ok"
"01 Encargos rescisorios CUST x RAP transmissoras";"48500.028148/2026-41";"Fiscalização da Geração: Análise - Implantação";"1";"0466396";"Carta ZEB REG RRG 2026/051";"14/09/2026";"PROTOCOLO-GERAL";"001_SEI_0466396_Carta_ZEB_REG_RRG_2026_051.pdf";"680690";"ok"
"01 Encargos rescisorios CUST x RAP transmissoras";"48500.028148/2026-41";"Fiscalização da Geração: Análise - Implantação";"2";"0466397";"Relatório";"14/09/2026";"PROTOCOLO-GERAL";"002_SEI_0466397_Relatorio.pdf";"3341732";"ok"
"01 Encargos rescisorios CUST x RAP transmissoras";"48500.028148/2026-41";"Fiscalização da Geração: Análise - Implantação";"3";"0466398";"Declaração";"24/09/2026";"PROTOCOLO-GERAL";"003_SEI_0466398_Declaracao.pdf";"274999";"ok"
"01 Encargos rescisorios CUST x RAP transmissoras";"48500.028148/2026-41";"Fiscalização da Geração: Análise - Implantação";"4";"0466399";"Contrato";"24/09/2026";"PROTOCOLO-GERAL";"004_SEI_0466399_Contrato.pdf";"992168";"ok"
"01 Encargos rescisorios CUST x RAP transmissoras";"48500.028148/2026-41";"Fiscalização da Geração: Análise - Implantação";"5";"0466400";"Estatuto";"24/09/2026";"PROTOCOLO-GERAL";"005_SEI_0466400_Estatuto.pdf";"5698248";"ok"
"01 Encargos rescisorios CUST x RAP transmissoras";"48500.028145/2026-16";"Fiscalização da Geração: Análise - Implantação";"1";"0466388";"Carta ZEB REG RRG 2026/050";"14/09/2026";"PROTOCOLO-GERAL";"001_SEI_0466388_Carta_ZEB_REG_RRG_2026_050.pdf";"680395";"ok"
"01 Encargos rescisorios CUST x RAP transmissoras";"48500.028145/2026-16";"Fiscalização da Geração: Análise - Implantação";"2";"0466389";"Relatório";"14/09/2026";"PROTOCOLO-GERAL";"002_SEI_0466389_Relatorio.pdf";"3342384";"ok"
"01 Encargos rescisorios CUST x RAP transmissoras";"48500.028145/2026-16";"Fiscalização da Geração: Análise - Implantação";"3";"0466390";"Declaração";"24/09/2026";"PROTOCOLO-GERAL";"003_SEI_0466390_Declaracao.pdf";"275067";"ok"
"01 Encargos rescisorios CUST x RAP transmissoras";"48500.028145/2026-16";"Fiscalização da Geração: Análise - Implantação";"4";"0466391";"Contrato";"24/09/2026";"PROTOCOLO-GERAL";"004_SEI_0466391_Contrato.pdf";"992210";"ok"
"01 Encargos rescisorios CUST x RAP transmissoras";"48500.028145/2026-16";"Fiscalização da Geração: Análise - Implantação";"5";"0466392";"Estatuto";"24/09/2026";"PROTOCOLO-GERAL";"005_SEI_0466392_Estatuto.pdf";"5722536";"ok"
"01 Encargos rescisorios CUST x RAP transmissoras";"48500.028141/2026-20";"Fiscalização da Geração: Análise - Implantação";"1";"0466365";"Carta 46";"24/09/2026";"PROTOCOLO-GERAL";"001_SEI_0466365_Carta_46.pdf";"682311";"ok"
"01 Encargos rescisorios CUST x RAP transmissoras";"48500.028141/2026-20";"Fiscalização da Geração: Análise - Implantação";"2";"0466366";"Relatório";"24/09/2026";"PROTOCOLO-GERAL";"002_SEI_0466366_Relatorio.pdf";"3462656";"ok"
"01 Encargos rescisorios CUST x RAP transmissoras";"48500.028141/2026-20";"Fiscalização da Geração: Análise - Implantação";"3";"0466367";"Dossiê";"24/09/2026";"PROTOCOLO-GERAL";"003_SEI_0466367_Dossie.pdf";"282805";"ok"
"01 Encargos rescisorios CUST x RAP transmissoras";"48500.028141/2026-20";"Fiscalização da Geração: Análise - Implantação";"4";"0466368";"Dossiê";"24/09/2026";"PROTOCOLO-GERAL";"004_SEI_0466368_Dossie.pdf";"992308";"ok"
"01 Encargos rescisorios CUST x RAP transmissoras";"48500.028141/2026-20";"Fiscalização da Geração: Análise - Implantação";"5";"0466369";"Dossiê";"24/09/2026";"PROTOCOLO-GERAL";"005_SEI_0466369_Dossie.pdf";"5728381";"ok"
"01 Encargos rescisorios CUST x RAP transmissoras";"48500.027953/2026-58";"Processo Externo - Pendente de Classificação pela Unidade Destinatária";"1";"0465084";"Carta";"23/09/2026";"PROTOCOLO-GERAL";"001_SEI_0465084_Carta.pdf";"175024";"ok"
"01 Encargos rescisorios CUST x RAP transmissoras";"48500.027953/2026-58";"Processo Externo - Pendente de Classificação pela Unidade Destinatária";"2";"0465085";"Procuração";"11/04/2025";"PROTOCOLO-GERAL";"002_SEI_0465085_Procuracao.pdf";"3180023";"ok"
"01 Encargos rescisorios CUST x RAP transmissoras";"48500.027953/2026-58";"Processo Externo - Pendente de Classificação pela Unidade Destinatária";"3";"0465086";"Procuração";"14/05/2026";"PROTOCOLO-GERAL";"003_SEI_0465086_Procuracao.pdf";"102161";"ok"
"01 Encargos rescisorios CUST x RAP transmissoras";"48500.027953/2026-58";"Processo Externo - Pendente de Classificação pela Unidade Destinatária";"4";"0465087";"Contrato";"21/10/2021";"PROTOCOLO-GERAL";"004_SEI_0465087_Contrato.pdf";"919518";"ok"
"01 Encargos rescisorios CUST x RAP transmissoras";"48500.027953/2026-58";"Processo Externo - Pendente de Classificação pela Unidade Destinatária";"5";"0465088";"Voto";"17/09/2026";"PROTOCOLO-GERAL";"005_SEI_0465088_Voto.pdf";"179689";"ok"
"01 Encargos rescisorios CUST x RAP transmissoras";"48500.027953/2026-58";"Processo Externo - Pendente de Classificação pela Unidade Destinatária";"6";"0465089";"Despacho Nº 3.628, DE 15 DE SETEMBRO DE 2026";"15/09/2026";"PROTOCOLO-GERAL";"006_SEI_0465089_Despacho_N_3_628_DE_15_DE_SETEMBRO_DE_2026.pdf";"55433";"ok"
"01 Encargos rescisorios CUST x RAP transmissoras";"48500.027953/2026-58";"Processo Externo - Pendente de Classificação pela Unidade Destinatária";"7";"0465090";"Extrato";"15/09/2026";"PROTOCOLO-GERAL";"007_SEI_0465090_Extrato.pdf";"67251";"ok"
"01 Encargos rescisorios CUST x RAP transmissoras";"48500.027953/2026-58";"Processo Externo - Pendente de Classificação pela Unidade Destinatária";"8";"0465091";"E-mail";"08/09/2026";"PROTOCOLO-GERAL";"008_SEI_0465091_E_mail.pdf";"3147886";"ok"
"01 Encargos rescisorios CUST x RAP transmissoras";"48500.027953/2026-58";"Processo Externo - Pendente de Classificação pela Unidade Destinatária";"9";"0465092";"Carta";"28/08/2026";"PROTOCOLO-GERAL";"009_SEI_0465092_Carta.pdf";"4588710";"ok"
"01 Encargos rescisorios CUST x RAP transmissoras";"48500.027953/2026-58";"Processo Externo - Pendente de Classificação pela Unidade Destinatária";"10";"0465093";"Carta";"16/09/2026";"PROTOCOLO-GERAL";"010_SEI_0465093_Carta.pdf";"301955";"ok"
"01 Encargos rescisorios CUST x RAP transmissoras";"48500.027953/2026-58";"Processo Externo - Pendente de Classificação pela Unidade Destinatária";"11";"0465094";"E-mail";"02/09/2026";"PROTOCOLO-GERAL";"011_SEI_0465094_E_mail.pdf";"110461";"ok"
"01 Encargos rescisorios CUST x RAP transmissoras";"48500.027953/2026-58";"Processo Externo - Pendente de Classificação pela Unidade Destinatária";"12";"0465095";"Planilha";"23/09/2026";"PROTOCOLO-GERAL";"012_SEI_0465095_Planilha.pdf";"113798";"ok"
"01 Encargos rescisorios CUST x RAP transmissoras";"48500.027953/2026-58";"Processo Externo - Pendente de Classificação pela Unidade Destinatária";"13";"0465097";"E-mail";"16/09/2026";"PROTOCOLO-GERAL";"013_SEI_0465097_E_mail.pdf";"433446";"ok"
"01 Encargos rescisorios CUST x RAP transmissoras";"48500.027953/2026-58";"Processo Externo - Pendente de Classificação pela Unidade Destinatária";"14";"0465098";"Declaração";"14/09/2026";"PROTOCOLO-GERAL";"014_SEI_0465098_Declaracao.pdf";"110443";"ok"
"01 Encargos rescisorios CUST x RAP transmissoras";"48500.027953/2026-58";"Processo Externo - Pendente de Classificação pela Unidade Destinatária";"15";"0465099";"Protocolo";"23/09/2026";"PROTOCOLO-GERAL";"015_SEI_0465099_Protocolo.pdf";"227632";"ok"
"01 Encargos rescisorios CUST x RAP transmissoras";"48500.027953/2026-58";"Processo Externo - Pendente de Classificação pela Unidade Destinatária";"16";"0465100";"Resolução";"29/08/2023";"PROTOCOLO-GERAL";"016_SEI_0465100_Resolucao.pdf";"2217818";"ok"
"01 Encargos rescisorios CUST x RAP transmissoras";"48500.027953/2026-58";"Processo Externo - Pendente de Classificação pela Unidade Destinatária";"17";"0465101";"Contrato";"10/07/2024";"PROTOCOLO-GERAL";"017_SEI_0465101_Contrato.pdf";"266907";"ok"
"01 Encargos rescisorios CUST x RAP transmissoras";"48500.027953/2026-58";"Processo Externo - Pendente de Classificação pela Unidade Destinatária";"18";"0465102";"Carta";"14/06/2024";"PROTOCOLO-GERAL";"018_SEI_0465102_Carta.pdf";"220223";"ok"
"01 Encargos rescisorios CUST x RAP transmissoras";"48500.027953/2026-58";"Processo Externo - Pendente de Classificação pela Unidade Destinatária";"19";"0465103";"Carta - ONS DTA 1078/2026";"28/07/2026";"PROTOCOLO-GERAL";"019_SEI_0465103_Carta_ONS_DTA_1078_2026.pdf";"493079";"ok"
"01 Encargos rescisorios CUST x RAP transmissoras";"48500.027953/2026-58";"Processo Externo - Pendente de Classificação pela Unidade Destinatária";"20";"0465104";"Demonstrativo";"05/08/2026";"PROTOCOLO-GERAL";"020_SEI_0465104_Demonstrativo.pdf";"73765";"ok"
"01 Encargos rescisorios CUST x RAP transmissoras";"48500.027953/2026-58";"Processo Externo - Pendente de Classificação pela Unidade Destinatária";"21";"0465105";"Ofício";"24/08/2026";"PROTOCOLO-GERAL";"021_SEI_0465105_Oficio.pdf";"79441";"ok"
"01 Encargos rescisorios CUST x RAP transmissoras";"48500.027953/2026-58";"Processo Externo - Pendente de Classificação pela Unidade Destinatária";"22";"0465106";"Resolução";"02/06/2026";"PROTOCOLO-GERAL";"022_SEI_0465106_Resolucao.pdf";"205727";"ok"
"01 Encargos rescisorios CUST x RAP transmissoras";"48500.027953/2026-58";"Processo Externo - Pendente de Classificação pela Unidade Destinatária";"23";"0465107";"Consulta";"03/07/2026";"PROTOCOLO-GERAL";"023_SEI_0465107_Consulta.pdf";"78229";"ok"
"01 Encargos rescisorios CUST x RAP transmissoras";"48500.027953/2026-58";"Processo Externo - Pendente de Classificação pela Unidade Destinatária";"24";"0465108";"Documento";"23/09/2026";"PROTOCOLO-GERAL";"024_SEI_0465108_Documento.pdf";"433716";"ok"
"01 Encargos rescisorios CUST x RAP transmissoras";"48500.027953/2026-58";"Processo Externo - Pendente de Classificação pela Unidade Destinatária";"25";"0465109";"Ata";"06/10/2025";"PROTOCOLO-GERAL";"025_SEI_0465109_Ata.pdf";"71213";"ok"
"01 Encargos rescisorios CUST x RAP transmissoras";"48500.027953/2026-58";"Processo Externo - Pendente de Classificação pela Unidade Destinatária";"26";"0466498";"E-mail";"25/09/2026";"PROTOCOLO-GERAL";"026_SEI_0466498_E_mail.html";"1785";"ok"
"01 Encargos rescisorios CUST x RAP transmissoras";"48500.027644/2026-88";"Regulação da Transmissão: Pleitos sobre Serviços de Transmissão";"1";"0462541";"Carta 1401";"21/09/2026";"PROTOCOLO-GERAL";"001_SEI_0462541_Carta_1401.pdf";"238542";"ok"
"01 Encargos rescisorios CUST x RAP transmissoras";"48500.027644/2026-88";"Regulação da Transmissão: Pleitos sobre Serviços de Transmissão";"2";"0462542";"Planilha";"21/09/2026";"PROTOCOLO-GERAL";"";"";"restrito"
"01 Encargos rescisorios CUST x RAP transmissoras";"48500.027609/2026-69";"Regulação Econômica: Normatização";"1";"0462253";"Carta";"21/09/2026";"PROTOCOLO-GERAL";"001_SEI_0462253_Carta.pdf";"263393";"ok"
"01 Encargos rescisorios CUST x RAP transmissoras";"48500.027609/2026-69";"Regulação Econômica: Normatização";"2";"0462254";"Dossiê";"21/09/2026";"PROTOCOLO-GERAL";"002_SEI_0462254_Dossie.zip";"4887120";"ok"
"01 Encargos rescisorios CUST x RAP transmissoras";"48500.006500/2026-98";"Regulação da Transmissão: Pleitos sobre Serviços de Transmissão";"1";"0307984";"Carta";"11/03/2026";"PROTOCOLO-GERAL";"001_SEI_0307984_Carta.pdf";"2833579";"ok"
"01 Encargos rescisorios CUST x RAP transmissoras";"48500.006500/2026-98";"Regulação da Transmissão: Pleitos sobre Serviços de Transmissão";"2";"0307985";"Contrato";"11/03/2026";"PROTOCOLO-GERAL";"";"";"restrito"
"01 Encargos rescisorios CUST x RAP transmissoras";"48500.006500/2026-98";"Regulação da Transmissão: Pleitos sobre Serviços de Transmissão";"3";"0307986";"Despacho 1.735";"07/06/2023";"PROTOCOLO-GERAL";"003_SEI_0307986_Despacho_1_735.pdf";"136144";"ok"
"01 Encargos rescisorios CUST x RAP transmissoras";"48500.006500/2026-98";"Regulação da Transmissão: Pleitos sobre Serviços de Transmissão";"4";"0307987";"Contrato";"11/03/2026";"PROTOCOLO-GERAL";"004_SEI_0307987_Contrato.pdf";"281809";"ok"
"01 Encargos rescisorios CUST x RAP transmissoras";"48500.006500/2026-98";"Regulação da Transmissão: Pleitos sobre Serviços de Transmissão";"5";"48500.010765/2026-91";"Regulação da Transmissão: Pleitos sobre Serviços de Transmissão";"16/04/2026";"PROTOCOLO-GERAL";"";"";"restrito"
"01 Encargos rescisorios CUST x RAP transmissoras";"48500.006500/2026-98";"Regulação da Transmissão: Pleitos sobre Serviços de Transmissão";"6";"0375695";"Nota Técnica 89";"08/06/2026";"STD";"006_SEI_0375695_Nota_Tecnica_89.html";"327675";"ok"
"01 Encargos rescisorios CUST x RAP transmissoras";"48500.006500/2026-98";"Regulação da Transmissão: Pleitos sobre Serviços de Transmissão";"7";"0375709";"Despacho 2075";"22/06/2026";"STD";"007_SEI_0375709_Despacho_2075.html";"87000";"ok"
"01 Encargos rescisorios CUST x RAP transmissoras";"48500.006500/2026-98";"Regulação da Transmissão: Pleitos sobre Serviços de Transmissão";"8";"0389123";"Publicação";"23/06/2026";"STD";"008_SEI_0389123_Publicacao.pdf";"15423";"ok"
"01 Encargos rescisorios CUST x RAP transmissoras";"48500.006500/2026-98";"Regulação da Transmissão: Pleitos sobre Serviços de Transmissão";"9";"0389746";"Recibo";"23/06/2026";"STD";"009_SEI_0389746_Recibo.pdf";"1269866";"ok"
"01 Encargos rescisorios CUST x RAP transmissoras";"48500.006500/2026-98";"Regulação da Transmissão: Pleitos sobre Serviços de Transmissão";"10";"0406906";"Carta";"03/07/2026";"STD";"010_SEI_0406906_Carta.pdf";"3066958";"ok"
"01 Encargos rescisorios CUST x RAP transmissoras";"48500.006500/2026-98";"Regulação da Transmissão: Pleitos sobre Serviços de Transmissão";"11";"0410134";"Ofício 284";"21/07/2026";"STD";"011_SEI_0410134_Oficio_284.html";"91536";"ok"
"01 Encargos rescisorios CUST x RAP transmissoras";"48500.006500/2026-98";"Regulação da Transmissão: Pleitos sobre Serviços de Transmissão";"12";"0412893";"Recibo";"21/07/2026";"STD";"012_SEI_0412893_Recibo.pdf";"1641707";"ok"
"01 Encargos rescisorios CUST x RAP transmissoras";"48500.006500/2026-98";"Regulação da Transmissão: Pleitos sobre Serviços de Transmissão";"14";"0432023";"Termo de Cancelamento de Documento";"18/08/2026";"STD";"014_SEI_0432023_Termo_de_Cancelamento_de_Documento.html";"88798";"ok"
"01 Encargos rescisorios CUST x RAP transmissoras";"48500.006500/2026-98";"Regulação da Transmissão: Pleitos sobre Serviços de Transmissão";"15";"0432027";"Nota Técnica 133";"18/08/2026";"STD";"015_SEI_0432027_Nota_Tecnica_133.html";"288977";"ok"
"01 Encargos rescisorios CUST x RAP transmissoras";"48500.006500/2026-98";"Regulação da Transmissão: Pleitos sobre Serviços de Transmissão";"16";"0436157";"Requerimento de Distribuição de Processo";"20/08/2026";"STD";"016_SEI_0436157_Requerimento_de_Distribuicao_de_Processo.html";"88191";"ok"
"01 Encargos rescisorios CUST x RAP transmissoras";"48500.006500/2026-98";"Regulação da Transmissão: Pleitos sobre Serviços de Transmissão";"17";"0439132";"Despacho de Distribuição de Processo";"24/08/2026";"SGE -SORTEIO";"017_SEI_0439132_Despacho_de_Distribuicao_de_Processo.html";"86955";"ok"
"01 Encargos rescisorios CUST x RAP transmissoras";"48500.006500/2026-98";"Regulação da Transmissão: Pleitos sobre Serviços de Transmissão";"18";"0453069";"Requerimento de Inclusão em Pauta";"10/09/2026";"GAB III - LLS";"018_SEI_0453069_Requerimento_de_Inclusao_em_Pauta.html";"87054";"ok"
"01 Encargos rescisorios CUST x RAP transmissoras";"48500.006500/2026-98";"Regulação da Transmissão: Pleitos sobre Serviços de Transmissão";"19";"0454641";"Extrato da Decisão da Diretoria";"10/09/2026";"SGE - PUBLICAÇÃO";"019_SEI_0454641_Extrato_da_Decisao_da_Diretoria.html";"88520";"ok"
"01 Encargos rescisorios CUST x RAP transmissoras";"48500.006500/2026-98";"Regulação da Transmissão: Pleitos sobre Serviços de Transmissão";"20";"0458189";"Requerimento de Inclusão em Pauta";"17/09/2026";"GAB III - LLS";"020_SEI_0458189_Requerimento_de_Inclusao_em_Pauta.html";"87020";"ok"
"01 Encargos rescisorios CUST x RAP transmissoras";"48500.006500/2026-98";"Regulação da Transmissão: Pleitos sobre Serviços de Transmissão";"21";"0459098";"Voto";"17/09/2026";"GAB III - LLS";"021_SEI_0459098_Voto.html";"454577";"ok"
"01 Encargos rescisorios CUST x RAP transmissoras";"48500.006500/2026-98";"Regulação da Transmissão: Pleitos sobre Serviços de Transmissão";"22";"0459104";"Despacho 3628";"17/09/2026";"GAB III - LLS";"022_SEI_0459104_Despacho_3628.html";"115168";"ok"
"01 Encargos rescisorios CUST x RAP transmissoras";"48500.006500/2026-98";"Regulação da Transmissão: Pleitos sobre Serviços de Transmissão";"23";"0462766";"Recibo";"21/09/2026";"GAB III - LLS";"023_SEI_0462766_Recibo.pdf";"2356755";"ok"
"01 Encargos rescisorios CUST x RAP transmissoras";"48500.006500/2026-98";"Regulação da Transmissão: Pleitos sobre Serviços de Transmissão";"24";"0462204";"Extrato da Decisão da Diretoria";"21/09/2026";"SGE - PUBLICAÇÃO";"024_SEI_0462204_Extrato_da_Decisao_da_Diretoria.html";"88448";"ok"
"01 Encargos rescisorios CUST x RAP transmissoras";"48500.007946/2026-30";"Gestão Tarifária: Transmissão - Reajuste Anual da Receita Anual Permitida - RAP";"1";"0337341";"Requerimento de Distribuição de Processo";"24/04/2026";"STR";"001_SEI_0337341_Requerimento_de_Distribuicao_de_Processo.html";"86865";"ok"
"01 Encargos rescisorios CUST x RAP transmissoras";"48500.007946/2026-30";"Gestão Tarifária: Transmissão - Reajuste Anual da Receita Anual Permitida - RAP";"2";"0343778";"Despacho de Distribuição de Processo";"04/05/2026";"SGE -SORTEIO";"002_SEI_0343778_Despacho_de_Distribuicao_de_Processo.html";"86112";"ok"
"01 Encargos rescisorios CUST x RAP transmissoras";"48500.007946/2026-30";"Gestão Tarifária: Transmissão - Reajuste Anual da Receita Anual Permitida - RAP";"3";"0359538";"Nota Técnica 73";"19/05/2026";"STR";"003_SEI_0359538_Nota_Tecnica_73.html";"3097698";"ok"
"01 Encargos rescisorios CUST x RAP transmissoras";"48500.007946/2026-30";"Gestão Tarifária: Transmissão - Reajuste Anual da Receita Anual Permitida - RAP";"4";"0360336";"Anexo";"19/05/2026";"STR";"004_SEI_0360336_Anexo.zip";"8060805";"ok"
"01 Encargos rescisorios CUST x RAP transmissoras";"48500.007946/2026-30";"Gestão Tarifária: Transmissão - Reajuste Anual da Receita Anual Permitida - RAP";"5";"0360537";"Anexo";"19/05/2026";"STR";"005_SEI_0360537_Anexo.zip";"593425";"ok"
"01 Encargos rescisorios CUST x RAP transmissoras";"48500.007946/2026-30";"Gestão Tarifária: Transmissão - Reajuste Anual da Receita Anual Permitida - RAP";"6";"0367610";"Nota Técnica 79";"28/05/2026";"STR";"006_SEI_0367610_Nota_Tecnica_79.html";"2416759";"ok"
"01 Encargos rescisorios CUST x RAP transmissoras";"48500.007946/2026-30";"Gestão Tarifária: Transmissão - Reajuste Anual da Receita Anual Permitida - RAP";"7";"0367866";"Anexo";"28/05/2026";"STR";"007_SEI_0367866_Anexo.zip";"7557586";"ok"
"01 Encargos rescisorios CUST x RAP transmissoras";"48500.007946/2026-30";"Gestão Tarifária: Transmissão - Reajuste Anual da Receita Anual Permitida - RAP";"8";"0372230";"Memória";"27/05/2026";"ASD - APOIO";"008_SEI_0372230_Memoria.pdf";"1521338";"ok"
"01 Encargos rescisorios CUST x RAP transmissoras";"48500.007946/2026-30";"Gestão Tarifária: Transmissão - Reajuste Anual da Receita Anual Permitida - RAP";"11";"0371091";"Requerimento de Inclusão em Pauta";"03/06/2026";"DIR - GNSJ";"011_SEI_0371091_Requerimento_de_Inclusao_em_Pauta.html";"86548";"ok"
"01 Encargos rescisorios CUST x RAP transmissoras";"48500.007946/2026-30";"Gestão Tarifária: Transmissão - Reajuste Anual da Receita Anual Permitida - RAP";"12";"0371723";"Voto";"03/06/2026";"DIR - GNSJ";"012_SEI_0371723_Voto.html";"165642";"ok"
"01 Encargos rescisorios CUST x RAP transmissoras";"48500.007946/2026-30";"Gestão Tarifária: Transmissão - Reajuste Anual da Receita Anual Permitida - RAP";"13";"0371749";"Despacho 2031";"08/06/2026";"DIR - GNSJ";"013_SEI_0371749_Despacho_2031.html";"90351";"ok"
"01 Encargos rescisorios CUST x RAP transmissoras";"48500.007946/2026-30";"Gestão Tarifária: Transmissão - Reajuste Anual da Receita Anual Permitida - RAP";"14";"0378340";"Confirmação";"09/06/2026";"DIR - GNSJ";"014_SEI_0378340_Confirmacao.pdf";"3055397";"ok"
"01 Encargos rescisorios CUST x RAP transmissoras";"48500.007946/2026-30";"Gestão Tarifária: Transmissão - Reajuste Anual da Receita Anual Permitida - RAP";"15";"0376810";"Extrato da Decisão da Diretoria";"11/06/2026";"SGE - PUBLICAÇÃO";"015_SEI_0376810_Extrato_da_Decisao_da_Diretoria.html";"90507";"ok"
"01 Encargos rescisorios CUST x RAP transmissoras";"48500.007946/2026-30";"Gestão Tarifária: Transmissão - Reajuste Anual da Receita Anual Permitida - RAP";"24";"0391788";"Requerimento de Distribuição de Processo";"26/06/2026";"SGE -SORTEIO";"024_SEI_0391788_Requerimento_de_Distribuicao_de_Processo.html";"88106";"ok"
"01 Encargos rescisorios CUST x RAP transmissoras";"48500.007946/2026-30";"Gestão Tarifária: Transmissão - Reajuste Anual da Receita Anual Permitida - RAP";"25";"0393292";"Despacho de Distribuição de Processo";"29/06/2026";"SGE -SORTEIO";"025_SEI_0393292_Despacho_de_Distribuicao_de_Processo.html";"87565";"ok"
"01 Encargos rescisorios CUST x RAP transmissoras";"48500.007946/2026-30";"Gestão Tarifária: Transmissão - Reajuste Anual da Receita Anual Permitida - RAP";"27";"0398152";"Requerimento de Distribuição de Processo";"06/07/2026";"SGE -SORTEIO";"027_SEI_0398152_Requerimento_de_Distribuicao_de_Processo.html";"88366";"ok"
"01 Encargos rescisorios CUST x RAP transmissoras";"48500.007946/2026-30";"Gestão Tarifária: Transmissão - Reajuste Anual da Receita Anual Permitida - RAP";"28";"0398946";"Despacho de Distribuição de Processo";"06/07/2026";"SGE -SORTEIO";"028_SEI_0398946_Despacho_de_Distribuicao_de_Processo.html";"87496";"ok"
"01 Encargos rescisorios CUST x RAP transmissoras";"48500.007946/2026-30";"Gestão Tarifária: Transmissão - Reajuste Anual da Receita Anual Permitida - RAP";"33";"0403754";"Requerimento de Distribuição de Processo";"13/07/2026";"SGE -SORTEIO";"033_SEI_0403754_Requerimento_de_Distribuicao_de_Processo.html";"88024";"ok"
"01 Encargos rescisorios CUST x RAP transmissoras";"48500.007946/2026-30";"Gestão Tarifária: Transmissão - Reajuste Anual da Receita Anual Permitida - RAP";"34";"0404619";"Despacho de Distribuição de Processo";"13/07/2026";"SGE -SORTEIO";"034_SEI_0404619_Despacho_de_Distribuicao_de_Processo.html";"87424";"ok"
"01 Encargos rescisorios CUST x RAP transmissoras";"48500.007946/2026-30";"Gestão Tarifária: Transmissão - Reajuste Anual da Receita Anual Permitida - RAP";"35";"0406951";"Memorando 31";"15/07/2026";"GAB V - WMF";"035_SEI_0406951_Memorando_31.html";"92927";"ok"
"01 Encargos rescisorios CUST x RAP transmissoras";"48500.007946/2026-30";"Gestão Tarifária: Transmissão - Reajuste Anual da Receita Anual Permitida - RAP";"36";"0409149";"Memória";"16/07/2026";"GAB - APOIO";"036_SEI_0409149_Memoria.pdf";"185590";"ok"
"01 Encargos rescisorios CUST x RAP transmissoras";"48500.007946/2026-30";"Gestão Tarifária: Transmissão - Reajuste Anual da Receita Anual Permitida - RAP";"37";"0410850";"Requerimento de Inclusão em Pauta";"23/07/2026";"GAB V - WMF";"037_SEI_0410850_Requerimento_de_Inclusao_em_Pauta.html";"87343";"ok"
"01 Encargos rescisorios CUST x RAP transmissoras";"48500.007946/2026-30";"Gestão Tarifária: Transmissão - Reajuste Anual da Receita Anual Permitida - RAP";"38";"0411399";"Voto";"23/07/2026";"GAB V - WMF";"038_SEI_0411399_Voto.html";"188920";"ok"
"01 Encargos rescisorios CUST x RAP transmissoras";"48500.007946/2026-30";"Gestão Tarifária: Transmissão - Reajuste Anual da Receita Anual Permitida - RAP";"39";"0411401";"Despacho 2703";"24/07/2026";"GAB V - WMF";"039_SEI_0411401_Despacho_2703.html";"91446";"ok"
"01 Encargos rescisorios CUST x RAP transmissoras";"48500.007946/2026-30";"Gestão Tarifária: Transmissão - Reajuste Anual da Receita Anual Permitida - RAP";"40";"0418659";"Recibo";"30/07/2026";"GAB V - WMF";"040_SEI_0418659_Recibo.pdf";"2102111";"ok"
"01 Encargos rescisorios CUST x RAP transmissoras";"48500.007946/2026-30";"Gestão Tarifária: Transmissão - Reajuste Anual da Receita Anual Permitida - RAP";"41";"0414015";"Memorando 33";"23/07/2026";"GAB V - WMF";"041_SEI_0414015_Memorando_33.html";"94460";"ok"
"01 Encargos rescisorios CUST x RAP transmissoras";"48500.007946/2026-30";"Gestão Tarifária: Transmissão - Reajuste Anual da Receita Anual Permitida - RAP";"42";"0415258";"Memorando 142";"24/07/2026";"STR";"042_SEI_0415258_Memorando_142.html";"112661";"ok"
"01 Encargos rescisorios CUST x RAP transmissoras";"48500.007946/2026-30";"Gestão Tarifária: Transmissão - Reajuste Anual da Receita Anual Permitida - RAP";"43";"0416077";"Extrato da Decisão da Diretoria";"28/07/2026";"SGE - PUBLICAÇÃO";"043_SEI_0416077_Extrato_da_Decisao_da_Diretoria.html";"95954";"ok"
"01 Encargos rescisorios CUST x RAP transmissoras";"48500.007946/2026-30";"Gestão Tarifária: Transmissão - Reajuste Anual da Receita Anual Permitida - RAP";"44";"0416566";"Requerimento de Inclusão em Pauta";"29/07/2026";"GAB V - WMF";"044_SEI_0416566_Requerimento_de_Inclusao_em_Pauta.html";"87498";"ok"
"01 Encargos rescisorios CUST x RAP transmissoras";"48500.007946/2026-30";"Gestão Tarifária: Transmissão - Reajuste Anual da Receita Anual Permitida - RAP";"45";"0417565";"Extrato da Decisão da Diretoria";"29/07/2026";"SGE - PUBLICAÇÃO";"045_SEI_0417565_Extrato_da_Decisao_da_Diretoria.html";"91938";"ok"
"01 Encargos rescisorios CUST x RAP transmissoras";"48500.007946/2026-30";"Gestão Tarifária: Transmissão - Reajuste Anual da Receita Anual Permitida - RAP";"46";"0424986";"Lista";"07/08/2026";"PROCURADORIA FEDERAL";"046_SEI_0424986_Lista.pdf";"264787";"ok"
"01 Encargos rescisorios CUST x RAP transmissoras";"48500.007946/2026-30";"Gestão Tarifária: Transmissão - Reajuste Anual da Receita Anual Permitida - RAP";"47";"0425150";"Ofício 297";"10/08/2026";"STR";"047_SEI_0425150_Oficio_297.html";"95168";"ok"
"01 Encargos rescisorios CUST x RAP transmissoras";"48500.007946/2026-30";"Gestão Tarifária: Transmissão - Reajuste Anual da Receita Anual Permitida - RAP";"48";"0425734";"Recibo";"10/08/2026";"STR";"048_SEI_0425734_Recibo.pdf";"17336";"ok"
"01 Encargos rescisorios CUST x RAP transmissoras";"48500.007946/2026-30";"Gestão Tarifária: Transmissão - Reajuste Anual da Receita Anual Permitida - RAP";"49";"0438605";"Parecer Jurídico 207";"24/08/2026";"PROCURADORIA FEDERAL";"049_SEI_0438605_Parecer_Juridico_207.pdf";"370129";"ok"
"01 Encargos rescisorios CUST x RAP transmissoras";"48500.007946/2026-30";"Gestão Tarifária: Transmissão - Reajuste Anual da Receita Anual Permitida - RAP";"50";"0445027";"Memória";"16/07/2026";"GAB - APOIO";"050_SEI_0445027_Memoria.pdf";"188186";"ok"
"01 Encargos rescisorios CUST x RAP transmissoras";"48500.007946/2026-30";"Gestão Tarifária: Transmissão - Reajuste Anual da Receita Anual Permitida - RAP";"51";"0453053";"Requerimento de Inclusão em Pauta";"11/09/2026";"GAB V - WMF";"051_SEI_0453053_Requerimento_de_Inclusao_em_Pauta.html";"87464";"ok"
"01 Encargos rescisorios CUST x RAP transmissoras";"48500.007946/2026-30";"Gestão Tarifária: Transmissão - Reajuste Anual da Receita Anual Permitida - RAP";"52";"0453636";"Voto";"11/09/2026";"GAB V - WMF";"052_SEI_0453636_Voto.html";"124472";"ok"
"01 Encargos rescisorios CUST x RAP transmissoras";"48500.007946/2026-30";"Gestão Tarifária: Transmissão - Reajuste Anual da Receita Anual Permitida - RAP";"53";"0453638";"Despacho 3556";"14/09/2026";"GAB V - WMF";"053_SEI_0453638_Despacho_3556.html";"89262";"ok"
"01 Encargos rescisorios CUST x RAP transmissoras";"48500.007946/2026-30";"Gestão Tarifária: Transmissão - Reajuste Anual da Receita Anual Permitida - RAP";"54";"0461405";"Recibo";"18/09/2026";"GAB V - WMF";"054_SEI_0461405_Recibo.pdf";"2349891";"ok"
"01 Encargos rescisorios CUST x RAP transmissoras";"48500.007946/2026-30";"Gestão Tarifária: Transmissão - Reajuste Anual da Receita Anual Permitida - RAP";"55";"0458377";"Extrato da Decisão da Diretoria";"21/09/2026";"SGE - PUBLICAÇÃO";"055_SEI_0458377_Extrato_da_Decisao_da_Diretoria.html";"90521";"ok"
"01 Encargos rescisorios CUST x RAP transmissoras";"48500.027183/2026-43";"Outorga de Geração: Transferência de Titularidade";"1";"0459012";"Carta 30";"14/09/2026";"PROTOCOLO-GERAL";"001_SEI_0459012_Carta_30.pdf";"1279188";"ok"
"01 Encargos rescisorios CUST x RAP transmissoras";"48500.027183/2026-43";"Outorga de Geração: Transferência de Titularidade";"2";"0459013";"Dossiê";"15/09/2026";"PROTOCOLO-GERAL";"002_SEI_0459013_Dossie.pdf";"2985842";"ok"
"01 Encargos rescisorios CUST x RAP transmissoras";"48500.027183/2026-43";"Outorga de Geração: Transferência de Titularidade";"3";"0459014";"Documento";"15/09/2026";"PROTOCOLO-GERAL";"003_SEI_0459014_Documento.pdf";"6998015";"ok"
"01 Encargos rescisorios CUST x RAP transmissoras";"48500.027183/2026-43";"Outorga de Geração: Transferência de Titularidade";"4";"0459015";"Documento";"15/09/2026";"PROTOCOLO-GERAL";"004_SEI_0459015_Documento.pdf";"2050406";"ok"
"01 Encargos rescisorios CUST x RAP transmissoras";"48500.027183/2026-43";"Outorga de Geração: Transferência de Titularidade";"5";"0459016";"Documento";"15/09/2026";"PROTOCOLO-GERAL";"005_SEI_0459016_Documento.pdf";"1565926";"ok"
"01 Encargos rescisorios CUST x RAP transmissoras";"48500.027183/2026-43";"Outorga de Geração: Transferência de Titularidade";"6";"0459017";"Documento";"15/09/2026";"PROTOCOLO-GERAL";"006_SEI_0459017_Documento.pdf";"1430742";"ok"
"01 Encargos rescisorios CUST x RAP transmissoras";"48500.027183/2026-43";"Outorga de Geração: Transferência de Titularidade";"7";"0459018";"Documento";"15/09/2026";"PROTOCOLO-GERAL";"007_SEI_0459018_Documento.pdf";"2054964";"ok"
"01 Encargos rescisorios CUST x RAP transmissoras";"48500.027183/2026-43";"Outorga de Geração: Transferência de Titularidade";"8";"0459019";"Documento";"15/09/2026";"PROTOCOLO-GERAL";"008_SEI_0459019_Documento.pdf";"2524290";"ok"
"01 Encargos rescisorios CUST x RAP transmissoras";"48500.027183/2026-43";"Outorga de Geração: Transferência de Titularidade";"9";"0459020";"Contrato";"15/09/2026";"PROTOCOLO-GERAL";"009_SEI_0459020_Contrato.pdf";"5998148";"ok"
"01 Encargos rescisorios CUST x RAP transmissoras";"48500.026981/2026-58";"Outorga de Geração: Transferência de Titularidade";"1";"0457556";"Carta 29";"14/09/2026";"PROTOCOLO-GERAL";"001_SEI_0457556_Carta_29.pdf";"920938";"ok"
"01 Encargos rescisorios CUST x RAP transmissoras";"48500.026981/2026-58";"Outorga de Geração: Transferência de Titularidade";"2";"0457557";"Dossiê";"14/09/2026";"PROTOCOLO-GERAL";"002_SEI_0457557_Dossie.pdf";"3443912";"ok"
"01 Encargos rescisorios CUST x RAP transmissoras";"48500.026981/2026-58";"Outorga de Geração: Transferência de Titularidade";"3";"0457558";"Dossiê";"14/09/2026";"PROTOCOLO-GERAL";"003_SEI_0457558_Dossie.pdf";"6943309";"ok"
"01 Encargos rescisorios CUST x RAP transmissoras";"48500.026981/2026-58";"Outorga de Geração: Transferência de Titularidade";"4";"0457559";"Dossiê";"14/09/2026";"PROTOCOLO-GERAL";"004_SEI_0457559_Dossie.pdf";"2639646";"ok"
"01 Encargos rescisorios CUST x RAP transmissoras";"48500.026981/2026-58";"Outorga de Geração: Transferência de Titularidade";"5";"0457560";"Dossiê";"14/09/2026";"PROTOCOLO-GERAL";"005_SEI_0457560_Dossie.pdf";"2032283";"ok"
"01 Encargos rescisorios CUST x RAP transmissoras";"48500.026981/2026-58";"Outorga de Geração: Transferência de Titularidade";"6";"0457561";"Dossiê";"14/09/2026";"PROTOCOLO-GERAL";"006_SEI_0457561_Dossie.pdf";"3087058";"ok"
"01 Encargos rescisorios CUST x RAP transmissoras";"48500.027009/2026-09";"Regulação da Transmissão: Pleitos sobre Serviços de Transmissão";"1";"0457710";"Carta 109";"14/09/2026";"PROTOCOLO-GERAL";"001_SEI_0457710_Carta_109.pdf";"431414";"ok"
"01 Encargos rescisorios CUST x RAP transmissoras";"48500.026980/2026-11";"Outorga de Geração: Transferência de Titularidade";"1";"0457548";"Carta 29";"17/08/2026";"PROTOCOLO-GERAL";"001_SEI_0457548_Carta_29.pdf";"920938";"ok"
"01 Encargos rescisorios CUST x RAP transmissoras";"48500.026980/2026-11";"Outorga de Geração: Transferência de Titularidade";"2";"0457549";"Dossiê";"14/09/2026";"PROTOCOLO-GERAL";"002_SEI_0457549_Dossie.pdf";"3443912";"ok"
"01 Encargos rescisorios CUST x RAP transmissoras";"48500.026980/2026-11";"Outorga de Geração: Transferência de Titularidade";"3";"0457551";"Dossiê";"14/09/2026";"PROTOCOLO-GERAL";"003_SEI_0457551_Dossie.pdf";"6943309";"ok"
"01 Encargos rescisorios CUST x RAP transmissoras";"48500.026980/2026-11";"Outorga de Geração: Transferência de Titularidade";"4";"0457552";"Dossiê";"14/09/2026";"PROTOCOLO-GERAL";"004_SEI_0457552_Dossie.pdf";"2639646";"ok"
"01 Encargos rescisorios CUST x RAP transmissoras";"48500.026980/2026-11";"Outorga de Geração: Transferência de Titularidade";"5";"0457553";"Dossiê";"14/09/2026";"PROTOCOLO-GERAL";"005_SEI_0457553_Dossie.pdf";"2032283";"ok"
"01 Encargos rescisorios CUST x RAP transmissoras";"48500.026980/2026-11";"Outorga de Geração: Transferência de Titularidade";"6";"0457554";"Contrato";"14/09/2026";"PROTOCOLO-GERAL";"006_SEI_0457554_Contrato.pdf";"3087058";"ok"
"01 Encargos rescisorios CUST x RAP transmissoras";"48500.027000/2026-90";"Outorga de Transmissão: Demais Pleitos sobre Empreendimentos em Implantação";"1";"0458985";"Comprovante";"15/09/2026";"PROTOCOLO-GERAL";"001_SEI_0458985_Comprovante.pdf";"80734";"ok"
"01 Encargos rescisorios CUST x RAP transmissoras";"48500.027000/2026-90";"Outorga de Transmissão: Demais Pleitos sobre Empreendimentos em Implantação";"2";"0457653";"Contrato 45/2026";"14/09/2026";"PROTOCOLO-GERAL";"002_SEI_0457653_Contrato_45_2026.pdf";"316325";"ok"
"01 Encargos rescisorios CUST x RAP transmissoras";"48500.027000/2026-90";"Outorga de Transmissão: Demais Pleitos sobre Empreendimentos em Implantação";"3";"0458987";"E-mail";"15/09/2026";"PROTOCOLO-GERAL";"003_SEI_0458987_E_mail.html";"1844";"ok"
"01 Encargos rescisorios CUST x RAP transmissoras";"48500.026326/2026-08";"Outorga de Transmissão: Demais Pleitos sobre Empreendimentos em Implantação";"1";"0452579";"Carta 3";"08/09/2026";"PROTOCOLO-GERAL";"001_SEI_0452579_Carta_3.pdf";"203930";"ok"
"01 Encargos rescisorios CUST x RAP transmissoras";"48500.026326/2026-08";"Outorga de Transmissão: Demais Pleitos sobre Empreendimentos em Implantação";"2";"0452580";"Carta 4";"08/09/2026";"PROTOCOLO-GERAL";"002_SEI_0452580_Carta_4.pdf";"210775";"ok"
"01 Encargos rescisorios CUST x RAP transmissoras";"48500.026326/2026-08";"Outorga de Transmissão: Demais Pleitos sobre Empreendimentos em Implantação";"3";"0452581";"Procuração";"08/09/2026";"PROTOCOLO-GERAL";"003_SEI_0452581_Procuracao.pdf";"211701";"ok"
"01 Encargos rescisorios CUST x RAP transmissoras";"48500.026326/2026-08";"Outorga de Transmissão: Demais Pleitos sobre Empreendimentos em Implantação";"4";"0452582";"Parecer";"08/09/2026";"PROTOCOLO-GERAL";"004_SEI_0452582_Parecer.pdf";"3029635";"ok"
"01 Encargos rescisorios CUST x RAP transmissoras";"48500.026326/2026-08";"Outorga de Transmissão: Demais Pleitos sobre Empreendimentos em Implantação";"5";"0452583";"Contrato 42";"08/09/2026";"PROTOCOLO-GERAL";"005_SEI_0452583_Contrato_42.pdf";"690471";"ok"
"01 Encargos rescisorios CUST x RAP transmissoras";"48500.026326/2026-08";"Outorga de Transmissão: Demais Pleitos sobre Empreendimentos em Implantação";"6";"0452584";"Cronograma";"08/09/2026";"PROTOCOLO-GERAL";"006_SEI_0452584_Cronograma.pdf";"59399";"ok"
"01 Encargos rescisorios CUST x RAP transmissoras";"48500.026326/2026-08";"Outorga de Transmissão: Demais Pleitos sobre Empreendimentos em Implantação";"7";"0452585";"Planta";"08/09/2026";"PROTOCOLO-GERAL";"007_SEI_0452585_Planta.pdf";"3299827";"ok"
"01 Encargos rescisorios CUST x RAP transmissoras";"48500.026326/2026-08";"Outorga de Transmissão: Demais Pleitos sobre Empreendimentos em Implantação";"8";"0452586";"Planta";"08/09/2026";"PROTOCOLO-GERAL";"008_SEI_0452586_Planta.pdf";"3209783";"ok"
"01 Encargos rescisorios CUST x RAP transmissoras";"48500.026326/2026-08";"Outorga de Transmissão: Demais Pleitos sobre Empreendimentos em Implantação";"9";"0452587";"Diagrama";"08/09/2026";"PROTOCOLO-GERAL";"009_SEI_0452587_Diagrama.pdf";"608960";"ok"
"01 Encargos rescisorios CUST x RAP transmissoras";"48500.026326/2026-08";"Outorga de Transmissão: Demais Pleitos sobre Empreendimentos em Implantação";"10";"0457420";"Nota Técnica 1418";"15/09/2026";"SCE";"010_SEI_0457420_Nota_Tecnica_1418.html";"1025241";"ok"
"01 Encargos rescisorios CUST x RAP transmissoras";"48500.026326/2026-08";"Outorga de Transmissão: Demais Pleitos sobre Empreendimentos em Implantação";"11";"0457493";"Despacho 3599";"15/09/2026";"SCE";"011_SEI_0457493_Despacho_3599.html";"129517";"ok"
"01 Encargos rescisorios CUST x RAP transmissoras";"48500.026326/2026-08";"Outorga de Transmissão: Demais Pleitos sobre Empreendimentos em Implantação";"12";"0459162";"Despacho";"16/09/2026";"SCE";"012_SEI_0459162_Despacho.pdf";"5726";"ok"
"01 Encargos rescisorios CUST x RAP transmissoras";"48500.026326/2026-08";"Outorga de Transmissão: Demais Pleitos sobre Empreendimentos em Implantação";"13";"0459264";"Termo de Arquivamento";"16/09/2026";"SCE";"013_SEI_0459264_Termo_de_Arquivamento.html";"85740";"ok"
"01 Encargos rescisorios CUST x RAP transmissoras";"48500.006455/2026-71";"Regulação da Transmissão: Pleitos sobre Serviços de Transmissão";"1";"0307723";"Nota Técnica 40";"11/03/2026";"STD";"001_SEI_0307723_Nota_Tecnica_40.html";"500857";"ok"
"01 Encargos rescisorios CUST x RAP transmissoras";"48500.006455/2026-71";"Regulação da Transmissão: Pleitos sobre Serviços de Transmissão";"2";"0311370";"Aviso de Tomada de Subsídios 5";"16/03/2026";"SMA";"002_SEI_0311370_Aviso_de_Tomada_de_Subsidios_5.html";"115711";"ok"
"01 Encargos rescisorios CUST x RAP transmissoras";"48500.006455/2026-71";"Regulação da Transmissão: Pleitos sobre Serviços de Transmissão";"3";"0335604";"Aviso de Prorrogação de Tomada de Subsídios";"22/04/2026";"SMA";"003_SEI_0335604_Aviso_de_Prorrogacao_de_Tomada_de_Subsidios.html";"86229";"ok"
"01 Encargos rescisorios CUST x RAP transmissoras";"48500.006455/2026-71";"Regulação da Transmissão: Pleitos sobre Serviços de Transmissão";"13";"0372799";"Relação";"03/06/2026";"SMA";"013_SEI_0372799_Relacao.pdf";"113617";"ok"
"01 Encargos rescisorios CUST x RAP transmissoras";"48500.006455/2026-71";"Regulação da Transmissão: Pleitos sobre Serviços de Transmissão";"14";"0372816";"Anexo";"03/06/2026";"SMA";"014_SEI_0372816_Anexo.zip";"12720923";"ok"
"01 Encargos rescisorios CUST x RAP transmissoras";"48500.006455/2026-71";"Regulação da Transmissão: Pleitos sobre Serviços de Transmissão";"19";"0453157";"Ofício 334";"08/09/2026";"STD";"019_SEI_0453157_Oficio_334.html";"93924";"ok"
"01 Encargos rescisorios CUST x RAP transmissoras";"48500.006455/2026-71";"Regulação da Transmissão: Pleitos sobre Serviços de Transmissão";"20";"0454313";"Recibo";"09/09/2026";"STD";"020_SEI_0454313_Recibo.pdf";"84597";"ok"
"01 Encargos rescisorios CUST x RAP transmissoras";"48500.026202/2026-14";"Outorga de Transmissão: Demais Pleitos sobre Empreendimentos em Implantação";"1";"0451865";"Carta 155204-24";"04/09/2026";"PROTOCOLO-GERAL";"001_SEI_0451865_Carta_155204_24.pdf";"204223";"ok"
"01 Encargos rescisorios CUST x RAP transmissoras";"48500.026202/2026-14";"Outorga de Transmissão: Demais Pleitos sobre Empreendimentos em Implantação";"2";"0451866";"Carta 155204-24";"04/09/2026";"PROTOCOLO-GERAL";"002_SEI_0451866_Carta_155204_24.pdf";"213784";"ok"
"01 Encargos rescisorios CUST x RAP transmissoras";"48500.026202/2026-14";"Outorga de Transmissão: Demais Pleitos sobre Empreendimentos em Implantação";"3";"0451867";"Procuração";"04/09/2026";"PROTOCOLO-GERAL";"003_SEI_0451867_Procuracao.pdf";"211701";"ok"
"01 Encargos rescisorios CUST x RAP transmissoras";"48500.026202/2026-14";"Outorga de Transmissão: Demais Pleitos sobre Empreendimentos em Implantação";"4";"0451868";"Parecer";"04/09/2026";"PROTOCOLO-GERAL";"004_SEI_0451868_Parecer.pdf";"3387328";"ok"
"01 Encargos rescisorios CUST x RAP transmissoras";"48500.026202/2026-14";"Outorga de Transmissão: Demais Pleitos sobre Empreendimentos em Implantação";"5";"0451869";"Parecer";"04/09/2026";"PROTOCOLO-GERAL";"005_SEI_0451869_Parecer.pdf";"3387078";"ok"
"01 Encargos rescisorios CUST x RAP transmissoras";"48500.026202/2026-14";"Outorga de Transmissão: Demais Pleitos sobre Empreendimentos em Implantação";"6";"0451870";"Contrato";"04/09/2026";"PROTOCOLO-GERAL";"006_SEI_0451870_Contrato.pdf";"345602";"ok"
"01 Encargos rescisorios CUST x RAP transmissoras";"48500.026202/2026-14";"Outorga de Transmissão: Demais Pleitos sobre Empreendimentos em Implantação";"7";"0451871";"Contrato";"04/09/2026";"PROTOCOLO-GERAL";"007_SEI_0451871_Contrato.pdf";"352120";"ok"
"01 Encargos rescisorios CUST x RAP transmissoras";"48500.026202/2026-14";"Outorga de Transmissão: Demais Pleitos sobre Empreendimentos em Implantação";"8";"0451872";"Cronograma";"04/09/2026";"PROTOCOLO-GERAL";"008_SEI_0451872_Cronograma.pdf";"59782";"ok"
"01 Encargos rescisorios CUST x RAP transmissoras";"48500.026202/2026-14";"Outorga de Transmissão: Demais Pleitos sobre Empreendimentos em Implantação";"9";"0451873";"Cronograma";"04/09/2026";"PROTOCOLO-GERAL";"009_SEI_0451873_Cronograma.pdf";"60132";"ok"
"01 Encargos rescisorios CUST x RAP transmissoras";"48500.026202/2026-14";"Outorga de Transmissão: Demais Pleitos sobre Empreendimentos em Implantação";"10";"0451874";"Planta";"04/09/2026";"PROTOCOLO-GERAL";"010_SEI_0451874_Planta.pdf";"2790634";"ok"
"01 Encargos rescisorios CUST x RAP transmissoras";"48500.026202/2026-14";"Outorga de Transmissão: Demais Pleitos sobre Empreendimentos em Implantação";"11";"0451875";"Diagrama";"04/09/2026";"PROTOCOLO-GERAL";"011_SEI_0451875_Diagrama.pdf";"578614";"ok"
"01 Encargos rescisorios CUST x RAP transmissoras";"48500.026202/2026-14";"Outorga de Transmissão: Demais Pleitos sobre Empreendimentos em Implantação";"12";"0457663";"Nota Técnica 1420";"15/09/2026";"SCE";"012_SEI_0457663_Nota_Tecnica_1420.html";"2330066";"ok"
"01 Encargos rescisorios CUST x RAP transmissoras";"48500.026202/2026-14";"Outorga de Transmissão: Demais Pleitos sobre Empreendimentos em Implantação";"13";"0457854";"Despacho 3605";"15/09/2026";"SCE";"013_SEI_0457854_Despacho_3605.html";"129682";"ok"
"01 Encargos rescisorios CUST x RAP transmissoras";"48500.026202/2026-14";"Outorga de Transmissão: Demais Pleitos sobre Empreendimentos em Implantação";"14";"0459208";"Despacho";"16/09/2026";"SCE";"014_SEI_0459208_Despacho.pdf";"5683";"ok"
"01 Encargos rescisorios CUST x RAP transmissoras";"48500.026202/2026-14";"Outorga de Transmissão: Demais Pleitos sobre Empreendimentos em Implantação";"15";"0458197";"Despacho 3609";"15/09/2026";"SCE";"015_SEI_0458197_Despacho_3609.html";"131285";"ok"
"01 Encargos rescisorios CUST x RAP transmissoras";"48500.026202/2026-14";"Outorga de Transmissão: Demais Pleitos sobre Empreendimentos em Implantação";"16";"0459253";"Despacho";"16/09/2026";"SCE";"016_SEI_0459253_Despacho.pdf";"5744";"ok"
"01 Encargos rescisorios CUST x RAP transmissoras";"48500.026202/2026-14";"Outorga de Transmissão: Demais Pleitos sobre Empreendimentos em Implantação";"17";"0459262";"Termo de Arquivamento";"16/09/2026";"SCE";"017_SEI_0459262_Termo_de_Arquivamento.html";"85740";"ok"
"01 Encargos rescisorios CUST x RAP transmissoras";"48500.026202/2026-14";"Outorga de Transmissão: Demais Pleitos sobre Empreendimentos em Implantação";"18";"0459278";"Termo de Desarquivamento";"16/09/2026";"SCE";"018_SEI_0459278_Termo_de_Desarquivamento.html";"85724";"ok"
"01 Encargos rescisorios CUST x RAP transmissoras";"48500.026202/2026-14";"Outorga de Transmissão: Demais Pleitos sobre Empreendimentos em Implantação";"19";"0459334";"Termo de Arquivamento";"16/09/2026";"SCE";"019_SEI_0459334_Termo_de_Arquivamento.html";"85740";"ok"
"01 Encargos rescisorios CUST x RAP transmissoras";"48500.026234/2026-10";"Regulação da Transmissão: Pleitos sobre Serviços de Transmissão";"1";"0452006";"Carta";"03/09/2026";"PROTOCOLO-GERAL";"001_SEI_0452006_Carta.pdf";"578450";"ok"
"01 Encargos rescisorios CUST x RAP transmissoras";"48500.026234/2026-10";"Regulação da Transmissão: Pleitos sobre Serviços de Transmissão";"2";"0452007";"Parecer";"04/09/2026";"PROTOCOLO-GERAL";"002_SEI_0452007_Parecer.pdf";"2669083";"ok"
"01 Encargos rescisorios CUST x RAP transmissoras";"48500.026234/2026-10";"Regulação da Transmissão: Pleitos sobre Serviços de Transmissão";"3";"0452008";"Contrato 47/2026";"04/09/2026";"PROTOCOLO-GERAL";"003_SEI_0452008_Contrato_47_2026.pdf";"320551";"ok"
"01 Encargos rescisorios CUST x RAP transmissoras";"48500.026495/2026-30";"Outorga de Geração: Não Hídrica - Autorização";"1";"0453985";"Carta";"09/09/2026";"PROTOCOLO-GERAL";"001_SEI_0453985_Carta.pdf";"325855";"ok"
"01 Encargos rescisorios CUST x RAP transmissoras";"48500.026495/2026-30";"Outorga de Geração: Não Hídrica - Autorização";"2";"0453986";"Decisão";"01/09/2026";"PROTOCOLO-GERAL";"002_SEI_0453986_Decisao.pdf";"53114";"ok"
"01 Encargos rescisorios CUST x RAP transmissoras";"48500.026495/2026-30";"Outorga de Geração: Não Hídrica - Autorização";"3";"0453987";"Petição";"04/09/2026";"PROTOCOLO-GERAL";"003_SEI_0453987_Peticao.pdf";"137952";"ok"
"01 Encargos rescisorios CUST x RAP transmissoras";"48500.026495/2026-30";"Outorga de Geração: Não Hídrica - Autorização";"4";"0453988";"Petição";"04/09/2026";"PROTOCOLO-GERAL";"004_SEI_0453988_Peticao.pdf";"930183";"ok"
"01 Encargos rescisorios CUST x RAP transmissoras";"48500.025336/2026-18";"Fiscalização da Geração: Análise - Implantação";"1";"0445812";"Carta 1";"26/08/2026";"PROTOCOLO-GERAL";"001_SEI_0445812_Carta_1.pdf";"562609";"ok"
"01 Encargos rescisorios CUST x RAP transmissoras";"48500.025336/2026-18";"Fiscalização da Geração: Análise - Implantação";"2";"0445813";"Memorando 103/2026";"24/08/2026";"PROTOCOLO-GERAL";"002_SEI_0445813_Memorando_103_2026.pdf";"396670";"ok"
"01 Encargos rescisorios CUST x RAP transmissoras";"48500.025336/2026-18";"Fiscalização da Geração: Análise - Implantação";"3";"0445814";"Contrato 143/2024";"28/08/2026";"PROTOCOLO-GERAL";"003_SEI_0445814_Contrato_143_2024.pdf";"387403";"ok"
"01 Encargos rescisorios CUST x RAP transmissoras";"48500.025336/2026-18";"Fiscalização da Geração: Análise - Implantação";"4";"0445815";"Contrato 11/2024";"28/08/2026";"PROTOCOLO-GERAL";"004_SEI_0445815_Contrato_11_2024.pdf";"432019";"ok"
"01 Encargos rescisorios CUST x RAP transmissoras";"48500.025336/2026-18";"Fiscalização da Geração: Análise - Implantação";"5";"0464086";"Lista de presença operação";"12/08/2026";"SFT";"005_SEI_0464086_Lista_de_presenca_operacao.pdf";"319610";"ok"
"01 Encargos rescisorios CUST x RAP transmissoras";"48500.025336/2026-18";"Fiscalização da Geração: Análise - Implantação";"6";"0464088";"Relatório - reunião - Reg E Consultoria";"14/09/2026";"SFT";"006_SEI_0464088_Relatorio_reuniao_Reg_E_Consultoria.pdf";"39705";"ok"
"01 Encargos rescisorios CUST x RAP transmissoras";"48500.025336/2026-18";"Fiscalização da Geração: Análise - Implantação";"7";"0465642";"Ofício 987";"24/09/2026";"SFT";"007_SEI_0465642_Oficio_987.html";"96942";"ok"
"01 Encargos rescisorios CUST x RAP transmissoras";"48500.902411/2024-19";"Regulação da Transmissão: Pleitos sobre Serviços de Transmissão";"1";"0001822";"Termo de Migração";"17/01/2025";"STD";"001_SEI_0001822_Termo_de_Migracao.html";"58782";"ok"
"01 Encargos rescisorios CUST x RAP transmissoras";"48500.902411/2024-19";"Regulação da Transmissão: Pleitos sobre Serviços de Transmissão";"2";"48500.011473/2025-94";"Regulação da Transmissão: Pleitos sobre Serviços de Transmissão";"02/04/2025";"PROTOCOLO-GERAL";"";"";"restrito"
"01 Encargos rescisorios CUST x RAP transmissoras";"48500.902411/2024-19";"Regulação da Transmissão: Pleitos sobre Serviços de Transmissão";"3";"0132007";"Registro de Reunião 25";"10/06/2025";"STD";"003_SEI_0132007_Registro_de_Reuniao_25.html";"72185";"ok"
"01 Encargos rescisorios CUST x RAP transmissoras";"48500.902411/2024-19";"Regulação da Transmissão: Pleitos sobre Serviços de Transmissão";"4";"0132043";"Lista";"20/03/2025";"STD";"004_SEI_0132043_Lista.pdf";"340066";"ok"
"01 Encargos rescisorios CUST x RAP transmissoras";"48500.902411/2024-19";"Regulação da Transmissão: Pleitos sobre Serviços de Transmissão";"5";"0151858";"Nota Técnica 80";"10/07/2025";"STD";"005_SEI_0151858_Nota_Tecnica_80.html";"148119";"ok"
"01 Encargos rescisorios CUST x RAP transmissoras";"48500.902411/2024-19";"Regulação da Transmissão: Pleitos sobre Serviços de Transmissão";"6";"0152031";"Despacho 2095";"11/07/2025";"STD";"006_SEI_0152031_Despacho_2095.html";"70743";"ok"
"01 Encargos rescisorios CUST x RAP transmissoras";"48500.902411/2024-19";"Regulação da Transmissão: Pleitos sobre Serviços de Transmissão";"7";"0153544";"Despacho";"10/07/2025";"STD";"007_SEI_0153544_Despacho.pdf";"70407";"ok"
"01 Encargos rescisorios CUST x RAP transmissoras";"48500.902411/2024-19";"Regulação da Transmissão: Pleitos sobre Serviços de Transmissão";"8";"0155844";"Recibo";"14/07/2025";"STD";"008_SEI_0155844_Recibo.pdf";"2136635";"ok"
"01 Encargos rescisorios CUST x RAP transmissoras";"48500.902411/2024-19";"Regulação da Transmissão: Pleitos sobre Serviços de Transmissão";"9";"48500.023484/2025-17";"Regulação da Transmissão: Pleitos sobre Serviços de Transmissão";"23/07/2025";"PROTOCOLO-GERAL";"";"";"restrito"
"01 Encargos rescisorios CUST x RAP transmissoras";"48500.902411/2024-19";"Regulação da Transmissão: Pleitos sobre Serviços de Transmissão";"10";"0182418";"Registro de Reunião 36";"22/08/2025";"STD";"010_SEI_0182418_Registro_de_Reuniao_36.html";"74016";"ok"
"01 Encargos rescisorios CUST x RAP transmissoras";"48500.902411/2024-19";"Regulação da Transmissão: Pleitos sobre Serviços de Transmissão";"11";"0182425";"Lista";"20/08/2025";"STD";"011_SEI_0182425_Lista.pdf";"283695";"ok"
"01 Encargos rescisorios CUST x RAP transmissoras";"48500.902411/2024-19";"Regulação da Transmissão: Pleitos sobre Serviços de Transmissão";"12";"0207179";"Nota Técnica 113";"01/10/2025";"STD";"012_SEI_0207179_Nota_Tecnica_113.html";"379384";"ok"
"01 Encargos rescisorios CUST x RAP transmissoras";"48500.902411/2024-19";"Regulação da Transmissão: Pleitos sobre Serviços de Transmissão";"13";"0207722";"Requerimento de Distribuição de Processo";"02/10/2025";"STD";"013_SEI_0207722_Requerimento_de_Distribuicao_de_Processo.html";"70988";"ok"
"01 Encargos rescisorios CUST x RAP transmissoras";"48500.902411/2024-19";"Regulação da Transmissão: Pleitos sobre Serviços de Transmissão";"14";"0210501";"Despacho de Distribuição de Processo";"06/10/2025";"SGE -SORTEIO";"014_SEI_0210501_Despacho_de_Distribuicao_de_Processo.html";"70045";"ok"
"01 Encargos rescisorios CUST x RAP transmissoras";"48500.902411/2024-19";"Regulação da Transmissão: Pleitos sobre Serviços de Transmissão";"15";"0231771";"Lista";"03/11/2025";"ASD - APOIO";"015_SEI_0231771_Lista.pdf";"2515813";"ok"
"01 Encargos rescisorios CUST x RAP transmissoras";"48500.902411/2024-19";"Regulação da Transmissão: Pleitos sobre Serviços de Transmissão";"16";"48500.003213/2026-26";"Regulação da Transmissão: Pleitos sobre Serviços de Transmissão";"06/02/2026";"PROTOCOLO-GERAL";"";"";"restrito"
"01 Encargos rescisorios CUST x RAP transmissoras";"48500.902411/2024-19";"Regulação da Transmissão: Pleitos sobre Serviços de Transmissão";"17";"0312226";"Memória";"12/03/2026";"ASD - APOIO";"017_SEI_0312226_Memoria.pdf";"1570032";"ok"
"01 Encargos rescisorios CUST x RAP transmissoras";"48500.902411/2024-19";"Regulação da Transmissão: Pleitos sobre Serviços de Transmissão";"18";"0382377";"Ofício 14";"15/06/2026";"DIR - FLMFS";"";"";"restrito"
"01 Encargos rescisorios CUST x RAP transmissoras";"48500.902411/2024-19";"Regulação da Transmissão: Pleitos sobre Serviços de Transmissão";"19";"0383321";"Confirmação";"15/06/2026";"DIR - FLMFS";"019_SEI_0383321_Confirmacao.pdf";"1604486";"ok"
"01 Encargos rescisorios CUST x RAP transmissoras";"48500.902411/2024-19";"Regulação da Transmissão: Pleitos sobre Serviços de Transmissão";"22";"0399943";"Memorando 55";"07/07/2026";"GAB III - FLMFS";"022_SEI_0399943_Memorando_55.html";"91808";"ok"
"01 Encargos rescisorios CUST x RAP transmissoras";"48500.902411/2024-19";"Regulação da Transmissão: Pleitos sobre Serviços de Transmissão";"23";"0399947";"Requerimento de Inclusão em Pauta";"08/07/2026";"GAB III - FLMFS";"023_SEI_0399947_Requerimento_de_Inclusao_em_Pauta.html";"87020";"ok"
"01 Encargos rescisorios CUST x RAP transmissoras";"48500.902411/2024-19";"Regulação da Transmissão: Pleitos sobre Serviços de Transmissão";"24";"0401343";"Extrato da Decisão da Diretoria";"09/07/2026";"SGE - PUBLICAÇÃO";"024_SEI_0401343_Extrato_da_Decisao_da_Diretoria.html";"87851";"ok"
"01 Encargos rescisorios CUST x RAP transmissoras";"48500.902411/2024-19";"Regulação da Transmissão: Pleitos sobre Serviços de Transmissão";"25";"0408030";"Apresentação";"16/07/2026";"PROCURADORIA FEDERAL";"025_SEI_0408030_Apresentacao.pdf";"4340731";"ok"
"01 Encargos rescisorios CUST x RAP transmissoras";"48500.902411/2024-19";"Regulação da Transmissão: Pleitos sobre Serviços de Transmissão";"26";"0408339";"Lista";"16/07/2026";"PROCURADORIA FEDERAL";"026_SEI_0408339_Lista.pdf";"286697";"ok"
"01 Encargos rescisorios CUST x RAP transmissoras";"48500.902411/2024-19";"Regulação da Transmissão: Pleitos sobre Serviços de Transmissão";"27";"0418785";"Parecer Jurídico 193";"30/07/2026";"PROCURADORIA FEDERAL";"027_SEI_0418785_Parecer_Juridico_193.pdf";"291246";"ok"
"01 Encargos rescisorios CUST x RAP transmissoras";"48500.902411/2024-19";"Regulação da Transmissão: Pleitos sobre Serviços de Transmissão";"28";"0425161";"Memorando";"07/08/2026";"GAB - APOIO";"028_SEI_0425161_Memorando.pdf";"2401353";"ok"
"01 Encargos rescisorios CUST x RAP transmissoras";"48500.902411/2024-19";"Regulação da Transmissão: Pleitos sobre Serviços de Transmissão";"29";"0425353";"Requerimento de Inclusão em Pauta";"12/08/2026";"GAB III - FLMFS";"029_SEI_0425353_Requerimento_de_Inclusao_em_Pauta.html";"87038";"ok"
"01 Encargos rescisorios CUST x RAP transmissoras";"48500.902411/2024-19";"Regulação da Transmissão: Pleitos sobre Serviços de Transmissão";"30";"0427285";"Voto";"12/08/2026";"GAB III - FLMFS";"030_SEI_0427285_Voto.html";"171694";"ok"
"01 Encargos rescisorios CUST x RAP transmissoras";"48500.902411/2024-19";"Regulação da Transmissão: Pleitos sobre Serviços de Transmissão";"31";"0428801";"Extrato da Decisão da Diretoria";"14/08/2026";"SGE - PUBLICAÇÃO";"031_SEI_0428801_Extrato_da_Decisao_da_Diretoria.html";"90089";"ok"
"01 Encargos rescisorios CUST x RAP transmissoras";"48500.902411/2024-19";"Regulação da Transmissão: Pleitos sobre Serviços de Transmissão";"32";"0445104";"Memória";"27/08/2026";"GAB - APOIO";"032_SEI_0445104_Memoria.pdf";"3492818";"ok"
"01 Encargos rescisorios CUST x RAP transmissoras";"48500.019383/2026-22";"Regulação da Transmissão: Pleitos sobre Serviços de Transmissão";"1";"0398729";"Carta";"03/07/2026";"PROTOCOLO-GERAL";"001_SEI_0398729_Carta.pdf";"3066958";"ok"
"01 Encargos rescisorios CUST x RAP transmissoras";"48500.019383/2026-22";"Regulação da Transmissão: Pleitos sobre Serviços de Transmissão";"2";"0398730";"Contrato";"03/07/2026";"PROTOCOLO-GERAL";"002_SEI_0398730_Contrato.pdf";"1701721";"ok"
"01 Encargos rescisorios CUST x RAP transmissoras";"48500.019383/2026-22";"Regulação da Transmissão: Pleitos sobre Serviços de Transmissão";"3";"0398731";"Procuração";"14/04/2025";"PROTOCOLO-GERAL";"003_SEI_0398731_Procuracao.pdf";"3180790";"ok"
"01 Encargos rescisorios CUST x RAP transmissoras";"48500.019383/2026-22";"Regulação da Transmissão: Pleitos sobre Serviços de Transmissão";"4";"0398732";"Procuração";"14/05/2026";"PROTOCOLO-GERAL";"004_SEI_0398732_Procuracao.pdf";"101112";"ok"
"01 Encargos rescisorios CUST x RAP transmissoras";"48500.019383/2026-22";"Regulação da Transmissão: Pleitos sobre Serviços de Transmissão";"5";"0398733";"Despacho 2075 , DE 22 DE JUNHO DE 2026";"22/06/2026";"PROTOCOLO-GERAL";"005_SEI_0398733_Despacho_2075_DE_22_DE_JUNHO_DE_2026.pdf";"58131";"ok"
"01 Encargos rescisorios CUST x RAP transmissoras";"48500.019383/2026-22";"Regulação da Transmissão: Pleitos sobre Serviços de Transmissão";"6";"0398734";"Nota";"03/07/2026";"PROTOCOLO-GERAL";"006_SEI_0398734_Nota.pdf";"216881";"ok"
"01 Encargos rescisorios CUST x RAP transmissoras";"48500.019383/2026-22";"Regulação da Transmissão: Pleitos sobre Serviços de Transmissão";"7";"0398735";"Despacho 1.735, DE 7 DE JUNHO DE 2023";"03/07/2026";"PROTOCOLO-GERAL";"007_SEI_0398735_Despacho_1_735_DE_7_DE_JUNHO_DE_2023.pdf";"136144";"ok"
"01 Encargos rescisorios CUST x RAP transmissoras";"48500.019383/2026-22";"Regulação da Transmissão: Pleitos sobre Serviços de Transmissão";"8";"0398736";"Contrato";"03/07/2026";"PROTOCOLO-GERAL";"008_SEI_0398736_Contrato.pdf";"281809";"ok"
"01 Encargos rescisorios CUST x RAP transmissoras";"48500.019383/2026-22";"Regulação da Transmissão: Pleitos sobre Serviços de Transmissão";"9";"0398737";"Carta";"14/06/2024";"PROTOCOLO-GERAL";"009_SEI_0398737_Carta.pdf";"224930";"ok"
"01 Encargos rescisorios CUST x RAP transmissoras";"48500.019383/2026-22";"Regulação da Transmissão: Pleitos sobre Serviços de Transmissão";"10";"0398738";"E-mail";"03/07/2026";"PROTOCOLO-GERAL";"010_SEI_0398738_E_mail.pdf";"553117";"ok"
"01 Encargos rescisorios CUST x RAP transmissoras";"48500.019383/2026-22";"Regulação da Transmissão: Pleitos sobre Serviços de Transmissão";"11";"0398739";"E-mail";"03/07/2026";"PROTOCOLO-GERAL";"011_SEI_0398739_E_mail.pdf";"281666";"ok"
"01 Encargos rescisorios CUST x RAP transmissoras";"48500.019383/2026-22";"Regulação da Transmissão: Pleitos sobre Serviços de Transmissão";"12";"0398740";"Ata";"03/07/2026";"PROTOCOLO-GERAL";"012_SEI_0398740_Ata.pdf";"7101390";"ok"
"01 Encargos rescisorios CUST x RAP transmissoras";"48500.019383/2026-22";"Regulação da Transmissão: Pleitos sobre Serviços de Transmissão";"13";"0398741";"Ata";"03/07/2026";"PROTOCOLO-GERAL";"013_SEI_0398741_Ata.pdf";"5313035";"ok"
"01 Encargos rescisorios CUST x RAP transmissoras";"48500.019383/2026-22";"Regulação da Transmissão: Pleitos sobre Serviços de Transmissão";"14";"0398742";"Ofício 3/2023-SRT/ANEEL";"03/01/2023";"PROTOCOLO-GERAL";"014_SEI_0398742_Oficio_3_2023_SRT_ANEEL.pdf";"251558";"ok"
"01 Encargos rescisorios CUST x RAP transmissoras";"48500.019383/2026-22";"Regulação da Transmissão: Pleitos sobre Serviços de Transmissão";"15";"0398743";"Carta";"11/03/2026";"PROTOCOLO-GERAL";"015_SEI_0398743_Carta.pdf";"2833579";"ok"
"01 Encargos rescisorios CUST x RAP transmissoras";"48500.019383/2026-22";"Regulação da Transmissão: Pleitos sobre Serviços de Transmissão";"16";"0398744";"Comprovante";"11/03/2026";"PROTOCOLO-GERAL";"016_SEI_0398744_Comprovante.pdf";"96163";"ok"
"01 Encargos rescisorios CUST x RAP transmissoras";"48500.019383/2026-22";"Regulação da Transmissão: Pleitos sobre Serviços de Transmissão";"17";"0398745";"Carta";"16/04/2026";"PROTOCOLO-GERAL";"017_SEI_0398745_Carta.pdf";"2961118";"ok"
"01 Encargos rescisorios CUST x RAP transmissoras";"48500.019383/2026-22";"Regulação da Transmissão: Pleitos sobre Serviços de Transmissão";"18";"0398746";"Comprovante";"16/04/2026";"PROTOCOLO-GERAL";"018_SEI_0398746_Comprovante.pdf";"103221";"ok"
"01 Encargos rescisorios CUST x RAP transmissoras";"48500.019383/2026-22";"Regulação da Transmissão: Pleitos sobre Serviços de Transmissão";"19";"0398747";"E-mail";"03/07/2026";"PROTOCOLO-GERAL";"019_SEI_0398747_E_mail.pdf";"78430";"ok"
"01 Encargos rescisorios CUST x RAP transmissoras";"48500.019383/2026-22";"Regulação da Transmissão: Pleitos sobre Serviços de Transmissão";"20";"0398748";"Relação";"03/07/2026";"PROTOCOLO-GERAL";"020_SEI_0398748_Relacao.pdf";"300794";"ok"
"01 Encargos rescisorios CUST x RAP transmissoras";"48500.019383/2026-22";"Regulação da Transmissão: Pleitos sobre Serviços de Transmissão";"21";"0398749";"E-mail";"03/07/2026";"PROTOCOLO-GERAL";"021_SEI_0398749_E_mail.pdf";"750576";"ok"
"01 Encargos rescisorios CUST x RAP transmissoras";"48500.019383/2026-22";"Regulação da Transmissão: Pleitos sobre Serviços de Transmissão";"22";"0398750";"Informação";"03/07/2026";"PROTOCOLO-GERAL";"022_SEI_0398750_Informacao.pdf";"92553";"ok"
"01 Encargos rescisorios CUST x RAP transmissoras";"48500.019383/2026-22";"Regulação da Transmissão: Pleitos sobre Serviços de Transmissão";"23";"0398751";"Despacho 1.705, DE 15 DE JUNHO DE 2021";"03/07/2026";"PROTOCOLO-GERAL";"023_SEI_0398751_Despacho_1_705_DE_15_DE_JUNHO_DE_2021.pdf";"15325";"ok"
"01 Encargos rescisorios CUST x RAP transmissoras";"48500.019383/2026-22";"Regulação da Transmissão: Pleitos sobre Serviços de Transmissão";"24";"0398752";"Voto";"03/07/2026";"PROTOCOLO-GERAL";"024_SEI_0398752_Voto.pdf";"103130";"ok"
"01 Encargos rescisorios CUST x RAP transmissoras";"48500.019383/2026-22";"Regulação da Transmissão: Pleitos sobre Serviços de Transmissão";"25";"0398753";"Despacho 989, DE 2 DE ABRIL DE 2024";"03/07/2026";"PROTOCOLO-GERAL";"025_SEI_0398753_Despacho_989_DE_2_DE_ABRIL_DE_2024.pdf";"23043";"ok"
"01 Encargos rescisorios CUST x RAP transmissoras";"48500.019383/2026-22";"Regulação da Transmissão: Pleitos sobre Serviços de Transmissão";"26";"0398754";"Voto";"03/07/2026";"PROTOCOLO-GERAL";"026_SEI_0398754_Voto.pdf";"362772";"ok"
"01 Encargos rescisorios CUST x RAP transmissoras";"48500.019383/2026-22";"Regulação da Transmissão: Pleitos sobre Serviços de Transmissão";"27";"0408378";"Requerimento de Distribuição de Processo";"20/07/2026";"SGE -SORTEIO";"027_SEI_0408378_Requerimento_de_Distribuicao_de_Processo.html";"86933";"ok"
"01 Encargos rescisorios CUST x RAP transmissoras";"48500.019383/2026-22";"Regulação da Transmissão: Pleitos sobre Serviços de Transmissão";"28";"0409607";"Despacho de Distribuição de Processo";"20/07/2026";"SGE -SORTEIO";"028_SEI_0409607_Despacho_de_Distribuicao_de_Processo.html";"86841";"ok"
"01 Encargos rescisorios CUST x RAP transmissoras";"48500.019383/2026-22";"Regulação da Transmissão: Pleitos sobre Serviços de Transmissão";"29";"0425951";"Memória";"10/08/2026";"GAB - APOIO";"029_SEI_0425951_Memoria.pdf";"267713";"ok"
"01 Encargos rescisorios CUST x RAP transmissoras";"48500.019383/2026-22";"Regulação da Transmissão: Pleitos sobre Serviços de Transmissão";"30";"0426114";"Requerimento de Inclusão em Pauta";"12/08/2026";"GAB II - AMAC";"030_SEI_0426114_Requerimento_de_Inclusao_em_Pauta.html";"87004";"ok"
"01 Encargos rescisorios CUST x RAP transmissoras";"48500.019383/2026-22";"Regulação da Transmissão: Pleitos sobre Serviços de Transmissão";"31";"0428806";"Extrato da Decisão da Diretoria";"13/08/2026";"SGE - PUBLICAÇÃO";"031_SEI_0428806_Extrato_da_Decisao_da_Diretoria.html";"87576";"ok"
"01 Encargos rescisorios CUST x RAP transmissoras";"48500.019383/2026-22";"Regulação da Transmissão: Pleitos sobre Serviços de Transmissão";"32";"0431404";"Requerimento de Inclusão em Pauta";"20/08/2026";"GAB II - AMAC";"032_SEI_0431404_Requerimento_de_Inclusao_em_Pauta.html";"86978";"ok"
"01 Encargos rescisorios CUST x RAP transmissoras";"48500.019383/2026-22";"Regulação da Transmissão: Pleitos sobre Serviços de Transmissão";"33";"0434407";"Voto";"20/08/2026";"GAB II - AMAC";"033_SEI_0434407_Voto.html";"120626";"ok"
"01 Encargos rescisorios CUST x RAP transmissoras";"48500.019383/2026-22";"Regulação da Transmissão: Pleitos sobre Serviços de Transmissão";"34";"0435143";"Voto";"19/08/2026";"GAB IV - GNSJ";"034_SEI_0435143_Voto.html";"109215";"ok"
"01 Encargos rescisorios CUST x RAP transmissoras";"48500.019383/2026-22";"Regulação da Transmissão: Pleitos sobre Serviços de Transmissão";"35";"0434411";"Despacho 3201";"21/08/2026";"GAB II - AMAC";"035_SEI_0434411_Despacho_3201.html";"86998";"ok"
"01 Encargos rescisorios CUST x RAP transmissoras";"48500.019383/2026-22";"Regulação da Transmissão: Pleitos sobre Serviços de Transmissão";"36";"0440683";"Confirmação";"25/08/2026";"GAB II - AMAC";"036_SEI_0440683_Confirmacao.pdf";"515228";"ok"
"01 Encargos rescisorios CUST x RAP transmissoras";"48500.019383/2026-22";"Regulação da Transmissão: Pleitos sobre Serviços de Transmissão";"37";"0440392";"Extrato da Decisão da Diretoria";"27/08/2026";"SGE - PUBLICAÇÃO";"037_SEI_0440392_Extrato_da_Decisao_da_Diretoria.html";"89310";"ok"
"01 Encargos rescisorios CUST x RAP transmissoras";"48500.019516/2026-61";"Regulação Econômica: Normatização";"1";"0399720";"Carta 45";"06/07/2026";"PROTOCOLO-GERAL";"001_SEI_0399720_Carta_45.pdf";"105933";"ok"
"01 Encargos rescisorios CUST x RAP transmissoras";"48500.019516/2026-61";"Regulação Econômica: Normatização";"2";"0399721";"Processo 0712112-77.2026.8.07.0001";"08/06/2026";"PROTOCOLO-GERAL";"002_SEI_0399721_Processo_0712112_77_2026_8_07_0001.pdf";"13560864";"ok"
"01 Encargos rescisorios CUST x RAP transmissoras";"48500.019516/2026-61";"Regulação Econômica: Normatização";"3";"0403359";"Requerimento de Distribuição de Processo";"13/07/2026";"SGE -SORTEIO";"003_SEI_0403359_Requerimento_de_Distribuicao_de_Processo.html";"89219";"ok"
"01 Encargos rescisorios CUST x RAP transmissoras";"48500.019516/2026-61";"Regulação Econômica: Normatização";"4";"0404612";"Despacho de Distribuição de Processo";"13/07/2026";"SGE -SORTEIO";"004_SEI_0404612_Despacho_de_Distribuicao_de_Processo.html";"87653";"ok"
"01 Encargos rescisorios CUST x RAP transmissoras";"48500.019516/2026-61";"Regulação Econômica: Normatização";"5";"0410875";"Requerimento de Inclusão em Pauta";"23/07/2026";"GAB V - WMF";"005_SEI_0410875_Requerimento_de_Inclusao_em_Pauta.html";"87784";"ok"
"01 Encargos rescisorios CUST x RAP transmissoras";"48500.019516/2026-61";"Regulação Econômica: Normatização";"6";"0411509";"Voto";"23/07/2026";"GAB V - WMF";"006_SEI_0411509_Voto.html";"113425";"ok"
"01 Encargos rescisorios CUST x RAP transmissoras";"48500.019516/2026-61";"Regulação Econômica: Normatização";"7";"0411510";"Despacho 2709";"24/07/2026";"GAB V - WMF";"007_SEI_0411510_Despacho_2709.html";"89514";"ok"
"01 Encargos rescisorios CUST x RAP transmissoras";"48500.019516/2026-61";"Regulação Econômica: Normatização";"8";"0418665";"Recibo";"30/07/2026";"GAB V - WMF";"008_SEI_0418665_Recibo.pdf";"2577706";"ok"
"01 Encargos rescisorios CUST x RAP transmissoras";"48500.019516/2026-61";"Regulação Econômica: Normatização";"9";"0416080";"Extrato da Decisão da Diretoria";"28/07/2026";"SGE - PUBLICAÇÃO";"009_SEI_0416080_Extrato_da_Decisao_da_Diretoria.html";"90598";"ok"
"01 Encargos rescisorios CUST x RAP transmissoras";"48500.019516/2026-61";"Regulação Econômica: Normatização";"10";"0416572";"Requerimento de Inclusão em Pauta";"29/07/2026";"GAB V - WMF";"010_SEI_0416572_Requerimento_de_Inclusao_em_Pauta.html";"87950";"ok"
"01 Encargos rescisorios CUST x RAP transmissoras";"48500.019516/2026-61";"Regulação Econômica: Normatização";"11";"0417566";"Extrato da Decisão da Diretoria";"29/07/2026";"SGE - PUBLICAÇÃO";"011_SEI_0417566_Extrato_da_Decisao_da_Diretoria.html";"90584";"ok"
"01 Encargos rescisorios CUST x RAP transmissoras";"48500.019516/2026-61";"Regulação Econômica: Normatização";"12";"0425907";"Termo de Arquivamento";"10/08/2026";"STR";"012_SEI_0425907_Termo_de_Arquivamento.html";"86686";"ok"
"01 Encargos rescisorios CUST x RAP transmissoras";"48500.011852/2026-65";"Regulação da Transmissão: Pleitos sobre Serviços de Transmissão";"1";"0340630";"Carta";"28/04/2026";"PROTOCOLO-GERAL";"001_SEI_0340630_Carta.pdf";"3160567";"ok"
"01 Encargos rescisorios CUST x RAP transmissoras";"48500.011852/2026-65";"Regulação da Transmissão: Pleitos sobre Serviços de Transmissão";"2";"0340631";"Portaria 340";"06/12/2007";"PROTOCOLO-GERAL";"002_SEI_0340631_Portaria_340.pdf";"193576";"ok"
"01 Encargos rescisorios CUST x RAP transmissoras";"48500.011852/2026-65";"Regulação da Transmissão: Pleitos sobre Serviços de Transmissão";"3";"0340632";"Portaria 347";"11/12/2007";"PROTOCOLO-GERAL";"003_SEI_0340632_Portaria_347.pdf";"191263";"ok"
"01 Encargos rescisorios CUST x RAP transmissoras";"48500.011852/2026-65";"Regulação da Transmissão: Pleitos sobre Serviços de Transmissão";"4";"0340633";"Contrato";"19/08/2010";"PROTOCOLO-GERAL";"004_SEI_0340633_Contrato.pdf";"742483";"ok"
"01 Encargos rescisorios CUST x RAP transmissoras";"48500.011852/2026-65";"Regulação da Transmissão: Pleitos sobre Serviços de Transmissão";"5";"0340634";"Resolução";"09/11/2021";"PROTOCOLO-GERAL";"005_SEI_0340634_Resolucao.pdf";"261715";"ok"
"01 Encargos rescisorios CUST x RAP transmissoras";"48500.011852/2026-65";"Regulação da Transmissão: Pleitos sobre Serviços de Transmissão";"6";"0340635";"Resolução";"05/12/2023";"PROTOCOLO-GERAL";"006_SEI_0340635_Resolucao.pdf";"270090";"ok"
"01 Encargos rescisorios CUST x RAP transmissoras";"48500.011852/2026-65";"Regulação da Transmissão: Pleitos sobre Serviços de Transmissão";"7";"0340636";"Nota";"25/10/2021";"PROTOCOLO-GERAL";"007_SEI_0340636_Nota.pdf";"350492";"ok"
"01 Encargos rescisorios CUST x RAP transmissoras";"48500.011852/2026-65";"Regulação da Transmissão: Pleitos sobre Serviços de Transmissão";"8";"0340637";"Resolução";"09/11/2021";"PROTOCOLO-GERAL";"008_SEI_0340637_Resolucao.pdf";"115553";"ok"
"01 Encargos rescisorios CUST x RAP transmissoras";"48500.011852/2026-65";"Regulação da Transmissão: Pleitos sobre Serviços de Transmissão";"9";"0340638";"Nota";"22/11/2023";"PROTOCOLO-GERAL";"009_SEI_0340638_Nota.pdf";"1422896";"ok"
"01 Encargos rescisorios CUST x RAP transmissoras";"48500.011852/2026-65";"Regulação da Transmissão: Pleitos sobre Serviços de Transmissão";"10";"0340639";"Resolução";"05/12/2023";"PROTOCOLO-GERAL";"010_SEI_0340639_Resolucao.pdf";"115726";"ok"
"01 Encargos rescisorios CUST x RAP transmissoras";"48500.011852/2026-65";"Regulação da Transmissão: Pleitos sobre Serviços de Transmissão";"11";"0340640";"Nota";"11/03/2026";"PROTOCOLO-GERAL";"011_SEI_0340640_Nota.pdf";"279956";"ok"
"01 Encargos rescisorios CUST x RAP transmissoras";"48500.011852/2026-65";"Regulação da Transmissão: Pleitos sobre Serviços de Transmissão";"12";"0340641";"Ata";"10/06/2025";"PROTOCOLO-GERAL";"";"";"restrito"
"01 Encargos rescisorios CUST x RAP transmissoras";"48500.011852/2026-65";"Regulação da Transmissão: Pleitos sobre Serviços de Transmissão";"13";"0340642";"Ata";"10/06/2025";"PROTOCOLO-GERAL";"013_SEI_0340642_Ata.pdf";"670430";"ok"
"01 Encargos rescisorios CUST x RAP transmissoras";"48500.011852/2026-65";"Regulação da Transmissão: Pleitos sobre Serviços de Transmissão";"14";"0341027";"E-mail";"29/04/2026";"PROTOCOLO-GERAL";"014_SEI_0341027_E_mail.html";"3106";"ok"
"01 Encargos rescisorios CUST x RAP transmissoras";"48500.011852/2026-65";"Regulação da Transmissão: Pleitos sobre Serviços de Transmissão";"15";"0342019";"Requerimento de Distribuição de Processo";"30/04/2026";"SGE -SORTEIO";"015_SEI_0342019_Requerimento_de_Distribuicao_de_Processo.html";"87519";"ok"
"01 Encargos rescisorios CUST x RAP transmissoras";"48500.011852/2026-65";"Regulação da Transmissão: Pleitos sobre Serviços de Transmissão";"16";"0343787";"Despacho de Distribuição de Processo";"04/05/2026";"SGE -SORTEIO";"016_SEI_0343787_Despacho_de_Distribuicao_de_Processo.html";"87451";"ok"
"01 Encargos rescisorios CUST x RAP transmissoras";"48500.011852/2026-65";"Regulação da Transmissão: Pleitos sobre Serviços de Transmissão";"17";"0348517";"Memória";"08/05/2026";"ASD - APOIO";"017_SEI_0348517_Memoria.pdf";"212308";"ok"
"01 Encargos rescisorios CUST x RAP transmissoras";"48500.011852/2026-65";"Regulação da Transmissão: Pleitos sobre Serviços de Transmissão";"18";"0359498";"Requerimento de Inclusão em Pauta";"19/05/2026";"DIR - WMF";"018_SEI_0359498_Requerimento_de_Inclusao_em_Pauta.html";"87745";"ok"
"01 Encargos rescisorios CUST x RAP transmissoras";"48500.011852/2026-65";"Regulação da Transmissão: Pleitos sobre Serviços de Transmissão";"19";"0360260";"Extrato da Decisão da Diretoria";"20/05/2026";"SGE - PUBLICAÇÃO";"019_SEI_0360260_Extrato_da_Decisao_da_Diretoria.html";"88615";"ok"
"01 Encargos rescisorios CUST x RAP transmissoras";"48500.011852/2026-65";"Regulação da Transmissão: Pleitos sobre Serviços de Transmissão";"20";"0410876";"Requerimento de Inclusão em Pauta";"23/07/2026";"GAB V - WMF";"020_SEI_0410876_Requerimento_de_Inclusao_em_Pauta.html";"87852";"ok"
"01 Encargos rescisorios CUST x RAP transmissoras";"48500.011852/2026-65";"Regulação da Transmissão: Pleitos sobre Serviços de Transmissão";"21";"0411512";"Voto";"23/07/2026";"GAB V - WMF";"021_SEI_0411512_Voto.html";"135212";"ok"
"01 Encargos rescisorios CUST x RAP transmissoras";"48500.011852/2026-65";"Regulação da Transmissão: Pleitos sobre Serviços de Transmissão";"22";"0411513";"Despacho 2710";"24/07/2026";"GAB V - WMF";"022_SEI_0411513_Despacho_2710.html";"89659";"ok"
"01 Encargos rescisorios CUST x RAP transmissoras";"48500.011852/2026-65";"Regulação da Transmissão: Pleitos sobre Serviços de Transmissão";"23";"0418672";"Recibo";"30/07/2026";"GAB V - WMF";"023_SEI_0418672_Recibo.pdf";"2434340";"ok"
"01 Encargos rescisorios CUST x RAP transmissoras";"48500.011852/2026-65";"Regulação da Transmissão: Pleitos sobre Serviços de Transmissão";"24";"0416083";"Extrato da Decisão da Diretoria";"28/07/2026";"SGE - PUBLICAÇÃO";"024_SEI_0416083_Extrato_da_Decisao_da_Diretoria.html";"89711";"ok"
"01 Encargos rescisorios CUST x RAP transmissoras";"48500.011852/2026-65";"Regulação da Transmissão: Pleitos sobre Serviços de Transmissão";"26";"0444678";"Memorando 303";"28/08/2026";"SCE";"026_SEI_0444678_Memorando_303.html";"102234";"ok"
"01 Encargos rescisorios CUST x RAP transmissoras";"48500.011852/2026-65";"Regulação da Transmissão: Pleitos sobre Serviços de Transmissão";"27";"0463907";"Memorando 546";"23/09/2026";"SFT";"027_SEI_0463907_Memorando_546.html";"158943";"ok"
"01 Encargos rescisorios CUST x RAP transmissoras";"48500.021124/2026-61";"Fiscalização da Geração: Análise - Implantação";"1";"0410089";"Carta 53";"20/07/2026";"PROTOCOLO-GERAL";"001_SEI_0410089_Carta_53.pdf";"237183";"ok"
"01 Encargos rescisorios CUST x RAP transmissoras";"48500.021124/2026-61";"Fiscalização da Geração: Análise - Implantação";"2";"0410090";"Portaria";"20/07/2026";"PROTOCOLO-GERAL";"002_SEI_0410090_Portaria.pdf";"118711";"ok"
"01 Encargos rescisorios CUST x RAP transmissoras";"48500.021124/2026-61";"Fiscalização da Geração: Análise - Implantação";"3";"0410091";"Informação";"20/07/2026";"PROTOCOLO-GERAL";"003_SEI_0410091_Informacao.pdf";"163598";"ok"
"01 Encargos rescisorios CUST x RAP transmissoras";"48500.021124/2026-61";"Fiscalização da Geração: Análise - Implantação";"4";"0410092";"Contrato";"20/07/2026";"PROTOCOLO-GERAL";"004_SEI_0410092_Contrato.pdf";"280278";"ok"
"01 Encargos rescisorios CUST x RAP transmissoras";"48500.021124/2026-61";"Fiscalização da Geração: Análise - Implantação";"5";"0410093";"Contrato";"20/07/2026";"PROTOCOLO-GERAL";"005_SEI_0410093_Contrato.pdf";"230355";"ok"
"01 Encargos rescisorios CUST x RAP transmissoras";"48500.021124/2026-61";"Fiscalização da Geração: Análise - Implantação";"6";"0410094";"Informação";"20/07/2026";"PROTOCOLO-GERAL";"006_SEI_0410094_Informacao.pdf";"1020340";"ok"
"01 Encargos rescisorios CUST x RAP transmissoras";"48500.021124/2026-61";"Fiscalização da Geração: Análise - Implantação";"7";"0410095";"Contrato";"20/07/2026";"PROTOCOLO-GERAL";"007_SEI_0410095_Contrato.pdf";"3062426";"ok"
"01 Encargos rescisorios CUST x RAP transmissoras";"48500.021124/2026-61";"Fiscalização da Geração: Análise - Implantação";"8";"0410096";"Termo";"20/07/2026";"PROTOCOLO-GERAL";"008_SEI_0410096_Termo.pdf";"2940910";"ok"
"01 Encargos rescisorios CUST x RAP transmissoras";"48500.021124/2026-61";"Fiscalização da Geração: Análise - Implantação";"9";"0410097";"Termo";"20/07/2026";"PROTOCOLO-GERAL";"009_SEI_0410097_Termo.pdf";"896711";"ok"
"01 Encargos rescisorios CUST x RAP transmissoras";"48500.021124/2026-61";"Fiscalização da Geração: Análise - Implantação";"10";"0410098";"Registro";"20/07/2026";"PROTOCOLO-GERAL";"010_SEI_0410098_Registro.pdf";"913207";"ok"
"01 Encargos rescisorios CUST x RAP transmissoras";"48500.021124/2026-61";"Fiscalização da Geração: Análise - Implantação";"11";"0410099";"Relatório";"20/07/2026";"PROTOCOLO-GERAL";"011_SEI_0410099_Relatorio.pdf";"2933782";"ok"
"01 Encargos rescisorios CUST x RAP transmissoras";"48500.021124/2026-61";"Fiscalização da Geração: Análise - Implantação";"12";"0410100";"Termo";"20/07/2026";"PROTOCOLO-GERAL";"012_SEI_0410100_Termo.pdf";"72613";"ok"
"01 Encargos rescisorios CUST x RAP transmissoras";"48500.021124/2026-61";"Fiscalização da Geração: Análise - Implantação";"13";"0410101";"Informação";"20/07/2026";"PROTOCOLO-GERAL";"013_SEI_0410101_Informacao.pdf";"29014";"ok"
"01 Encargos rescisorios CUST x RAP transmissoras";"48500.021124/2026-61";"Fiscalização da Geração: Análise - Implantação";"14";"0410102";"Relação";"20/07/2026";"PROTOCOLO-GERAL";"014_SEI_0410102_Relacao.pdf";"225786";"ok"
"01 Encargos rescisorios CUST x RAP transmissoras";"48500.021124/2026-61";"Fiscalização da Geração: Análise - Implantação";"15";"0410103";"Declaração";"20/07/2026";"PROTOCOLO-GERAL";"015_SEI_0410103_Declaracao.pdf";"202752";"ok"
"01 Encargos rescisorios CUST x RAP transmissoras";"48500.021124/2026-61";"Fiscalização da Geração: Análise - Implantação";"16";"0410104";"Relatório";"20/07/2026";"PROTOCOLO-GERAL";"016_SEI_0410104_Relatorio.pdf";"918014";"ok"
"01 Encargos rescisorios CUST x RAP transmissoras";"48500.021124/2026-61";"Fiscalização da Geração: Análise - Implantação";"17";"0410105";"Declaração";"20/07/2026";"PROTOCOLO-GERAL";"017_SEI_0410105_Declaracao.pdf";"587665";"ok"
"01 Encargos rescisorios CUST x RAP transmissoras";"48500.021124/2026-61";"Fiscalização da Geração: Análise - Implantação";"18";"0411633";"Despacho 2712";"22/07/2026";"SFT";"018_SEI_0411633_Despacho_2712.html";"88306";"ok"
"01 Encargos rescisorios CUST x RAP transmissoras";"48500.020990/2026-35";"Regulação da Transmissão: Pleitos sobre Serviços de Transmissão";"1";"0409291";"Carta";"17/07/2026";"PROTOCOLO-GERAL";"001_SEI_0409291_Carta.pdf";"583680";"ok"
"01 Encargos rescisorios CUST x RAP transmissoras";"48500.020990/2026-35";"Regulação da Transmissão: Pleitos sobre Serviços de Transmissão";"2";"0409292";"Estatuto";"17/07/2026";"PROTOCOLO-GERAL";"002_SEI_0409292_Estatuto.pdf";"1481397";"ok"
"01 Encargos rescisorios CUST x RAP transmissoras";"48500.020990/2026-35";"Regulação da Transmissão: Pleitos sobre Serviços de Transmissão";"3";"0409293";"Informação";"17/07/2026";"PROTOCOLO-GERAL";"003_SEI_0409293_Informacao.pdf";"3491380";"ok"
"01 Encargos rescisorios CUST x RAP transmissoras";"48500.020990/2026-35";"Regulação da Transmissão: Pleitos sobre Serviços de Transmissão";"4";"0409294";"Procuração";"17/07/2026";"PROTOCOLO-GERAL";"004_SEI_0409294_Procuracao.pdf";"3157938";"ok"
"01 Encargos rescisorios CUST x RAP transmissoras";"48500.020990/2026-35";"Regulação da Transmissão: Pleitos sobre Serviços de Transmissão";"5";"0409295";"Protocolo";"17/07/2026";"PROTOCOLO-GERAL";"005_SEI_0409295_Protocolo.pdf";"166883";"ok"
"01 Encargos rescisorios CUST x RAP transmissoras";"48500.022266/2026-46";"Outorga de Transmissão: Demais Pleitos sobre Empreendimentos em Implantação";"1";"0418726";"Carta";"30/07/2026";"PROTOCOLO-GERAL";"";"";"restrito"
"01 Encargos rescisorios CUST x RAP transmissoras";"48500.022266/2026-46";"Outorga de Transmissão: Demais Pleitos sobre Empreendimentos em Implantação";"2";"0418727";"Carta";"30/07/2026";"PROTOCOLO-GERAL";"002_SEI_0418727_Carta.pdf";"132484";"ok"
"01 Encargos rescisorios CUST x RAP transmissoras";"48500.022266/2026-46";"Outorga de Transmissão: Demais Pleitos sobre Empreendimentos em Implantação";"3";"0418728";"Carta";"21/07/2026";"PROTOCOLO-GERAL";"003_SEI_0418728_Carta.pdf";"152664";"ok"
"01 Encargos rescisorios CUST x RAP transmissoras";"48500.022266/2026-46";"Outorga de Transmissão: Demais Pleitos sobre Empreendimentos em Implantação";"4";"0418729";"Parecer";"22/04/2026";"PROTOCOLO-GERAL";"004_SEI_0418729_Parecer.pdf";"2139010";"ok"
"01 Encargos rescisorios CUST x RAP transmissoras";"48500.022266/2026-46";"Outorga de Transmissão: Demais Pleitos sobre Empreendimentos em Implantação";"5";"0418730";"Contrato";"17/07/2026";"PROTOCOLO-GERAL";"005_SEI_0418730_Contrato.pdf";"537044";"ok"
"01 Encargos rescisorios CUST x RAP transmissoras";"48500.020904/2026-94";"Outorga de Transmissão: Demais Pleitos sobre Empreendimentos em Implantação";"1";"0408822";"Carta 55";"17/07/2026";"PROTOCOLO-GERAL";"001_SEI_0408822_Carta_55.pdf";"179296";"ok"
"01 Encargos rescisorios CUST x RAP transmissoras";"48500.020904/2026-94";"Outorga de Transmissão: Demais Pleitos sobre Empreendimentos em Implantação";"2";"0408823";"Contrato";"17/07/2026";"PROTOCOLO-GERAL";"002_SEI_0408823_Contrato.pdf";"516609";"ok"
"01 Encargos rescisorios CUST x RAP transmissoras";"48500.015050/2026-24";"Regulação da Transmissão: Pleitos sobre Serviços de Transmissão";"1";"0366241";"Carta";"26/05/2026";"PROTOCOLO-GERAL";"";"";"restrito"
"01 Encargos rescisorios CUST x RAP transmissoras";"48500.015050/2026-24";"Regulação da Transmissão: Pleitos sobre Serviços de Transmissão";"2";"0366242";"Contrato";"26/05/2026";"PROTOCOLO-GERAL";"";"";"restrito"
"01 Encargos rescisorios CUST x RAP transmissoras";"48500.015050/2026-24";"Regulação da Transmissão: Pleitos sobre Serviços de Transmissão";"3";"0366243";"Contrato";"26/05/2026";"PROTOCOLO-GERAL";"";"";"restrito"
"01 Encargos rescisorios CUST x RAP transmissoras";"48500.015050/2026-24";"Regulação da Transmissão: Pleitos sobre Serviços de Transmissão";"4";"0366244";"Resolução";"02/08/2022";"PROTOCOLO-GERAL";"";"";"restrito"
"01 Encargos rescisorios CUST x RAP transmissoras";"48500.015050/2026-24";"Regulação da Transmissão: Pleitos sobre Serviços de Transmissão";"5";"0366245";"Resolução";"02/08/2022";"PROTOCOLO-GERAL";"";"";"restrito"
"01 Encargos rescisorios CUST x RAP transmissoras";"48500.015050/2026-24";"Regulação da Transmissão: Pleitos sobre Serviços de Transmissão";"6";"0366246";"Resolução";"09/08/2022";"PROTOCOLO-GERAL";"";"";"restrito"
"01 Encargos rescisorios CUST x RAP transmissoras";"48500.015050/2026-24";"Regulação da Transmissão: Pleitos sobre Serviços de Transmissão";"7";"0366247";"Resolução";"29/08/2023";"PROTOCOLO-GERAL";"";"";"restrito"
"01 Encargos rescisorios CUST x RAP transmissoras";"48500.015050/2026-24";"Regulação da Transmissão: Pleitos sobre Serviços de Transmissão";"8";"0366248";"Diário";"08/08/2022";"PROTOCOLO-GERAL";"";"";"restrito"
"01 Encargos rescisorios CUST x RAP transmissoras";"48500.015050/2026-24";"Regulação da Transmissão: Pleitos sobre Serviços de Transmissão";"9";"0366249";"Carta Grupo MS Nº 001/2026";"23/01/2026";"PROTOCOLO-GERAL";"";"";"restrito"
"01 Encargos rescisorios CUST x RAP transmissoras";"48500.015050/2026-24";"Regulação da Transmissão: Pleitos sobre Serviços de Transmissão";"10";"0366250";"Carta ONS DTA/SA Nº 0204/2026";"06/02/2026";"PROTOCOLO-GERAL";"";"";"restrito"
"01 Encargos rescisorios CUST x RAP transmissoras";"48500.015050/2026-24";"Regulação da Transmissão: Pleitos sobre Serviços de Transmissão";"11";"0366251";"Carta ONS DTA Nº 0332/2026";"05/03/2026";"PROTOCOLO-GERAL";"";"";"restrito"
"01 Encargos rescisorios CUST x RAP transmissoras";"48500.015050/2026-24";"Regulação da Transmissão: Pleitos sobre Serviços de Transmissão";"12";"0366252";"Comprovante";"05/05/2026";"PROTOCOLO-GERAL";"";"";"restrito"
"01 Encargos rescisorios CUST x RAP transmissoras";"48500.015050/2026-24";"Regulação da Transmissão: Pleitos sobre Serviços de Transmissão";"13";"0366253";"Requerimento";"16/04/2025";"PROTOCOLO-GERAL";"";"";"restrito"
"01 Encargos rescisorios CUST x RAP transmissoras";"48500.015050/2026-24";"Regulação da Transmissão: Pleitos sobre Serviços de Transmissão";"14";"0366254";"Comprovante";"26/05/2026";"PROTOCOLO-GERAL";"";"";"restrito"
"01 Encargos rescisorios CUST x RAP transmissoras";"48500.015050/2026-24";"Regulação da Transmissão: Pleitos sobre Serviços de Transmissão";"16";"0368787";"Requerimento de Distribuição de Processo";"29/05/2026";"SGE -SORTEIO";"016_SEI_0368787_Requerimento_de_Distribuicao_de_Processo.html";"87657";"ok"
"01 Encargos rescisorios CUST x RAP transmissoras";"48500.015050/2026-24";"Regulação da Transmissão: Pleitos sobre Serviços de Transmissão";"17";"0370070";"Despacho de Distribuição de Processo";"01/06/2026";"SGE -SORTEIO";"017_SEI_0370070_Despacho_de_Distribuicao_de_Processo.html";"87578";"ok"
"01 Encargos rescisorios CUST x RAP transmissoras";"48500.015050/2026-24";"Regulação da Transmissão: Pleitos sobre Serviços de Transmissão";"18";"0399793";"Requerimento de Inclusão em Pauta";"08/07/2026";"DIR - AMAC";"018_SEI_0399793_Requerimento_de_Inclusao_em_Pauta.html";"87847";"ok"
"01 Encargos rescisorios CUST x RAP transmissoras";"48500.015050/2026-24";"Regulação da Transmissão: Pleitos sobre Serviços de Transmissão";"19";"0400807";"Voto";"08/07/2026";"GAB II - AMAC";"019_SEI_0400807_Voto.html";"118174";"ok"
"01 Encargos rescisorios CUST x RAP transmissoras";"48500.015050/2026-24";"Regulação da Transmissão: Pleitos sobre Serviços de Transmissão";"20";"0400810";"Despacho 2477";"08/07/2026";"GAB II - AMAC";"020_SEI_0400810_Despacho_2477.html";"87850";"ok"
"01 Encargos rescisorios CUST x RAP transmissoras";"48500.015050/2026-24";"Regulação da Transmissão: Pleitos sobre Serviços de Transmissão";"21";"0408350";"Confirmação";"15/07/2026";"GAB II - AMAC";"021_SEI_0408350_Confirmacao.pdf";"3970490";"ok"
"01 Encargos rescisorios CUST x RAP transmissoras";"48500.015050/2026-24";"Regulação da Transmissão: Pleitos sobre Serviços de Transmissão";"22";"0405501";"Extrato da Decisão da Diretoria";"14/07/2026";"SGE - PUBLICAÇÃO";"022_SEI_0405501_Extrato_da_Decisao_da_Diretoria.html";"89397";"ok"
"01 Encargos rescisorios CUST x RAP transmissoras";"48500.013335/2026-21";"Processo Decisório: Pedido de Medida Cautelar";"1";"0350433";"Carta";"11/05/2026";"PROTOCOLO-GERAL";"001_SEI_0350433_Carta.pdf";"507856";"ok"
"01 Encargos rescisorios CUST x RAP transmissoras";"48500.013335/2026-21";"Processo Decisório: Pedido de Medida Cautelar";"2";"0350434";"Dossiê";"11/05/2026";"PROTOCOLO-GERAL";"002_SEI_0350434_Dossie.zip";"2038335";"ok"
"01 Encargos rescisorios CUST x RAP transmissoras";"48500.013335/2026-21";"Processo Decisório: Pedido de Medida Cautelar";"3";"0357847";"Requerimento";"15/05/2026";"SGE -SORTEIO";"003_SEI_0357847_Requerimento.pdf";"64630";"ok"
"01 Encargos rescisorios CUST x RAP transmissoras";"48500.013335/2026-21";"Processo Decisório: Pedido de Medida Cautelar";"4";"0358509";"Despacho";"18/05/2026";"SGE -SORTEIO";"004_SEI_0358509_Despacho.pdf";"56029";"ok"
"01 Encargos rescisorios CUST x RAP transmissoras";"48500.013335/2026-21";"Processo Decisório: Pedido de Medida Cautelar";"5";"0372815";"Requerimento";"26/05/2026";"DIR - GNSJ";"005_SEI_0372815_Requerimento.pdf";"62523";"ok"
"01 Encargos rescisorios CUST x RAP transmissoras";"48500.013335/2026-21";"Processo Decisório: Pedido de Medida Cautelar";"6";"0372817";"Voto";"26/05/2026";"DIR - GNSJ";"006_SEI_0372817_Voto.pdf";"109314";"ok"
"01 Encargos rescisorios CUST x RAP transmissoras";"48500.013335/2026-21";"Processo Decisório: Pedido de Medida Cautelar";"7";"0372820";"Despacho 1.924";"26/05/2026";"DIR - GNSJ";"007_SEI_0372820_Despacho_1_924.pdf";"60241";"ok"
"01 Encargos rescisorios CUST x RAP transmissoras";"48500.013335/2026-21";"Processo Decisório: Pedido de Medida Cautelar";"8";"0372822";"Confirmação";"26/05/2026";"DIR - GNSJ";"008_SEI_0372822_Confirmacao.pdf";"1151797";"ok"
"01 Encargos rescisorios CUST x RAP transmissoras";"48500.013335/2026-21";"Processo Decisório: Pedido de Medida Cautelar";"9";"0373294";"Termo de Arquivamento";"03/06/2026";"STR";"009_SEI_0373294_Termo_de_Arquivamento.html";"86546";"ok"
"01 Encargos rescisorios CUST x RAP transmissoras";"48500.013335/2026-21";"Processo Decisório: Pedido de Medida Cautelar";"10";"0380854";"Termo de Desarquivamento";"12/06/2026";"STR";"010_SEI_0380854_Termo_de_Desarquivamento.html";"86561";"ok"
"01 Encargos rescisorios CUST x RAP transmissoras";"48500.013335/2026-21";"Processo Decisório: Pedido de Medida Cautelar";"11";"0388092";"Requerimento";"22/06/2026";"SGE -SORTEIO";"011_SEI_0388092_Requerimento.pdf";"62096";"ok"
"01 Encargos rescisorios CUST x RAP transmissoras";"48500.013335/2026-21";"Processo Decisório: Pedido de Medida Cautelar";"12";"0388167";"Despacho";"22/06/2026";"SGE -SORTEIO";"012_SEI_0388167_Despacho.pdf";"56020";"ok"
"01 Encargos rescisorios CUST x RAP transmissoras";"48500.013335/2026-21";"Processo Decisório: Pedido de Medida Cautelar";"13";"0407930";"Requerimento de inclusão em Pauta";"30/06/2026";"GAB V - WMF";"013_SEI_0407930_Requerimento_de_inclusao_em_Pauta.pdf";"60633";"ok"
"01 Encargos rescisorios CUST x RAP transmissoras";"48500.013335/2026-21";"Processo Decisório: Pedido de Medida Cautelar";"14";"0407932";"Voto";"30/06/2026";"GAB V - WMF";"014_SEI_0407932_Voto.pdf";"98097";"ok"
"01 Encargos rescisorios CUST x RAP transmissoras";"48500.013335/2026-21";"Processo Decisório: Pedido de Medida Cautelar";"15";"0407934";"Despacho";"30/06/2026";"GAB V - WMF";"015_SEI_0407934_Despacho.pdf";"56056";"ok"
"01 Encargos rescisorios CUST x RAP transmissoras";"48500.013335/2026-21";"Processo Decisório: Pedido de Medida Cautelar";"16";"0407935";"Confirmação";"30/06/2026";"GAB V - WMF";"016_SEI_0407935_Confirmacao.pdf";"2430188";"ok"
"01 Encargos rescisorios CUST x RAP transmissoras";"48500.013335/2026-21";"Processo Decisório: Pedido de Medida Cautelar";"17";"0403213";"Extrato";"09/07/2026";"SGE - PUBLICAÇÃO";"017_SEI_0403213_Extrato.pdf";"71227";"ok"
"01 Encargos rescisorios CUST x RAP transmissoras";"48500.013338/2026-64";"Processo Decisório: Pedido de Medida Cautelar";"1";"0350444";"Carta";"11/05/2026";"PROTOCOLO-GERAL";"001_SEI_0350444_Carta.pdf";"507115";"ok"
"01 Encargos rescisorios CUST x RAP transmissoras";"48500.013338/2026-64";"Processo Decisório: Pedido de Medida Cautelar";"2";"0350445";"Dossiê";"11/05/2026";"PROTOCOLO-GERAL";"002_SEI_0350445_Dossie.zip";"1713229";"ok"
"01 Encargos rescisorios CUST x RAP transmissoras";"48500.013338/2026-64";"Processo Decisório: Pedido de Medida Cautelar";"3";"0357858";"Requerimento";"15/05/2026";"SGE -SORTEIO";"003_SEI_0357858_Requerimento.pdf";"64630";"ok"
"01 Encargos rescisorios CUST x RAP transmissoras";"48500.013338/2026-64";"Processo Decisório: Pedido de Medida Cautelar";"4";"0358497";"Despacho";"18/05/2026";"SGE -SORTEIO";"004_SEI_0358497_Despacho.pdf";"56029";"ok"
"01 Encargos rescisorios CUST x RAP transmissoras";"48500.013338/2026-64";"Processo Decisório: Pedido de Medida Cautelar";"5";"0372850";"Requerimento";"26/05/2026";"DIR - GNSJ";"005_SEI_0372850_Requerimento.pdf";"62523";"ok"
"01 Encargos rescisorios CUST x RAP transmissoras";"48500.013338/2026-64";"Processo Decisório: Pedido de Medida Cautelar";"6";"0372852";"Voto";"26/05/2026";"DIR - GNSJ";"006_SEI_0372852_Voto.pdf";"109314";"ok"
"01 Encargos rescisorios CUST x RAP transmissoras";"48500.013338/2026-64";"Processo Decisório: Pedido de Medida Cautelar";"7";"0372855";"Despacho 1.924";"26/05/2026";"DIR - GNSJ";"007_SEI_0372855_Despacho_1_924.pdf";"60241";"ok"
"01 Encargos rescisorios CUST x RAP transmissoras";"48500.013338/2026-64";"Processo Decisório: Pedido de Medida Cautelar";"8";"0372858";"Confirmação";"03/06/2026";"DIR - GNSJ";"008_SEI_0372858_Confirmacao.pdf";"1151797";"ok"
"01 Encargos rescisorios CUST x RAP transmissoras";"48500.013338/2026-64";"Processo Decisório: Pedido de Medida Cautelar";"9";"0373307";"Termo de Arquivamento";"03/06/2026";"STR";"009_SEI_0373307_Termo_de_Arquivamento.html";"86546";"ok"
"01 Encargos rescisorios CUST x RAP transmissoras";"48500.013338/2026-64";"Processo Decisório: Pedido de Medida Cautelar";"10";"0380856";"Termo de Desarquivamento";"12/06/2026";"STR";"010_SEI_0380856_Termo_de_Desarquivamento.html";"86553";"ok"
"01 Encargos rescisorios CUST x RAP transmissoras";"48500.013338/2026-64";"Processo Decisório: Pedido de Medida Cautelar";"11";"0388097";"Requerimento";"22/06/2026";"SGE -SORTEIO";"011_SEI_0388097_Requerimento.pdf";"62096";"ok"
"01 Encargos rescisorios CUST x RAP transmissoras";"48500.013338/2026-64";"Processo Decisório: Pedido de Medida Cautelar";"12";"0388179";"Despacho";"22/06/2026";"SGE -SORTEIO";"012_SEI_0388179_Despacho.pdf";"56020";"ok"
"01 Encargos rescisorios CUST x RAP transmissoras";"48500.013338/2026-64";"Processo Decisório: Pedido de Medida Cautelar";"13";"0407949";"Requerimento de inclusão em Pauta";"30/06/2026";"GAB V - WMF";"013_SEI_0407949_Requerimento_de_inclusao_em_Pauta.pdf";"60633";"ok"
"01 Encargos rescisorios CUST x RAP transmissoras";"48500.013338/2026-64";"Processo Decisório: Pedido de Medida Cautelar";"14";"0407951";"Voto";"30/06/2026";"GAB V - WMF";"014_SEI_0407951_Voto.pdf";"98097";"ok"
"01 Encargos rescisorios CUST x RAP transmissoras";"48500.013338/2026-64";"Processo Decisório: Pedido de Medida Cautelar";"15";"0407953";"Despacho";"30/06/2026";"GAB V - WMF";"015_SEI_0407953_Despacho.pdf";"56056";"ok"
"01 Encargos rescisorios CUST x RAP transmissoras";"48500.013338/2026-64";"Processo Decisório: Pedido de Medida Cautelar";"16";"0407974";"Confirmação";"10/07/2026";"GAB V - WMF";"016_SEI_0407974_Confirmacao.pdf";"2430188";"ok"
"01 Encargos rescisorios CUST x RAP transmissoras";"48500.013338/2026-64";"Processo Decisório: Pedido de Medida Cautelar";"17";"0403218";"Extrato";"09/07/2026";"SGE - PUBLICAÇÃO";"017_SEI_0403218_Extrato.pdf";"71227";"ok"
"01 Encargos rescisorios CUST x RAP transmissoras";"48500.013336/2026-75";"Processo Decisório: Pedido de Medida Cautelar";"1";"0350442";"Carta";"11/05/2026";"PROTOCOLO-GERAL";"001_SEI_0350442_Carta.pdf";"507011";"ok"
"01 Encargos rescisorios CUST x RAP transmissoras";"48500.013336/2026-75";"Processo Decisório: Pedido de Medida Cautelar";"2";"0350443";"Dossiê";"11/05/2026";"PROTOCOLO-GERAL";"002_SEI_0350443_Dossie.zip";"1990121";"ok"
"01 Encargos rescisorios CUST x RAP transmissoras";"48500.013336/2026-75";"Processo Decisório: Pedido de Medida Cautelar";"3";"0357851";"Requerimento";"15/05/2026";"SGE -SORTEIO";"003_SEI_0357851_Requerimento.pdf";"64630";"ok"
"01 Encargos rescisorios CUST x RAP transmissoras";"48500.013336/2026-75";"Processo Decisório: Pedido de Medida Cautelar";"4";"0358516";"Despacho";"18/05/2026";"SGE -SORTEIO";"004_SEI_0358516_Despacho.pdf";"56029";"ok"
"01 Encargos rescisorios CUST x RAP transmissoras";"48500.013336/2026-75";"Processo Decisório: Pedido de Medida Cautelar";"5";"0372830";"Requerimento";"26/05/2026";"DIR - GNSJ";"005_SEI_0372830_Requerimento.pdf";"62523";"ok"
"01 Encargos rescisorios CUST x RAP transmissoras";"48500.013336/2026-75";"Processo Decisório: Pedido de Medida Cautelar";"6";"0372832";"Voto";"26/05/2026";"DIR - GNSJ";"006_SEI_0372832_Voto.pdf";"109314";"ok"
"01 Encargos rescisorios CUST x RAP transmissoras";"48500.013336/2026-75";"Processo Decisório: Pedido de Medida Cautelar";"7";"0372834";"Despacho 1.924";"26/05/2026";"DIR - GNSJ";"007_SEI_0372834_Despacho_1_924.pdf";"60241";"ok"
"01 Encargos rescisorios CUST x RAP transmissoras";"48500.013336/2026-75";"Processo Decisório: Pedido de Medida Cautelar";"8";"0372839";"Confirmação";"26/05/2026";"DIR - GNSJ";"008_SEI_0372839_Confirmacao.pdf";"1151797";"ok"
"01 Encargos rescisorios CUST x RAP transmissoras";"48500.013336/2026-75";"Processo Decisório: Pedido de Medida Cautelar";"9";"0373304";"Termo de Arquivamento";"03/06/2026";"STR";"009_SEI_0373304_Termo_de_Arquivamento.html";"86554";"ok"
"01 Encargos rescisorios CUST x RAP transmissoras";"48500.013336/2026-75";"Processo Decisório: Pedido de Medida Cautelar";"10";"0380855";"Termo de Desarquivamento";"12/06/2026";"STR";"010_SEI_0380855_Termo_de_Desarquivamento.html";"86553";"ok"
"01 Encargos rescisorios CUST x RAP transmissoras";"48500.013336/2026-75";"Processo Decisório: Pedido de Medida Cautelar";"11";"0388094";"Requerimento";"22/06/2026";"SGE -SORTEIO";"011_SEI_0388094_Requerimento.pdf";"62096";"ok"
"01 Encargos rescisorios CUST x RAP transmissoras";"48500.013336/2026-75";"Processo Decisório: Pedido de Medida Cautelar";"12";"0388182";"Despacho";"22/06/2026";"SGE -SORTEIO";"012_SEI_0388182_Despacho.pdf";"56020";"ok"
"01 Encargos rescisorios CUST x RAP transmissoras";"48500.013336/2026-75";"Processo Decisório: Pedido de Medida Cautelar";"13";"0407939";"Requerimento de inclusão em Pauta";"30/06/2026";"GAB V - WMF";"013_SEI_0407939_Requerimento_de_inclusao_em_Pauta.pdf";"60633";"ok"
"01 Encargos rescisorios CUST x RAP transmissoras";"48500.013336/2026-75";"Processo Decisório: Pedido de Medida Cautelar";"14";"0407941";"Voto";"30/06/2026";"GAB V - WMF";"014_SEI_0407941_Voto.pdf";"98097";"ok"
"01 Encargos rescisorios CUST x RAP transmissoras";"48500.013336/2026-75";"Processo Decisório: Pedido de Medida Cautelar";"15";"0407944";"Despacho";"30/06/2026";"GAB V - WMF";"015_SEI_0407944_Despacho.pdf";"56056";"ok"
"01 Encargos rescisorios CUST x RAP transmissoras";"48500.013336/2026-75";"Processo Decisório: Pedido de Medida Cautelar";"16";"0407945";"Confirmação";"10/07/2026";"GAB V - WMF";"016_SEI_0407945_Confirmacao.pdf";"2430188";"ok"
"01 Encargos rescisorios CUST x RAP transmissoras";"48500.013336/2026-75";"Processo Decisório: Pedido de Medida Cautelar";"17";"0403215";"Extrato";"09/07/2026";"SGE - PUBLICAÇÃO";"017_SEI_0403215_Extrato.pdf";"71227";"ok"
"01 Encargos rescisorios CUST x RAP transmissoras";"48500.013330/2026-06";"Processo Decisório: Pedido de Medida Cautelar";"1";"0350399";"Carta";"11/05/2026";"PROTOCOLO-GERAL";"001_SEI_0350399_Carta.pdf";"506131";"ok"
"01 Encargos rescisorios CUST x RAP transmissoras";"48500.013330/2026-06";"Processo Decisório: Pedido de Medida Cautelar";"2";"0350401";"Dossiê";"11/05/2026";"PROTOCOLO-GERAL";"002_SEI_0350401_Dossie.zip";"2050079";"ok"
"01 Encargos rescisorios CUST x RAP transmissoras";"48500.013330/2026-06";"Processo Decisório: Pedido de Medida Cautelar";"3";"0357845";"Requerimento";"15/05/2026";"SGE -SORTEIO";"003_SEI_0357845_Requerimento.pdf";"64630";"ok"
"01 Encargos rescisorios CUST x RAP transmissoras";"48500.013330/2026-06";"Processo Decisório: Pedido de Medida Cautelar";"4";"0358502";"Despacho";"18/05/2026";"SGE -SORTEIO";"004_SEI_0358502_Despacho.pdf";"56029";"ok"
"01 Encargos rescisorios CUST x RAP transmissoras";"48500.013330/2026-06";"Processo Decisório: Pedido de Medida Cautelar";"5";"0372772";"Requerimento";"26/05/2026";"DIR - GNSJ";"005_SEI_0372772_Requerimento.pdf";"62523";"ok"
"01 Encargos rescisorios CUST x RAP transmissoras";"48500.013330/2026-06";"Processo Decisório: Pedido de Medida Cautelar";"6";"0372777";"Voto";"26/05/2026";"DIR - GNSJ";"006_SEI_0372777_Voto.pdf";"109314";"ok"
"01 Encargos rescisorios CUST x RAP transmissoras";"48500.013330/2026-06";"Processo Decisório: Pedido de Medida Cautelar";"7";"0372811";"Despacho 1.924";"26/05/2026";"DIR - GNSJ";"007_SEI_0372811_Despacho_1_924.pdf";"60241";"ok"
"01 Encargos rescisorios CUST x RAP transmissoras";"48500.013330/2026-06";"Processo Decisório: Pedido de Medida Cautelar";"8";"0372806";"Confirmação";"03/06/2026";"DIR - GNSJ";"008_SEI_0372806_Confirmacao.pdf";"1151797";"ok"
"01 Encargos rescisorios CUST x RAP transmissoras";"48500.013330/2026-06";"Processo Decisório: Pedido de Medida Cautelar";"9";"0373301";"Termo de Arquivamento";"03/06/2026";"STR";"009_SEI_0373301_Termo_de_Arquivamento.html";"86546";"ok"
"01 Encargos rescisorios CUST x RAP transmissoras";"48500.013330/2026-06";"Processo Decisório: Pedido de Medida Cautelar";"10";"0380853";"Termo de Desarquivamento";"12/06/2026";"STR";"010_SEI_0380853_Termo_de_Desarquivamento.html";"86565";"ok"
"01 Encargos rescisorios CUST x RAP transmissoras";"48500.013330/2026-06";"Processo Decisório: Pedido de Medida Cautelar";"11";"0388090";"Requerimento";"22/06/2026";"SGE -SORTEIO";"011_SEI_0388090_Requerimento.pdf";"62096";"ok"
"01 Encargos rescisorios CUST x RAP transmissoras";"48500.013330/2026-06";"Processo Decisório: Pedido de Medida Cautelar";"12";"0388161";"Despacho";"22/06/2026";"SGE -SORTEIO";"012_SEI_0388161_Despacho.pdf";"56020";"ok"
"01 Encargos rescisorios CUST x RAP transmissoras";"48500.013330/2026-06";"Processo Decisório: Pedido de Medida Cautelar";"13";"0407914";"Requerimento de inclusão em Pauta";"30/06/2026";"GAB V - WMF";"013_SEI_0407914_Requerimento_de_inclusao_em_Pauta.pdf";"60633";"ok"
"01 Encargos rescisorios CUST x RAP transmissoras";"48500.013330/2026-06";"Processo Decisório: Pedido de Medida Cautelar";"14";"0407916";"Voto";"30/06/2026";"GAB V - WMF";"014_SEI_0407916_Voto.pdf";"98097";"ok"
"01 Encargos rescisorios CUST x RAP transmissoras";"48500.013330/2026-06";"Processo Decisório: Pedido de Medida Cautelar";"15";"0407921";"Despacho";"30/06/2026";"GAB V - WMF";"015_SEI_0407921_Despacho.pdf";"56056";"ok"
"01 Encargos rescisorios CUST x RAP transmissoras";"48500.013330/2026-06";"Processo Decisório: Pedido de Medida Cautelar";"16";"0407924";"Confirmação";"10/07/2026";"GAB V - WMF";"016_SEI_0407924_Confirmacao.pdf";"2430188";"ok"
"01 Encargos rescisorios CUST x RAP transmissoras";"48500.013330/2026-06";"Processo Decisório: Pedido de Medida Cautelar";"17";"0403211";"Extrato";"09/07/2026";"SGE - PUBLICAÇÃO";"017_SEI_0403211_Extrato.pdf";"71227";"ok"
"01 Encargos rescisorios CUST x RAP transmissoras";"48500.901967/2024-80";"Regulação da Transmissão: Pleitos sobre Serviços de Transmissão";"1";"0001832";"Termo de Migração";"17/01/2025";"STD";"001_SEI_0001832_Termo_de_Migracao.html";"59716";"ok"
"01 Encargos rescisorios CUST x RAP transmissoras";"48500.901967/2024-80";"Regulação da Transmissão: Pleitos sobre Serviços de Transmissão";"2";"0043186";"Nota Técnica 26";"20/03/2025";"STD";"002_SEI_0043186_Nota_Tecnica_26.html";"148259";"ok"
"01 Encargos rescisorios CUST x RAP transmissoras";"48500.901967/2024-80";"Regulação da Transmissão: Pleitos sobre Serviços de Transmissão";"3";"0072215";"Despacho 784";"24/03/2025";"STD";"003_SEI_0072215_Despacho_784.html";"84179";"ok"
"01 Encargos rescisorios CUST x RAP transmissoras";"48500.901967/2024-80";"Regulação da Transmissão: Pleitos sobre Serviços de Transmissão";"4";"0074247";"Despacho";"26/03/2025";"STD";"004_SEI_0074247_Despacho.pdf";"76266";"ok"
"01 Encargos rescisorios CUST x RAP transmissoras";"48500.901967/2024-80";"Regulação da Transmissão: Pleitos sobre Serviços de Transmissão";"5";"0074314";"Recibo";"26/03/2025";"STD";"005_SEI_0074314_Recibo.pdf";"54038";"ok"
"01 Encargos rescisorios CUST x RAP transmissoras";"48500.901967/2024-80";"Regulação da Transmissão: Pleitos sobre Serviços de Transmissão";"6";"48500.012062/2025-16";"Regulação da Transmissão: Pleitos sobre Serviços de Transmissão";"07/04/2025";"PROTOCOLO-GERAL";"";"";"restrito"
"01 Encargos rescisorios CUST x RAP transmissoras";"48500.901967/2024-80";"Regulação da Transmissão: Pleitos sobre Serviços de Transmissão";"7";"0132340";"Registro de Reunião 26";"11/06/2025";"STD";"007_SEI_0132340_Registro_de_Reuniao_26.html";"85126";"ok"
"01 Encargos rescisorios CUST x RAP transmissoras";"48500.901967/2024-80";"Regulação da Transmissão: Pleitos sobre Serviços de Transmissão";"8";"0132487";"Apresentação";"22/05/2025";"STD";"008_SEI_0132487_Apresentacao.pdf";"1153805";"ok"
"01 Encargos rescisorios CUST x RAP transmissoras";"48500.901967/2024-80";"Regulação da Transmissão: Pleitos sobre Serviços de Transmissão";"9";"0134750";"Termo de Cancelamento de Documento";"13/06/2025";"STD";"009_SEI_0134750_Termo_de_Cancelamento_de_Documento.html";"72112";"ok"
"01 Encargos rescisorios CUST x RAP transmissoras";"48500.901967/2024-80";"Regulação da Transmissão: Pleitos sobre Serviços de Transmissão";"10";"0145623";"Nota Técnica 75";"02/07/2025";"STD";"010_SEI_0145623_Nota_Tecnica_75.html";"158431";"ok"
"01 Encargos rescisorios CUST x RAP transmissoras";"48500.901967/2024-80";"Regulação da Transmissão: Pleitos sobre Serviços de Transmissão";"11";"0146511";"Requerimento de Distribuição de Processo";"03/07/2025";"STD";"011_SEI_0146511_Requerimento_de_Distribuicao_de_Processo.html";"71277";"ok"
"01 Encargos rescisorios CUST x RAP transmissoras";"48500.901967/2024-80";"Regulação da Transmissão: Pleitos sobre Serviços de Transmissão";"12";"0148731";"Despacho de Distribuição de Processo";"07/07/2025";"SGE - Sorteio";"012_SEI_0148731_Despacho_de_Distribuicao_de_Processo.html";"70517";"ok"
"01 Encargos rescisorios CUST x RAP transmissoras";"48500.901967/2024-80";"Regulação da Transmissão: Pleitos sobre Serviços de Transmissão";"13";"0216368";"Memória";"09/10/2025";"ASD - APOIO";"013_SEI_0216368_Memoria.pdf";"1097816";"ok"
"01 Encargos rescisorios CUST x RAP transmissoras";"48500.901967/2024-80";"Regulação da Transmissão: Pleitos sobre Serviços de Transmissão";"15";"0317460";"E-mail";"24/03/2026";"ASD - APOIO";"015_SEI_0317460_E_mail.pdf";"1346616";"ok"
"01 Encargos rescisorios CUST x RAP transmissoras";"48500.901967/2024-80";"Regulação da Transmissão: Pleitos sobre Serviços de Transmissão";"16";"0317250";"Requerimento de Inclusão em Pauta";"25/03/2026";"DIR - AMAC";"016_SEI_0317250_Requerimento_de_Inclusao_em_Pauta.html";"87389";"ok"
"01 Encargos rescisorios CUST x RAP transmissoras";"48500.901967/2024-80";"Regulação da Transmissão: Pleitos sobre Serviços de Transmissão";"17";"0318312";"Memória";"20/03/2026";"ASD - APOIO";"017_SEI_0318312_Memoria.pdf";"441358";"ok"
"01 Encargos rescisorios CUST x RAP transmissoras";"48500.901967/2024-80";"Regulação da Transmissão: Pleitos sobre Serviços de Transmissão";"18";"0318632";"Extrato da Decisão da Diretoria";"27/03/2026";"SGE - PUBLICAÇÃO";"018_SEI_0318632_Extrato_da_Decisao_da_Diretoria.html";"89511";"ok"
"01 Encargos rescisorios CUST x RAP transmissoras";"48500.901967/2024-80";"Regulação da Transmissão: Pleitos sobre Serviços de Transmissão";"19";"0332496";"Memorando 33";"15/04/2026";"DIR - AMAC";"019_SEI_0332496_Memorando_33.html";"93213";"ok"
"01 Encargos rescisorios CUST x RAP transmissoras";"48500.901967/2024-80";"Regulação da Transmissão: Pleitos sobre Serviços de Transmissão";"20";"0339252";"Registro";"27/04/2026";"PROCURADORIA FEDERAL";"020_SEI_0339252_Registro.pdf";"340150";"ok"
"01 Encargos rescisorios CUST x RAP transmissoras";"48500.901967/2024-80";"Regulação da Transmissão: Pleitos sobre Serviços de Transmissão";"21";"0339257";"Apresentação";"27/04/2026";"PROCURADORIA FEDERAL";"021_SEI_0339257_Apresentacao.pdf";"1285104";"ok"
"01 Encargos rescisorios CUST x RAP transmissoras";"48500.901967/2024-80";"Regulação da Transmissão: Pleitos sobre Serviços de Transmissão";"22";"0385944";"Parecer Jurídico 91";"18/06/2026";"PROCURADORIA FEDERAL";"022_SEI_0385944_Parecer_Juridico_91.pdf";"9696991";"ok"
"01 Encargos rescisorios CUST x RAP transmissoras";"48500.901967/2024-80";"Regulação da Transmissão: Pleitos sobre Serviços de Transmissão";"23";"0403443";"Memória";"09/07/2026";"GAB - APOIO";"023_SEI_0403443_Memoria.pdf";"1322220";"ok"
"01 Encargos rescisorios CUST x RAP transmissoras";"48500.013326/2026-30";"Processo Decisório: Pedido de Medida Cautelar";"1";"0350371";"Carta";"11/05/2026";"PROTOCOLO-GERAL";"001_SEI_0350371_Carta.pdf";"505666";"ok"
"01 Encargos rescisorios CUST x RAP transmissoras";"48500.013326/2026-30";"Processo Decisório: Pedido de Medida Cautelar";"2";"0350372";"Dossiê";"11/05/2026";"PROTOCOLO-GERAL";"002_SEI_0350372_Dossie.zip";"2053039";"ok"
"01 Encargos rescisorios CUST x RAP transmissoras";"48500.013326/2026-30";"Processo Decisório: Pedido de Medida Cautelar";"3";"0356645";"Requerimento de Distribuição de Processo";"15/05/2026";"SGE -SORTEIO";"003_SEI_0356645_Requerimento_de_Distribuicao_de_Processo.html";"89069";"ok"
"01 Encargos rescisorios CUST x RAP transmissoras";"48500.013326/2026-30";"Processo Decisório: Pedido de Medida Cautelar";"4";"0358350";"Despacho de Distribuição de Processo";"18/05/2026";"SGE -SORTEIO";"004_SEI_0358350_Despacho_de_Distribuicao_de_Processo.html";"88329";"ok"
"01 Encargos rescisorios CUST x RAP transmissoras";"48500.013326/2026-30";"Processo Decisório: Pedido de Medida Cautelar";"5";"0365734";"Requerimento de Inclusão em Pauta";"28/05/2026";"DIR - GNSJ";"005_SEI_0365734_Requerimento_de_Inclusao_em_Pauta.html";"88272";"ok"
"01 Encargos rescisorios CUST x RAP transmissoras";"48500.013326/2026-30";"Processo Decisório: Pedido de Medida Cautelar";"6";"0367125";"Voto";"28/05/2026";"DIR - GNSJ";"006_SEI_0367125_Voto.html";"117639";"ok"
"01 Encargos rescisorios CUST x RAP transmissoras";"48500.013326/2026-30";"Processo Decisório: Pedido de Medida Cautelar";"7";"0367164";"Despacho 1924";"29/05/2026";"DIR - GNSJ";"007_SEI_0367164_Despacho_1924.html";"89762";"ok"
"01 Encargos rescisorios CUST x RAP transmissoras";"48500.013326/2026-30";"Processo Decisório: Pedido de Medida Cautelar";"8";"0372845";"Confirmação";"26/05/2026";"DIR - GNSJ";"008_SEI_0372845_Confirmacao.pdf";"1151797";"ok"
"01 Encargos rescisorios CUST x RAP transmissoras";"48500.013326/2026-30";"Processo Decisório: Pedido de Medida Cautelar";"9";"0370999";"Extrato da Decisão da Diretoria";"03/06/2026";"SGE - PUBLICAÇÃO";"009_SEI_0370999_Extrato_da_Decisao_da_Diretoria.html";"89923";"ok"
"01 Encargos rescisorios CUST x RAP transmissoras";"48500.013326/2026-30";"Processo Decisório: Pedido de Medida Cautelar";"10";"0373298";"Termo de Arquivamento";"03/06/2026";"STR";"010_SEI_0373298_Termo_de_Arquivamento.html";"86550";"ok"
"01 Encargos rescisorios CUST x RAP transmissoras";"48500.013326/2026-30";"Processo Decisório: Pedido de Medida Cautelar";"11";"0380850";"Termo de Desarquivamento";"12/06/2026";"STR";"011_SEI_0380850_Termo_de_Desarquivamento.html";"86557";"ok"
"01 Encargos rescisorios CUST x RAP transmissoras";"48500.013326/2026-30";"Processo Decisório: Pedido de Medida Cautelar";"17";"0382574";"Requerimento de Distribuição de Processo";"19/06/2026";"SGE -SORTEIO";"017_SEI_0382574_Requerimento_de_Distribuicao_de_Processo.html";"88313";"ok"
"01 Encargos rescisorios CUST x RAP transmissoras";"48500.013326/2026-30";"Processo Decisório: Pedido de Medida Cautelar";"18";"0388005";"Despacho de Distribuição de Processo";"22/06/2026";"SGE -SORTEIO";"018_SEI_0388005_Despacho_de_Distribuicao_de_Processo.html";"88199";"ok"
"01 Encargos rescisorios CUST x RAP transmissoras";"48500.013326/2026-30";"Processo Decisório: Pedido de Medida Cautelar";"19";"0394873";"Requerimento de Inclusão em Pauta";"02/07/2026";"DIR - WMF";"019_SEI_0394873_Requerimento_de_Inclusao_em_Pauta.html";"88196";"ok"
"01 Encargos rescisorios CUST x RAP transmissoras";"48500.013326/2026-30";"Processo Decisório: Pedido de Medida Cautelar";"20";"0395334";"Voto";"02/07/2026";"DIR - WMF";"020_SEI_0395334_Voto.html";"103871";"ok"
"01 Encargos rescisorios CUST x RAP transmissoras";"48500.013326/2026-30";"Processo Decisório: Pedido de Medida Cautelar";"21";"0395339";"Despacho 2375";"02/07/2026";"DIR - WMF";"021_SEI_0395339_Despacho_2375.html";"89531";"ok"
"01 Encargos rescisorios CUST x RAP transmissoras";"48500.013326/2026-30";"Processo Decisório: Pedido de Medida Cautelar";"22";"0407911";"Confirmação";"10/07/2026";"GAB V - WMF";"022_SEI_0407911_Confirmacao.pdf";"2430188";"ok"
"01 Encargos rescisorios CUST x RAP transmissoras";"48500.013326/2026-30";"Processo Decisório: Pedido de Medida Cautelar";"23";"0400660";"Extrato da Decisão da Diretoria";"09/07/2026";"SGE - PUBLICAÇÃO";"023_SEI_0400660_Extrato_da_Decisao_da_Diretoria.html";"89680";"ok"
"01 Encargos rescisorios CUST x RAP transmissoras";"48500.017197/2026-59";"Processo Decisório: Pedido de Medida Cautelar";"1";"0383336";"Carta";"15/06/2026";"PROTOCOLO-GERAL";"001_SEI_0383336_Carta.pdf";"99438";"ok"
"01 Encargos rescisorios CUST x RAP transmissoras";"48500.017197/2026-59";"Processo Decisório: Pedido de Medida Cautelar";"2";"0383337";"Petição";"15/06/2026";"PROTOCOLO-GERAL";"002_SEI_0383337_Peticao.pdf";"231606";"ok"
"01 Encargos rescisorios CUST x RAP transmissoras";"48500.017197/2026-59";"Processo Decisório: Pedido de Medida Cautelar";"3";"0383338";"E-mail";"01/06/2026";"PROTOCOLO-GERAL";"003_SEI_0383338_E_mail.pdf";"2401813";"ok"
"01 Encargos rescisorios CUST x RAP transmissoras";"48500.017197/2026-59";"Processo Decisório: Pedido de Medida Cautelar";"4";"0383339";"E-mail";"02/06/2026";"PROTOCOLO-GERAL";"004_SEI_0383339_E_mail.pdf";"230216";"ok"
"01 Encargos rescisorios CUST x RAP transmissoras";"48500.017197/2026-59";"Processo Decisório: Pedido de Medida Cautelar";"5";"0383340";"Carta 812";"08/06/2026";"PROTOCOLO-GERAL";"005_SEI_0383340_Carta_812.pdf";"242890";"ok"
"01 Encargos rescisorios CUST x RAP transmissoras";"48500.017197/2026-59";"Processo Decisório: Pedido de Medida Cautelar";"6";"0383341";"Nota";"06/04/2026";"PROTOCOLO-GERAL";"006_SEI_0383341_Nota.pdf";"2019016";"ok"
"01 Encargos rescisorios CUST x RAP transmissoras";"48500.017197/2026-59";"Processo Decisório: Pedido de Medida Cautelar";"7";"0383342";"Contrato";"14/02/2023";"PROTOCOLO-GERAL";"007_SEI_0383342_Contrato.pdf";"6380501";"ok"
"01 Encargos rescisorios CUST x RAP transmissoras";"48500.017197/2026-59";"Processo Decisório: Pedido de Medida Cautelar";"8";"0386267";"Requerimento de Distribuição de Processo";"19/06/2026";"SGE -SORTEIO";"008_SEI_0386267_Requerimento_de_Distribuicao_de_Processo.html";"88176";"ok"
"01 Encargos rescisorios CUST x RAP transmissoras";"48500.017197/2026-59";"Processo Decisório: Pedido de Medida Cautelar";"9";"0388013";"Despacho de Distribuição de Processo";"22/06/2026";"SGE -SORTEIO";"009_SEI_0388013_Despacho_de_Distribuicao_de_Processo.html";"87722";"ok"
"01 Encargos rescisorios CUST x RAP transmissoras";"48500.017197/2026-59";"Processo Decisório: Pedido de Medida Cautelar";"10";"0393363";"Requerimento de Inclusão em Pauta";"01/07/2026";"DIR - GNSJ";"010_SEI_0393363_Requerimento_de_Inclusao_em_Pauta.html";"88285";"ok"
"01 Encargos rescisorios CUST x RAP transmissoras";"48500.017197/2026-59";"Processo Decisório: Pedido de Medida Cautelar";"11";"0395996";"Voto";"01/07/2026";"DIR - GNSJ";"011_SEI_0395996_Voto.html";"115311";"ok"
"01 Encargos rescisorios CUST x RAP transmissoras";"48500.017197/2026-59";"Processo Decisório: Pedido de Medida Cautelar";"12";"0396004";"Despacho 2390";"02/07/2026";"DIR - GNSJ";"012_SEI_0396004_Despacho_2390.html";"88906";"ok"
"01 Encargos rescisorios CUST x RAP transmissoras";"48500.017197/2026-59";"Processo Decisório: Pedido de Medida Cautelar";"13";"0401760";"Confirmação";"07/07/2026";"GAB IV - GNSJ";"013_SEI_0401760_Confirmacao.pdf";"13253544";"ok"
"01 Encargos rescisorios CUST x RAP transmissoras";"48500.017197/2026-59";"Processo Decisório: Pedido de Medida Cautelar";"14";"0400682";"Extrato da Decisão da Diretoria";"09/07/2026";"SGE - PUBLICAÇÃO";"014_SEI_0400682_Extrato_da_Decisao_da_Diretoria.html";"89400";"ok"
"01 Encargos rescisorios CUST x RAP transmissoras";"48500.017197/2026-59";"Processo Decisório: Pedido de Medida Cautelar";"16";"0403566";"Requerimento de Distribuição de Processo";"13/07/2026";"SGE -SORTEIO";"016_SEI_0403566_Requerimento_de_Distribuicao_de_Processo.html";"88340";"ok"
"01 Encargos rescisorios CUST x RAP transmissoras";"48500.017197/2026-59";"Processo Decisório: Pedido de Medida Cautelar";"17";"0404616";"Despacho de Distribuição de Processo";"13/07/2026";"SGE -SORTEIO";"017_SEI_0404616_Despacho_de_Distribuicao_de_Processo.html";"87827";"ok"
"01 Encargos rescisorios CUST x RAP transmissoras";"48500.017197/2026-59";"Processo Decisório: Pedido de Medida Cautelar";"18";"0416510";"Requerimento de Inclusão em Pauta";"29/07/2026";"GAB V - WMF";"018_SEI_0416510_Requerimento_de_Inclusao_em_Pauta.html";"88107";"ok"
"01 Encargos rescisorios CUST x RAP transmissoras";"48500.017197/2026-59";"Processo Decisório: Pedido de Medida Cautelar";"19";"0416826";"Voto";"29/07/2026";"GAB V - WMF";"019_SEI_0416826_Voto.html";"109670";"ok"
"01 Encargos rescisorios CUST x RAP transmissoras";"48500.017197/2026-59";"Processo Decisório: Pedido de Medida Cautelar";"20";"0416827";"Despacho 2792";"30/07/2026";"GAB V - WMF";"020_SEI_0416827_Despacho_2792.html";"89290";"ok"
"01 Encargos rescisorios CUST x RAP transmissoras";"48500.017197/2026-59";"Processo Decisório: Pedido de Medida Cautelar";"21";"0423106";"Recibo";"06/08/2026";"GAB V - WMF";"021_SEI_0423106_Recibo.pdf";"2233716";"ok"
"01 Encargos rescisorios CUST x RAP transmissoras";"48500.017197/2026-59";"Processo Decisório: Pedido de Medida Cautelar";"22";"0420218";"Extrato da Decisão da Diretoria";"06/08/2026";"SGE - PUBLICAÇÃO";"022_SEI_0420218_Extrato_da_Decisao_da_Diretoria.html";"89166";"ok"
"01 Encargos rescisorios CUST x RAP transmissoras";"48500.019764/2026-10";"Fiscalização Econômica e Financeira: Sustentabilidade dos Outorgados de Serviço Público";"1";"0401448";"Carta 949";"07/07/2026";"PROTOCOLO-GERAL";"001_SEI_0401448_Carta_949.pdf";"253276";"ok"
"01 Encargos rescisorios CUST x RAP transmissoras";"48500.019764/2026-10";"Fiscalização Econômica e Financeira: Sustentabilidade dos Outorgados de Serviço Público";"2";"0414240";"Ofício 289";"23/07/2026";"STD";"002_SEI_0414240_Oficio_289.html";"104994";"ok"
"01 Encargos rescisorios CUST x RAP transmissoras";"48500.019764/2026-10";"Fiscalização Econômica e Financeira: Sustentabilidade dos Outorgados de Serviço Público";"3";"0414630";"Recibo";"23/07/2026";"STD";"003_SEI_0414630_Recibo.pdf";"112331";"ok"
"01 Encargos rescisorios CUST x RAP transmissoras";"48500.019764/2026-10";"Fiscalização Econômica e Financeira: Sustentabilidade dos Outorgados de Serviço Público";"4";"0414655";"Ofício 290";"23/07/2026";"STD";"004_SEI_0414655_Oficio_290.html";"90059";"ok"
"01 Encargos rescisorios CUST x RAP transmissoras";"48500.019764/2026-10";"Fiscalização Econômica e Financeira: Sustentabilidade dos Outorgados de Serviço Público";"5";"0414994";"Recibo";"23/07/2026";"STD";"005_SEI_0414994_Recibo.pdf";"84377";"ok"
"01 Encargos rescisorios CUST x RAP transmissoras";"48500.019764/2026-10";"Fiscalização Econômica e Financeira: Sustentabilidade dos Outorgados de Serviço Público";"6";"0427752";"Ofício 307";"12/08/2026";"STD";"006_SEI_0427752_Oficio_307.html";"91445";"ok"
"01 Encargos rescisorios CUST x RAP transmissoras";"48500.019764/2026-10";"Fiscalização Econômica e Financeira: Sustentabilidade dos Outorgados de Serviço Público";"7";"0429369";"Recibo";"13/08/2026";"STD";"007_SEI_0429369_Recibo.pdf";"110110";"ok"
"01 Encargos rescisorios CUST x RAP transmissoras";"48500.019455/2026-31";"Outorga de Geração: Alteração de Cronograma e/ou Excludente de Responsabilidade";"1";"0399167";"Carta";"05/07/2026";"PROTOCOLO-GERAL";"001_SEI_0399167_Carta.pdf";"324094";"ok"
"01 Encargos rescisorios CUST x RAP transmissoras";"48500.019455/2026-31";"Outorga de Geração: Alteração de Cronograma e/ou Excludente de Responsabilidade";"2";"0399168";"Procuração";"05/07/2026";"PROTOCOLO-GERAL";"";"";"restrito"
"01 Encargos rescisorios CUST x RAP transmissoras";"48500.019455/2026-31";"Outorga de Geração: Alteração de Cronograma e/ou Excludente de Responsabilidade";"3";"0399169";"Contrato";"06/07/2026";"PROTOCOLO-GERAL";"";"";"restrito"
"01 Encargos rescisorios CUST x RAP transmissoras";"48500.019455/2026-31";"Outorga de Geração: Alteração de Cronograma e/ou Excludente de Responsabilidade";"4";"0399170";"Contrato";"06/07/2026";"PROTOCOLO-GERAL";"";"";"restrito"
"01 Encargos rescisorios CUST x RAP transmissoras";"48500.019455/2026-31";"Outorga de Geração: Alteração de Cronograma e/ou Excludente de Responsabilidade";"5";"0399171";"Contrato";"06/07/2026";"PROTOCOLO-GERAL";"";"";"restrito"
"01 Encargos rescisorios CUST x RAP transmissoras";"48500.019455/2026-31";"Outorga de Geração: Alteração de Cronograma e/ou Excludente de Responsabilidade";"6";"0399172";"Contrato";"06/07/2026";"PROTOCOLO-GERAL";"";"";"restrito"
"01 Encargos rescisorios CUST x RAP transmissoras";"48500.019455/2026-31";"Outorga de Geração: Alteração de Cronograma e/ou Excludente de Responsabilidade";"7";"0399173";"Contrato";"06/07/2026";"PROTOCOLO-GERAL";"";"";"restrito"
"01 Encargos rescisorios CUST x RAP transmissoras";"48500.019455/2026-31";"Outorga de Geração: Alteração de Cronograma e/ou Excludente de Responsabilidade";"8";"0399174";"Contrato";"06/07/2026";"PROTOCOLO-GERAL";"";"";"restrito"
"01 Encargos rescisorios CUST x RAP transmissoras";"48500.019455/2026-31";"Outorga de Geração: Alteração de Cronograma e/ou Excludente de Responsabilidade";"9";"0399175";"Contrato";"06/07/2026";"PROTOCOLO-GERAL";"";"";"restrito"
"01 Encargos rescisorios CUST x RAP transmissoras";"48500.019455/2026-31";"Outorga de Geração: Alteração de Cronograma e/ou Excludente de Responsabilidade";"10";"0399176";"Contrato";"06/07/2026";"PROTOCOLO-GERAL";"";"";"restrito"
"01 Encargos rescisorios CUST x RAP transmissoras";"48500.019455/2026-31";"Outorga de Geração: Alteração de Cronograma e/ou Excludente de Responsabilidade";"11";"0399177";"Contrato";"06/07/2026";"PROTOCOLO-GERAL";"";"";"restrito"
"01 Encargos rescisorios CUST x RAP transmissoras";"48500.019455/2026-31";"Outorga de Geração: Alteração de Cronograma e/ou Excludente de Responsabilidade";"12";"0399178";"Contrato";"06/07/2026";"PROTOCOLO-GERAL";"";"";"restrito"
"01 Encargos rescisorios CUST x RAP transmissoras";"48500.019455/2026-31";"Outorga de Geração: Alteração de Cronograma e/ou Excludente de Responsabilidade";"13";"0399179";"Contrato";"06/07/2026";"PROTOCOLO-GERAL";"";"";"restrito"
"01 Encargos rescisorios CUST x RAP transmissoras";"48500.019455/2026-31";"Outorga de Geração: Alteração de Cronograma e/ou Excludente de Responsabilidade";"14";"0399180";"Contrato";"06/07/2026";"PROTOCOLO-GERAL";"";"";"restrito"
"01 Encargos rescisorios CUST x RAP transmissoras";"48500.019455/2026-31";"Outorga de Geração: Alteração de Cronograma e/ou Excludente de Responsabilidade";"15";"0399181";"Contrato";"06/07/2026";"PROTOCOLO-GERAL";"";"";"restrito"
"01 Encargos rescisorios CUST x RAP transmissoras";"48500.019455/2026-31";"Outorga de Geração: Alteração de Cronograma e/ou Excludente de Responsabilidade";"16";"0399182";"Contrato";"06/07/2026";"PROTOCOLO-GERAL";"";"";"restrito"
"01 Encargos rescisorios CUST x RAP transmissoras";"48500.019455/2026-31";"Outorga de Geração: Alteração de Cronograma e/ou Excludente de Responsabilidade";"17";"0399183";"Contrato";"06/07/2026";"PROTOCOLO-GERAL";"";"";"restrito"
"01 Encargos rescisorios CUST x RAP transmissoras";"48500.019455/2026-31";"Outorga de Geração: Alteração de Cronograma e/ou Excludente de Responsabilidade";"18";"0399184";"Contrato";"06/07/2026";"PROTOCOLO-GERAL";"";"";"restrito"
"01 Encargos rescisorios CUST x RAP transmissoras";"48500.019455/2026-31";"Outorga de Geração: Alteração de Cronograma e/ou Excludente de Responsabilidade";"19";"0399185";"E-mail";"06/07/2026";"PROTOCOLO-GERAL";"";"";"restrito"
"01 Encargos rescisorios CUST x RAP transmissoras";"48500.019455/2026-31";"Outorga de Geração: Alteração de Cronograma e/ou Excludente de Responsabilidade";"20";"0399186";"Contrato";"06/07/2026";"PROTOCOLO-GERAL";"";"";"restrito"
"01 Encargos rescisorios CUST x RAP transmissoras";"48500.019455/2026-31";"Outorga de Geração: Alteração de Cronograma e/ou Excludente de Responsabilidade";"21";"0399187";"Contrato";"06/07/2026";"PROTOCOLO-GERAL";"";"";"restrito"
"01 Encargos rescisorios CUST x RAP transmissoras";"48500.019455/2026-31";"Outorga de Geração: Alteração de Cronograma e/ou Excludente de Responsabilidade";"22";"0399189";"Contrato";"06/07/2026";"PROTOCOLO-GERAL";"";"";"restrito"
"01 Encargos rescisorios CUST x RAP transmissoras";"48500.019455/2026-31";"Outorga de Geração: Alteração de Cronograma e/ou Excludente de Responsabilidade";"23";"0399190";"Contrato";"06/07/2026";"PROTOCOLO-GERAL";"";"";"restrito"
"01 Encargos rescisorios CUST x RAP transmissoras";"48500.019455/2026-31";"Outorga de Geração: Alteração de Cronograma e/ou Excludente de Responsabilidade";"24";"0399191";"Contrato";"06/07/2026";"PROTOCOLO-GERAL";"";"";"restrito"
"01 Encargos rescisorios CUST x RAP transmissoras";"48500.019455/2026-31";"Outorga de Geração: Alteração de Cronograma e/ou Excludente de Responsabilidade";"25";"0399192";"Contrato";"06/07/2026";"PROTOCOLO-GERAL";"";"";"restrito"
"01 Encargos rescisorios CUST x RAP transmissoras";"48500.019455/2026-31";"Outorga de Geração: Alteração de Cronograma e/ou Excludente de Responsabilidade";"26";"0399193";"Contrato";"06/07/2026";"PROTOCOLO-GERAL";"";"";"restrito"
"01 Encargos rescisorios CUST x RAP transmissoras";"48500.019455/2026-31";"Outorga de Geração: Alteração de Cronograma e/ou Excludente de Responsabilidade";"27";"0399194";"Contrato";"06/07/2026";"PROTOCOLO-GERAL";"";"";"restrito"
"01 Encargos rescisorios CUST x RAP transmissoras";"48500.019455/2026-31";"Outorga de Geração: Alteração de Cronograma e/ou Excludente de Responsabilidade";"28";"0399195";"Despacho 3.899, DE 18 DE OUTUBRO DE 2023";"06/07/2026";"PROTOCOLO-GERAL";"028_SEI_0399195_Despacho_3_899_DE_18_DE_OUTUBRO_DE_2023.pdf";"667414";"ok"
"01 Encargos rescisorios CUST x RAP transmissoras";"48500.019455/2026-31";"Outorga de Geração: Alteração de Cronograma e/ou Excludente de Responsabilidade";"29";"0399196";"Despacho 4.795, DE 12 DE DEZEMBRO DE 2023";"06/07/2026";"PROTOCOLO-GERAL";"029_SEI_0399196_Despacho_4_795_DE_12_DE_DEZEMBRO_DE_2023.pdf";"190530";"ok"
"01 Encargos rescisorios CUST x RAP transmissoras";"48500.019455/2026-31";"Outorga de Geração: Alteração de Cronograma e/ou Excludente de Responsabilidade";"30";"0399197";"Resolução";"06/07/2026";"PROTOCOLO-GERAL";"030_SEI_0399197_Resolucao.pdf";"352499";"ok"
"01 Encargos rescisorios CUST x RAP transmissoras";"48500.019455/2026-31";"Outorga de Geração: Alteração de Cronograma e/ou Excludente de Responsabilidade";"31";"0399198";"Nota";"19/10/2021";"PROTOCOLO-GERAL";"031_SEI_0399198_Nota.pdf";"393778";"ok"
"01 Encargos rescisorios CUST x RAP transmissoras";"48500.019455/2026-31";"Outorga de Geração: Alteração de Cronograma e/ou Excludente de Responsabilidade";"32";"0399199";"Carta";"21/12/2022";"PROTOCOLO-GERAL";"032_SEI_0399199_Carta.pdf";"3732372";"ok"
"01 Encargos rescisorios CUST x RAP transmissoras";"48500.019455/2026-31";"Outorga de Geração: Alteração de Cronograma e/ou Excludente de Responsabilidade";"33";"0399200";"Diário";"06/07/2026";"PROTOCOLO-GERAL";"033_SEI_0399200_Diario.pdf";"636498";"ok"
"01 Encargos rescisorios CUST x RAP transmissoras";"48500.019455/2026-31";"Outorga de Geração: Alteração de Cronograma e/ou Excludente de Responsabilidade";"34";"0399201";"Estudo";"06/07/2026";"PROTOCOLO-GERAL";"034_SEI_0399201_Estudo.pdf";"598545";"ok"
"01 Encargos rescisorios CUST x RAP transmissoras";"48500.019455/2026-31";"Outorga de Geração: Alteração de Cronograma e/ou Excludente de Responsabilidade";"35";"0399202";"E-mail";"06/07/2026";"PROTOCOLO-GERAL";"035_SEI_0399202_E_mail.pdf";"632089";"ok"
"01 Encargos rescisorios CUST x RAP transmissoras";"48500.019455/2026-31";"Outorga de Geração: Alteração de Cronograma e/ou Excludente de Responsabilidade";"36";"0399203";"Despacho 453, DE 27 DE FEVEREIRO DE 2018";"06/07/2026";"PROTOCOLO-GERAL";"036_SEI_0399203_Despacho_453_DE_27_DE_FEVEREIRO_DE_2018.pdf";"282084";"ok"
"01 Encargos rescisorios CUST x RAP transmissoras";"48500.019455/2026-31";"Outorga de Geração: Alteração de Cronograma e/ou Excludente de Responsabilidade";"37";"0399204";"Carta";"06/05/2025";"PROTOCOLO-GERAL";"037_SEI_0399204_Carta.pdf";"410516";"ok"
"01 Encargos rescisorios CUST x RAP transmissoras";"48500.019455/2026-31";"Outorga de Geração: Alteração de Cronograma e/ou Excludente de Responsabilidade";"38";"0399205";"Comprovante";"06/07/2026";"PROTOCOLO-GERAL";"038_SEI_0399205_Comprovante.pdf";"358218";"ok"
"01 Encargos rescisorios CUST x RAP transmissoras";"48500.019455/2026-31";"Outorga de Geração: Alteração de Cronograma e/ou Excludente de Responsabilidade";"39";"0399206";"Licença";"06/07/2026";"PROTOCOLO-GERAL";"039_SEI_0399206_Licenca.pdf";"52939";"ok"
"01 Encargos rescisorios CUST x RAP transmissoras";"48500.019455/2026-31";"Outorga de Geração: Alteração de Cronograma e/ou Excludente de Responsabilidade";"40";"0399207";"Licença";"06/07/2026";"PROTOCOLO-GERAL";"040_SEI_0399207_Licenca.pdf";"70796";"ok"
"01 Encargos rescisorios CUST x RAP transmissoras";"48500.019455/2026-31";"Outorga de Geração: Alteração de Cronograma e/ou Excludente de Responsabilidade";"41";"0399208";"Contrato";"06/07/2026";"PROTOCOLO-GERAL";"041_SEI_0399208_Contrato.pdf";"6762114";"ok"
"01 Encargos rescisorios CUST x RAP transmissoras";"48500.019455/2026-31";"Outorga de Geração: Alteração de Cronograma e/ou Excludente de Responsabilidade";"42";"0399209";"Termo Aditivo 1°";"06/07/2026";"PROTOCOLO-GERAL";"042_SEI_0399209_Termo_Aditivo_1.pdf";"1256918";"ok"
"01 Encargos rescisorios CUST x RAP transmissoras";"48500.019455/2026-31";"Outorga de Geração: Alteração de Cronograma e/ou Excludente de Responsabilidade";"43";"0399210";"Termo Aditivo 2°";"06/07/2026";"PROTOCOLO-GERAL";"043_SEI_0399210_Termo_Aditivo_2.pdf";"310856";"ok"
"01 Encargos rescisorios CUST x RAP transmissoras";"48500.019455/2026-31";"Outorga de Geração: Alteração de Cronograma e/ou Excludente de Responsabilidade";"44";"0399211";"Contrato";"06/07/2026";"PROTOCOLO-GERAL";"044_SEI_0399211_Contrato.pdf";"6246103";"ok"
"01 Encargos rescisorios CUST x RAP transmissoras";"48500.019455/2026-31";"Outorga de Geração: Alteração de Cronograma e/ou Excludente de Responsabilidade";"45";"0399212";"Termo Aditivo 1°";"06/07/2026";"PROTOCOLO-GERAL";"045_SEI_0399212_Termo_Aditivo_1.pdf";"1229262";"ok"
"01 Encargos rescisorios CUST x RAP transmissoras";"48500.019455/2026-31";"Outorga de Geração: Alteração de Cronograma e/ou Excludente de Responsabilidade";"46";"0399213";"Termo Aditivo 2°";"06/07/2026";"PROTOCOLO-GERAL";"046_SEI_0399213_Termo_Aditivo_2.pdf";"310822";"ok"
"01 Encargos rescisorios CUST x RAP transmissoras";"48500.019455/2026-31";"Outorga de Geração: Alteração de Cronograma e/ou Excludente de Responsabilidade";"47";"0399214";"Contrato";"06/07/2026";"PROTOCOLO-GERAL";"047_SEI_0399214_Contrato.pdf";"205264";"ok"
"01 Encargos rescisorios CUST x RAP transmissoras";"48500.019455/2026-31";"Outorga de Geração: Alteração de Cronograma e/ou Excludente de Responsabilidade";"48";"0399215";"Licença";"06/07/2026";"PROTOCOLO-GERAL";"048_SEI_0399215_Licenca.pdf";"46788";"ok"
"01 Encargos rescisorios CUST x RAP transmissoras";"48500.019455/2026-31";"Outorga de Geração: Alteração de Cronograma e/ou Excludente de Responsabilidade";"49";"0399216";"Pedido";"06/07/2026";"PROTOCOLO-GERAL";"049_SEI_0399216_Pedido.pdf";"2425";"ok"
"01 Encargos rescisorios CUST x RAP transmissoras";"48500.019455/2026-31";"Outorga de Geração: Alteração de Cronograma e/ou Excludente de Responsabilidade";"50";"0399217";"Portaria DRH N° O-000.092/2018";"06/07/2026";"PROTOCOLO-GERAL";"050_SEI_0399217_Portaria_DRH_N_O_000_092_2018.pdf";"119976";"ok"
"01 Encargos rescisorios CUST x RAP transmissoras";"48500.019455/2026-31";"Outorga de Geração: Alteração de Cronograma e/ou Excludente de Responsabilidade";"51";"0399218";"Declaração";"06/07/2026";"PROTOCOLO-GERAL";"051_SEI_0399218_Declaracao.pdf";"163366";"ok"
"01 Encargos rescisorios CUST x RAP transmissoras";"48500.019455/2026-31";"Outorga de Geração: Alteração de Cronograma e/ou Excludente de Responsabilidade";"52";"0399219";"Pedido";"06/07/2026";"PROTOCOLO-GERAL";"052_SEI_0399219_Pedido.pdf";"2459";"ok"
"01 Encargos rescisorios CUST x RAP transmissoras";"48500.019455/2026-31";"Outorga de Geração: Alteração de Cronograma e/ou Excludente de Responsabilidade";"53";"0399220";"Pedido";"06/07/2026";"PROTOCOLO-GERAL";"053_SEI_0399220_Pedido.pdf";"2459";"ok"
"01 Encargos rescisorios CUST x RAP transmissoras";"48500.019455/2026-31";"Outorga de Geração: Alteração de Cronograma e/ou Excludente de Responsabilidade";"54";"0399221";"Pedido";"06/07/2026";"PROTOCOLO-GERAL";"054_SEI_0399221_Pedido.pdf";"2458";"ok"
"01 Encargos rescisorios CUST x RAP transmissoras";"48500.019455/2026-31";"Outorga de Geração: Alteração de Cronograma e/ou Excludente de Responsabilidade";"55";"0399222";"Pedido";"06/07/2026";"PROTOCOLO-GERAL";"055_SEI_0399222_Pedido.pdf";"2459";"ok"
"01 Encargos rescisorios CUST x RAP transmissoras";"48500.019455/2026-31";"Outorga de Geração: Alteração de Cronograma e/ou Excludente de Responsabilidade";"56";"0399223";"Pedido";"06/07/2026";"PROTOCOLO-GERAL";"056_SEI_0399223_Pedido.pdf";"2459";"ok"
"01 Encargos rescisorios CUST x RAP transmissoras";"48500.019455/2026-31";"Outorga de Geração: Alteração de Cronograma e/ou Excludente de Responsabilidade";"57";"0399224";"Pedido";"06/07/2026";"PROTOCOLO-GERAL";"057_SEI_0399224_Pedido.pdf";"2459";"ok"
"01 Encargos rescisorios CUST x RAP transmissoras";"48500.019455/2026-31";"Outorga de Geração: Alteração de Cronograma e/ou Excludente de Responsabilidade";"58";"0399225";"Pedido";"06/07/2026";"PROTOCOLO-GERAL";"058_SEI_0399225_Pedido.pdf";"2459";"ok"
"01 Encargos rescisorios CUST x RAP transmissoras";"48500.019455/2026-31";"Outorga de Geração: Alteração de Cronograma e/ou Excludente de Responsabilidade";"59";"0399226";"Pedido";"06/07/2026";"PROTOCOLO-GERAL";"059_SEI_0399226_Pedido.pdf";"2456";"ok"
"01 Encargos rescisorios CUST x RAP transmissoras";"48500.019455/2026-31";"Outorga de Geração: Alteração de Cronograma e/ou Excludente de Responsabilidade";"60";"0399227";"Pedido";"06/07/2026";"PROTOCOLO-GERAL";"060_SEI_0399227_Pedido.pdf";"2460";"ok"
"01 Encargos rescisorios CUST x RAP transmissoras";"48500.019455/2026-31";"Outorga de Geração: Alteração de Cronograma e/ou Excludente de Responsabilidade";"61";"0399228";"Pedido";"06/07/2026";"PROTOCOLO-GERAL";"061_SEI_0399228_Pedido.pdf";"2460";"ok"
"01 Encargos rescisorios CUST x RAP transmissoras";"48500.019455/2026-31";"Outorga de Geração: Alteração de Cronograma e/ou Excludente de Responsabilidade";"62";"0399229";"Pedido";"06/07/2026";"PROTOCOLO-GERAL";"062_SEI_0399229_Pedido.pdf";"2460";"ok"
"01 Encargos rescisorios CUST x RAP transmissoras";"48500.019455/2026-31";"Outorga de Geração: Alteração de Cronograma e/ou Excludente de Responsabilidade";"63";"0399230";"Pedido";"06/07/2026";"PROTOCOLO-GERAL";"063_SEI_0399230_Pedido.pdf";"2459";"ok"
"01 Encargos rescisorios CUST x RAP transmissoras";"48500.019455/2026-31";"Outorga de Geração: Alteração de Cronograma e/ou Excludente de Responsabilidade";"64";"0399231";"Pedido";"06/07/2026";"PROTOCOLO-GERAL";"064_SEI_0399231_Pedido.pdf";"2459";"ok"
"01 Encargos rescisorios CUST x RAP transmissoras";"48500.019455/2026-31";"Outorga de Geração: Alteração de Cronograma e/ou Excludente de Responsabilidade";"65";"0399232";"Pedido";"06/07/2026";"PROTOCOLO-GERAL";"065_SEI_0399232_Pedido.pdf";"2460";"ok"
"01 Encargos rescisorios CUST x RAP transmissoras";"48500.019455/2026-31";"Outorga de Geração: Alteração de Cronograma e/ou Excludente de Responsabilidade";"66";"0399233";"Pedido";"06/07/2026";"PROTOCOLO-GERAL";"066_SEI_0399233_Pedido.pdf";"2459";"ok"
"01 Encargos rescisorios CUST x RAP transmissoras";"48500.019455/2026-31";"Outorga de Geração: Alteração de Cronograma e/ou Excludente de Responsabilidade";"67";"0399234";"Fotografia";"06/07/2026";"PROTOCOLO-GERAL";"067_SEI_0399234_Fotografia.pdf";"679154";"ok"
"01 Encargos rescisorios CUST x RAP transmissoras";"48500.019455/2026-31";"Outorga de Geração: Alteração de Cronograma e/ou Excludente de Responsabilidade";"68";"0399235";"Pedido";"06/07/2026";"PROTOCOLO-GERAL";"068_SEI_0399235_Pedido.pdf";"2419";"ok"
"01 Encargos rescisorios CUST x RAP transmissoras";"48500.019455/2026-31";"Outorga de Geração: Alteração de Cronograma e/ou Excludente de Responsabilidade";"69";"0399236";"Informação";"06/07/2026";"PROTOCOLO-GERAL";"069_SEI_0399236_Informacao.pdf";"180922";"ok"
"01 Encargos rescisorios CUST x RAP transmissoras";"48500.019455/2026-31";"Outorga de Geração: Alteração de Cronograma e/ou Excludente de Responsabilidade";"70";"0399237";"Comprovante";"06/07/2026";"PROTOCOLO-GERAL";"070_SEI_0399237_Comprovante.pdf";"69905";"ok"
"01 Encargos rescisorios CUST x RAP transmissoras";"48500.019455/2026-31";"Outorga de Geração: Alteração de Cronograma e/ou Excludente de Responsabilidade";"71";"0399238";"Ata";"29/04/2025";"PROTOCOLO-GERAL";"071_SEI_0399238_Ata.pdf";"73501";"ok"
"01 Encargos rescisorios CUST x RAP transmissoras";"48500.019455/2026-31";"Outorga de Geração: Alteração de Cronograma e/ou Excludente de Responsabilidade";"72";"0399239";"Dossiê";"06/07/2026";"PROTOCOLO-GERAL";"072_SEI_0399239_Dossie.pdf";"171400";"ok"
"01 Encargos rescisorios CUST x RAP transmissoras";"48500.019455/2026-31";"Outorga de Geração: Alteração de Cronograma e/ou Excludente de Responsabilidade";"73";"0399240";"Pedido";"06/07/2026";"PROTOCOLO-GERAL";"073_SEI_0399240_Pedido.pdf";"2440";"ok"
"01 Encargos rescisorios CUST x RAP transmissoras";"48500.019455/2026-31";"Outorga de Geração: Alteração de Cronograma e/ou Excludente de Responsabilidade";"74";"0399241";"Pedido";"06/07/2026";"PROTOCOLO-GERAL";"074_SEI_0399241_Pedido.pdf";"2420";"ok"
"01 Encargos rescisorios CUST x RAP transmissoras";"48500.019455/2026-31";"Outorga de Geração: Alteração de Cronograma e/ou Excludente de Responsabilidade";"75";"0399242";"Pedido";"06/07/2026";"PROTOCOLO-GERAL";"075_SEI_0399242_Pedido.pdf";"2396";"ok"
"01 Encargos rescisorios CUST x RAP transmissoras";"48500.019455/2026-31";"Outorga de Geração: Alteração de Cronograma e/ou Excludente de Responsabilidade";"76";"0399243";"Contrato";"06/07/2026";"PROTOCOLO-GERAL";"076_SEI_0399243_Contrato.pdf";"3652773";"ok"
"01 Encargos rescisorios CUST x RAP transmissoras";"48500.019455/2026-31";"Outorga de Geração: Alteração de Cronograma e/ou Excludente de Responsabilidade";"77";"0399244";"Contrato";"06/07/2026";"PROTOCOLO-GERAL";"077_SEI_0399244_Contrato.pdf";"2204279";"ok"
"01 Encargos rescisorios CUST x RAP transmissoras";"48500.019455/2026-31";"Outorga de Geração: Alteração de Cronograma e/ou Excludente de Responsabilidade";"78";"0399245";"Contrato";"06/07/2026";"PROTOCOLO-GERAL";"078_SEI_0399245_Contrato.pdf";"382190";"ok"
"01 Encargos rescisorios CUST x RAP transmissoras";"48500.019455/2026-31";"Outorga de Geração: Alteração de Cronograma e/ou Excludente de Responsabilidade";"79";"0399246";"Contrato";"06/07/2026";"PROTOCOLO-GERAL";"079_SEI_0399246_Contrato.pdf";"158196";"ok"
"01 Encargos rescisorios CUST x RAP transmissoras";"48500.019455/2026-31";"Outorga de Geração: Alteração de Cronograma e/ou Excludente de Responsabilidade";"80";"0399247";"Portaria DRH N° 453/2014";"06/07/2026";"PROTOCOLO-GERAL";"080_SEI_0399247_Portaria_DRH_N_453_2014.pdf";"2000173";"ok"
"01 Encargos rescisorios CUST x RAP transmissoras";"48500.019455/2026-31";"Outorga de Geração: Alteração de Cronograma e/ou Excludente de Responsabilidade";"81";"0399248";"Pedido";"06/07/2026";"PROTOCOLO-GERAL";"081_SEI_0399248_Pedido.pdf";"2464";"ok"
"01 Encargos rescisorios CUST x RAP transmissoras";"48500.019455/2026-31";"Outorga de Geração: Alteração de Cronograma e/ou Excludente de Responsabilidade";"82";"0399249";"Pedido";"06/07/2026";"PROTOCOLO-GERAL";"082_SEI_0399249_Pedido.pdf";"2452";"ok"
"01 Encargos rescisorios CUST x RAP transmissoras";"48500.019455/2026-31";"Outorga de Geração: Alteração de Cronograma e/ou Excludente de Responsabilidade";"83";"0399250";"Pedido";"06/07/2026";"PROTOCOLO-GERAL";"083_SEI_0399250_Pedido.pdf";"2453";"ok"
"01 Encargos rescisorios CUST x RAP transmissoras";"48500.019455/2026-31";"Outorga de Geração: Alteração de Cronograma e/ou Excludente de Responsabilidade";"84";"0399251";"Pedido";"06/07/2026";"PROTOCOLO-GERAL";"084_SEI_0399251_Pedido.pdf";"2453";"ok"
"01 Encargos rescisorios CUST x RAP transmissoras";"48500.019455/2026-31";"Outorga de Geração: Alteração de Cronograma e/ou Excludente de Responsabilidade";"85";"0399252";"Pedido";"06/07/2026";"PROTOCOLO-GERAL";"085_SEI_0399252_Pedido.pdf";"2453";"ok"
"01 Encargos rescisorios CUST x RAP transmissoras";"48500.019455/2026-31";"Outorga de Geração: Alteração de Cronograma e/ou Excludente de Responsabilidade";"86";"0399253";"Parecer";"06/07/2026";"PROTOCOLO-GERAL";"086_SEI_0399253_Parecer.pdf";"2390641";"ok"
"01 Encargos rescisorios CUST x RAP transmissoras";"48500.019455/2026-31";"Outorga de Geração: Alteração de Cronograma e/ou Excludente de Responsabilidade";"87";"0399254";"Currículo";"06/07/2026";"PROTOCOLO-GERAL";"087_SEI_0399254_Curriculo.pdf";"112521";"ok"
"01 Encargos rescisorios CUST x RAP transmissoras";"48500.019455/2026-31";"Outorga de Geração: Alteração de Cronograma e/ou Excludente de Responsabilidade";"88";"0399255";"Anotação";"06/07/2026";"PROTOCOLO-GERAL";"088_SEI_0399255_Anotacao.pdf";"2227552";"ok"
"01 Encargos rescisorios CUST x RAP transmissoras";"48500.019455/2026-31";"Outorga de Geração: Alteração de Cronograma e/ou Excludente de Responsabilidade";"89";"0399256";"Ofício MJ Nº 234/2025 PROC. SET./SEMA";"06/07/2026";"PROTOCOLO-GERAL";"089_SEI_0399256_Oficio_MJ_N_234_2025_PROC_SET_SEMA.pdf";"161346";"ok"
"01 Encargos rescisorios CUST x RAP transmissoras";"48500.019455/2026-31";"Outorga de Geração: Alteração de Cronograma e/ou Excludente de Responsabilidade";"90";"0399337";"E-mail";"06/07/2026";"PROTOCOLO-GERAL";"090_SEI_0399337_E_mail.html";"2936";"ok"
"01 Encargos rescisorios CUST x RAP transmissoras";"48500.019455/2026-31";"Outorga de Geração: Alteração de Cronograma e/ou Excludente de Responsabilidade";"92";"0448098";"E-mail";"01/09/2026";"SCE";"092_SEI_0448098_E_mail.html";"3421";"ok"
"01 Encargos rescisorios CUST x RAP transmissoras";"48500.019514/2026-71";"Regulação Econômica: Monitoramento";"1";"0399691";"Carta 44";"06/07/2026";"PROTOCOLO-GERAL";"001_SEI_0399691_Carta_44.pdf";"730435";"ok"
"01 Encargos rescisorios CUST x RAP transmissoras";"48500.019514/2026-71";"Regulação Econômica: Monitoramento";"2";"0399692";"Informação";"06/07/2026";"PROTOCOLO-GERAL";"002_SEI_0399692_Informacao.pdf";"6488472";"ok"
"01 Encargos rescisorios CUST x RAP transmissoras";"48500.019514/2026-71";"Regulação Econômica: Monitoramento";"3";"0399693";"Tabela";"06/07/2026";"PROTOCOLO-GERAL";"003_SEI_0399693_Tabela.pdf";"1935421";"ok"
"01 Encargos rescisorios CUST x RAP transmissoras";"48500.019514/2026-71";"Regulação Econômica: Monitoramento";"4";"0399694";"Protocolo";"06/07/2026";"PROTOCOLO-GERAL";"004_SEI_0399694_Protocolo.pdf";"1934830";"ok"
"01 Encargos rescisorios CUST x RAP transmissoras";"48500.019514/2026-71";"Regulação Econômica: Monitoramento";"5";"0399695";"Informação";"06/07/2026";"PROTOCOLO-GERAL";"005_SEI_0399695_Informacao.pdf";"9051770";"ok"
"01 Encargos rescisorios CUST x RAP transmissoras";"48500.019514/2026-71";"Regulação Econômica: Monitoramento";"6";"0399696";"Carta 1";"12/01/2026";"PROTOCOLO-GERAL";"006_SEI_0399696_Carta_1.pdf";"551415";"ok"
"01 Encargos rescisorios CUST x RAP transmissoras";"48500.019514/2026-71";"Regulação Econômica: Monitoramento";"7";"0399697";"Carta 15";"26/03/2026";"PROTOCOLO-GERAL";"007_SEI_0399697_Carta_15.pdf";"2999349";"ok"
"01 Encargos rescisorios CUST x RAP transmissoras";"48500.019514/2026-71";"Regulação Econômica: Monitoramento";"8";"0399698";"Carta 24";"05/05/2026";"PROTOCOLO-GERAL";"008_SEI_0399698_Carta_24.pdf";"1953361";"ok"
"01 Encargos rescisorios CUST x RAP transmissoras";"48500.019514/2026-71";"Regulação Econômica: Monitoramento";"9";"0399700";"Informação";"06/07/2026";"PROTOCOLO-GERAL";"009_SEI_0399700_Informacao.pdf";"13560864";"ok"
"01 Encargos rescisorios CUST x RAP transmissoras";"48500.019514/2026-71";"Regulação Econômica: Monitoramento";"10";"0399702";"Comprovante";"06/07/2026";"PROTOCOLO-GERAL";"010_SEI_0399702_Comprovante.pdf";"3033037";"ok"
"01 Encargos rescisorios CUST x RAP transmissoras";"48500.019515/2026-16";"Regulação Econômica: Normatização";"1";"0399704";"Carta";"06/07/2026";"PROTOCOLO-GERAL";"001_SEI_0399704_Carta.pdf";"849716";"ok"
"01 Encargos rescisorios CUST x RAP transmissoras";"48500.019515/2026-16";"Regulação Econômica: Normatização";"2";"0399705";"Lista";"06/07/2026";"PROTOCOLO-GERAL";"002_SEI_0399705_Lista.pdf";"383093";"ok"
"01 Encargos rescisorios CUST x RAP transmissoras";"48500.019515/2026-16";"Regulação Econômica: Normatização";"3";"0399706";"Informação";"06/07/2026";"PROTOCOLO-GERAL";"003_SEI_0399706_Informacao.pdf";"56686";"ok"
"01 Encargos rescisorios CUST x RAP transmissoras";"48500.019515/2026-16";"Regulação Econômica: Normatização";"4";"0399707";"Informação";"06/07/2026";"PROTOCOLO-GERAL";"004_SEI_0399707_Informacao.pdf";"47716";"ok"
"01 Encargos rescisorios CUST x RAP transmissoras";"48500.019515/2026-16";"Regulação Econômica: Normatização";"5";"0399709";"Aviso";"03/03/2026";"PROTOCOLO-GERAL";"005_SEI_0399709_Aviso.pdf";"3983880";"ok"
"01 Encargos rescisorios CUST x RAP transmissoras";"48500.019515/2026-16";"Regulação Econômica: Normatização";"6";"0399710";"Histórico";"01/12/2025";"PROTOCOLO-GERAL";"006_SEI_0399710_Historico.pdf";"3757";"ok"
"01 Encargos rescisorios CUST x RAP transmissoras";"48500.019515/2026-16";"Regulação Econômica: Normatização";"7";"0399711";"Protocolo";"26/11/2025";"PROTOCOLO-GERAL";"007_SEI_0399711_Protocolo.pdf";"1251878";"ok"
"01 Encargos rescisorios CUST x RAP transmissoras";"48500.019515/2026-16";"Regulação Econômica: Normatização";"8";"0399712";"Protocolo";"10/12/2025";"PROTOCOLO-GERAL";"008_SEI_0399712_Protocolo.pdf";"1271591";"ok"
"01 Encargos rescisorios CUST x RAP transmissoras";"48500.019515/2026-16";"Regulação Econômica: Normatização";"9";"0399713";"Protocolo";"18/12/2025";"PROTOCOLO-GERAL";"009_SEI_0399713_Protocolo.pdf";"1253900";"ok"
"01 Encargos rescisorios CUST x RAP transmissoras";"48500.019515/2026-16";"Regulação Econômica: Normatização";"10";"0399714";"Protocolo";"28/01/2026";"PROTOCOLO-GERAL";"010_SEI_0399714_Protocolo.pdf";"1256663";"ok"
"01 Encargos rescisorios CUST x RAP transmissoras";"48500.019515/2026-16";"Regulação Econômica: Normatização";"11";"0399715";"Dossiê";"06/07/2026";"PROTOCOLO-GERAL";"011_SEI_0399715_Dossie.pdf";"5651085";"ok"
"01 Encargos rescisorios CUST x RAP transmissoras";"48500.019546/2026-77";"Regulação Econômica: Normatização";"1";"0399816";"Carta";"06/07/2026";"PROTOCOLO-GERAL";"001_SEI_0399816_Carta.pdf";"236748";"ok"
"01 Encargos rescisorios CUST x RAP transmissoras";"48500.019546/2026-77";"Regulação Econômica: Normatização";"2";"0399817";"Procuração";"18/06/2026";"PROTOCOLO-GERAL";"002_SEI_0399817_Procuracao.pdf";"2015964";"ok"
"01 Encargos rescisorios CUST x RAP transmissoras";"48500.019384/2026-77";"Regulação Econômica: Normatização";"1";"0398755";"Carta";"03/07/2026";"PROTOCOLO-GERAL";"001_SEI_0398755_Carta.pdf";"1239375";"ok"
"01 Encargos rescisorios CUST x RAP transmissoras";"48500.019384/2026-77";"Regulação Econômica: Normatização";"2";"0398756";"Informação";"03/07/2026";"PROTOCOLO-GERAL";"002_SEI_0398756_Informacao.pdf";"260409";"ok"
"01 Encargos rescisorios CUST x RAP transmissoras";"48500.019384/2026-77";"Regulação Econômica: Normatização";"3";"0398757";"Solicitação";"03/07/2026";"PROTOCOLO-GERAL";"003_SEI_0398757_Solicitacao.pdf";"701240";"ok"
"01 Encargos rescisorios CUST x RAP transmissoras";"48500.019384/2026-77";"Regulação Econômica: Normatização";"4";"0398758";"Informação";"03/07/2026";"PROTOCOLO-GERAL";"004_SEI_0398758_Informacao.pdf";"106820";"ok"
"01 Encargos rescisorios CUST x RAP transmissoras";"48500.019384/2026-77";"Regulação Econômica: Normatização";"5";"0398759";"Informação";"03/07/2026";"PROTOCOLO-GERAL";"005_SEI_0398759_Informacao.pdf";"2713526";"ok"
"01 Encargos rescisorios CUST x RAP transmissoras";"48500.019384/2026-77";"Regulação Econômica: Normatização";"6";"0398760";"Carta 1";"03/07/2026";"PROTOCOLO-GERAL";"006_SEI_0398760_Carta_1.pdf";"528503";"ok"
"01 Encargos rescisorios CUST x RAP transmissoras";"48500.019384/2026-77";"Regulação Econômica: Normatização";"7";"0398761";"Carta 06";"03/07/2026";"PROTOCOLO-GERAL";"007_SEI_0398761_Carta_06.pdf";"2491950";"ok"
"01 Encargos rescisorios CUST x RAP transmissoras";"48500.019384/2026-77";"Regulação Econômica: Normatização";"8";"0398762";"Informação";"03/07/2026";"PROTOCOLO-GERAL";"008_SEI_0398762_Informacao.pdf";"434167";"ok"
"01 Encargos rescisorios CUST x RAP transmissoras";"48500.019384/2026-77";"Regulação Econômica: Normatização";"9";"0398763";"Manual";"03/07/2026";"PROTOCOLO-GERAL";"009_SEI_0398763_Manual.pdf";"1762417";"ok"
"01 Encargos rescisorios CUST x RAP transmissoras";"48500.019384/2026-77";"Regulação Econômica: Normatização";"10";"0398764";"E-mail";"03/07/2026";"PROTOCOLO-GERAL";"010_SEI_0398764_E_mail.pdf";"417006";"ok"
"01 Encargos rescisorios CUST x RAP transmissoras";"48500.019384/2026-77";"Regulação Econômica: Normatização";"11";"0398765";"Processo";"03/07/2026";"PROTOCOLO-GERAL";"011_SEI_0398765_Processo.pdf";"2378133";"ok"
"01 Encargos rescisorios CUST x RAP transmissoras";"48500.019384/2026-77";"Regulação Econômica: Normatização";"12";"0398766";"Dossiê";"03/07/2026";"PROTOCOLO-GERAL";"012_SEI_0398766_Dossie.pdf";"1037677";"ok"
"01 Encargos rescisorios CUST x RAP transmissoras";"48500.019384/2026-77";"Regulação Econômica: Normatização";"13";"0398767";"Ata";"03/07/2026";"PROTOCOLO-GERAL";"013_SEI_0398767_Ata.pdf";"1234929";"ok"
"01 Encargos rescisorios CUST x RAP transmissoras";"48500.019384/2026-77";"Regulação Econômica: Normatização";"14";"0398768";"Procuração";"03/07/2026";"PROTOCOLO-GERAL";"014_SEI_0398768_Procuracao.pdf";"248175";"ok"
"01 Encargos rescisorios CUST x RAP transmissoras";"48500.019112/2026-77";"Regulação Econômica: Normatização";"1";"0397263";"Carta";"02/07/2026";"PROTOCOLO-GERAL";"001_SEI_0397263_Carta.pdf";"332473";"ok"
"01 Encargos rescisorios CUST x RAP transmissoras";"48500.019113/2026-11";"Regulação Econômica: Normatização";"1";"0397265";"Carta";"02/07/2026";"PROTOCOLO-GERAL";"001_SEI_0397265_Carta.pdf";"335539";"ok"
"01 Encargos rescisorios CUST x RAP transmissoras";"48500.019114/2026-66";"Processo Externo - Pendente de Classificação pela Unidade Destinatária";"1";"0397642";"Carta 16";"02/07/2026";"PROTOCOLO-GERAL";"001_SEI_0397642_Carta_16.pdf";"175721";"ok"
"01 Encargos rescisorios CUST x RAP transmissoras";"48500.019114/2026-66";"Processo Externo - Pendente de Classificação pela Unidade Destinatária";"2";"0397268";"Carta";"02/07/2026";"PROTOCOLO-GERAL";"002_SEI_0397268_Carta.pdf";"329846";"ok"