"categoria";"processo";"tipo_processo";"ordem";"sei";"tipo_documento";"data";"unidade";"arquivo";"bytes";"status"
"03 Isencao da parcela variavel por indisponibilidade";"48500.027386/2026-30";"Regulação da Transmissão: Pleitos sobre Serviços de Transmissão";"1";"0460700";"Carta";"17/09/2026";"PROTOCOLO-GERAL";"001_SEI_0460700_Carta.pdf";"1205630";"ok"
"03 Isencao da parcela variavel por indisponibilidade";"48500.026968/2026-07";"Regulação da Transmissão: Pleitos sobre Serviços de Transmissão";"1";"0457426";"Carta 424";"14/09/2026";"PROTOCOLO-GERAL";"001_SEI_0457426_Carta_424.pdf";"136020";"ok"
"03 Isencao da parcela variavel por indisponibilidade";"48500.026872/2026-31";"Processo Externo - Pendente de Classificação pela Unidade Destinatária";"1";"0456640";"Carta 2437";"11/09/2026";"PROTOCOLO-GERAL";"001_SEI_0456640_Carta_2437.pdf";"407838";"ok"
"03 Isencao da parcela variavel por indisponibilidade";"48500.026872/2026-31";"Processo Externo - Pendente de Classificação pela Unidade Destinatária";"2";"0456641";"Relatório";"19/09/2024";"PROTOCOLO-GERAL";"002_SEI_0456641_Relatorio.pdf";"3371676";"ok"
"03 Isencao da parcela variavel por indisponibilidade";"48500.026872/2026-31";"Processo Externo - Pendente de Classificação pela Unidade Destinatária";"3";"0456642";"Laudo";"06/11/2024";"PROTOCOLO-GERAL";"003_SEI_0456642_Laudo.pdf";"2405759";"ok"
"03 Isencao da parcela variavel por indisponibilidade";"48500.008208/2025-29";"Regulação da Transmissão: Pleitos sobre Serviços de Transmissão";"1";"0061442";"Carta TROPICALIA S/N / 2024";"06/03/2025";"STD";"001_SEI_0061442_Carta_TROPICALIA_S_N_2024.pdf";"453520";"ok"
"03 Isencao da parcela variavel por indisponibilidade";"48500.008208/2025-29";"Regulação da Transmissão: Pleitos sobre Serviços de Transmissão";"2";"0061456";"Anexo I - da Carta TROPICALIA S/N / 2024";"06/03/2025";"STD";"002_SEI_0061456_Anexo_I_da_Carta_TROPICALIA_S_N_2024.pdf";"1675697";"ok"
"03 Isencao da parcela variavel por indisponibilidade";"48500.008208/2025-29";"Regulação da Transmissão: Pleitos sobre Serviços de Transmissão";"3";"0061458";"Anexo II - da Carta TROPICALIA S/N / 2024";"06/03/2025";"STD";"003_SEI_0061458_Anexo_II_da_Carta_TROPICALIA_S_N_2024.pdf";"117711";"ok"
"03 Isencao da parcela variavel por indisponibilidade";"48500.008208/2025-29";"Regulação da Transmissão: Pleitos sobre Serviços de Transmissão";"4";"0061459";"Anexo III - da Carta TROPICALIA S/N / 2024";"06/03/2025";"STD";"004_SEI_0061459_Anexo_III_da_Carta_TROPICALIA_S_N_2024.pdf";"1770699";"ok"
"03 Isencao da parcela variavel por indisponibilidade";"48500.008208/2025-29";"Regulação da Transmissão: Pleitos sobre Serviços de Transmissão";"5";"0061460";"Anexo IV - da Carta TROPICALIA S/N / 2024";"06/03/2025";"STD";"005_SEI_0061460_Anexo_IV_da_Carta_TROPICALIA_S_N_2024.pdf";"10811294";"ok"
"03 Isencao da parcela variavel por indisponibilidade";"48500.008208/2025-29";"Regulação da Transmissão: Pleitos sobre Serviços de Transmissão";"6";"0061462";"Anexo V - da Carta TROPICALIA S/N / 2024";"06/03/2025";"STD";"006_SEI_0061462_Anexo_V_da_Carta_TROPICALIA_S_N_2024.pdf";"216256";"ok"
"03 Isencao da parcela variavel por indisponibilidade";"48500.008208/2025-29";"Regulação da Transmissão: Pleitos sobre Serviços de Transmissão";"7";"0061470";"Anexo VI - da Carta TROPICALIA S/N / 2024";"06/03/2025";"STD";"007_SEI_0061470_Anexo_VI_da_Carta_TROPICALIA_S_N_2024.pdf";"1325985";"ok"
"03 Isencao da parcela variavel por indisponibilidade";"48500.008208/2025-29";"Regulação da Transmissão: Pleitos sobre Serviços de Transmissão";"8";"0061473";"Anexo VII - da Carta TROPICALIA S/N / 2024";"06/03/2025";"STD";"008_SEI_0061473_Anexo_VII_da_Carta_TROPICALIA_S_N_2024.pdf";"304994";"ok"
"03 Isencao da parcela variavel por indisponibilidade";"48500.008208/2025-29";"Regulação da Transmissão: Pleitos sobre Serviços de Transmissão";"9";"0061475";"Anexo VIII - da Carta TROPICALIA S/N / 2024";"06/03/2025";"STD";"009_SEI_0061475_Anexo_VIII_da_Carta_TROPICALIA_S_N_2024.pdf";"192895";"ok"
"03 Isencao da parcela variavel por indisponibilidade";"48500.008208/2025-29";"Regulação da Transmissão: Pleitos sobre Serviços de Transmissão";"10";"0061476";"Anexo IX - da Carta TROPICALIA S/N / 2024";"06/03/2025";"STD";"010_SEI_0061476_Anexo_IX_da_Carta_TROPICALIA_S_N_2024.pdf";"865738";"ok"
"03 Isencao da parcela variavel por indisponibilidade";"48500.008208/2025-29";"Regulação da Transmissão: Pleitos sobre Serviços de Transmissão";"11";"0061478";"Anexo X - da Carta TROPICALIA S/N / 2024";"06/03/2025";"STD";"011_SEI_0061478_Anexo_X_da_Carta_TROPICALIA_S_N_2024.pdf";"254720";"ok"
"03 Isencao da parcela variavel por indisponibilidade";"48500.008208/2025-29";"Regulação da Transmissão: Pleitos sobre Serviços de Transmissão";"12";"0061479";"Anexo XI - da Carta TROPICALIA S/N / 2024";"06/03/2025";"STD";"012_SEI_0061479_Anexo_XI_da_Carta_TROPICALIA_S_N_2024.pdf";"754442";"ok"
"03 Isencao da parcela variavel por indisponibilidade";"48500.008208/2025-29";"Regulação da Transmissão: Pleitos sobre Serviços de Transmissão";"13";"0255817";"Ofício 593";"09/12/2025";"STD";"013_SEI_0255817_Oficio_593.html";"77843";"ok"
"03 Isencao da parcela variavel por indisponibilidade";"48500.008208/2025-29";"Regulação da Transmissão: Pleitos sobre Serviços de Transmissão";"14";"0256446";"Recibo (S)";"09/12/2025";"STD";"014_SEI_0256446_Recibo_S.pdf";"2518447";"ok"
"03 Isencao da parcela variavel por indisponibilidade";"48500.008208/2025-29";"Regulação da Transmissão: Pleitos sobre Serviços de Transmissão";"17";"0301910";"Nota Técnica 31";"04/03/2026";"STD";"017_SEI_0301910_Nota_Tecnica_31.html";"178303";"ok"
"03 Isencao da parcela variavel por indisponibilidade";"48500.008208/2025-29";"Regulação da Transmissão: Pleitos sobre Serviços de Transmissão";"18";"0301915";"Despacho 714";"04/03/2026";"STD";"018_SEI_0301915_Despacho_714.html";"87587";"ok"
"03 Isencao da parcela variavel por indisponibilidade";"48500.008208/2025-29";"Regulação da Transmissão: Pleitos sobre Serviços de Transmissão";"19";"0306563";"Publicação";"03/03/2026";"STD";"019_SEI_0306563_Publicacao.pdf";"15088";"ok"
"03 Isencao da parcela variavel por indisponibilidade";"48500.008208/2025-29";"Regulação da Transmissão: Pleitos sobre Serviços de Transmissão";"20";"0311761";"Recibo";"10/03/2026";"STD";"020_SEI_0311761_Recibo.pdf";"1005012";"ok"
"03 Isencao da parcela variavel por indisponibilidade";"48500.008208/2025-29";"Regulação da Transmissão: Pleitos sobre Serviços de Transmissão";"22";"0314685";"Decisão";"27/03/2026";"GDG";"022_SEI_0314685_Decisao.html";"106982";"ok"
"03 Isencao da parcela variavel por indisponibilidade";"48500.008208/2025-29";"Regulação da Transmissão: Pleitos sobre Serviços de Transmissão";"23";"0314691";"Despacho 973";"27/03/2026";"GDG";"023_SEI_0314691_Despacho_973.html";"114742";"ok"
"03 Isencao da parcela variavel por indisponibilidade";"48500.008208/2025-29";"Regulação da Transmissão: Pleitos sobre Serviços de Transmissão";"24";"0324595";"Ofício 126";"06/04/2026";"STD";"024_SEI_0324595_Oficio_126.html";"107409";"ok"
"03 Isencao da parcela variavel por indisponibilidade";"48500.008208/2025-29";"Regulação da Transmissão: Pleitos sobre Serviços de Transmissão";"25";"0325720";"Recibo";"06/04/2026";"STD";"025_SEI_0325720_Recibo.pdf";"114111";"ok"
"03 Isencao da parcela variavel por indisponibilidade";"48500.008208/2025-29";"Regulação da Transmissão: Pleitos sobre Serviços de Transmissão";"27";"0409923";"Nota Técnica Conjunta 3";"20/07/2026";"STD";"027_SEI_0409923_Nota_Tecnica_Conjunta_3.html";"212092";"ok"
"03 Isencao da parcela variavel por indisponibilidade";"48500.008208/2025-29";"Regulação da Transmissão: Pleitos sobre Serviços de Transmissão";"28";"0410473";"Requerimento de Distribuição de Processo";"21/07/2026";"STD";"028_SEI_0410473_Requerimento_de_Distribuicao_de_Processo.html";"88155";"ok"
"03 Isencao da parcela variavel por indisponibilidade";"48500.008208/2025-29";"Regulação da Transmissão: Pleitos sobre Serviços de Transmissão";"29";"0415600";"Despacho de Distribuição de Processo";"27/07/2026";"SGE -SORTEIO";"029_SEI_0415600_Despacho_de_Distribuicao_de_Processo.html";"86903";"ok"
"03 Isencao da parcela variavel por indisponibilidade";"48500.008208/2025-29";"Regulação da Transmissão: Pleitos sobre Serviços de Transmissão";"30";"0456624";"Memória";"11/09/2026";"GAB - APOIO";"030_SEI_0456624_Memoria.pdf";"1409348";"ok"
"03 Isencao da parcela variavel por indisponibilidade";"48500.026884/2026-65";"Regulação da Transmissão: Pleitos sobre Serviços de Transmissão";"1";"0456705";"Carta N° 001/2026 - Recurso Administrativo em face";"11/09/2026";"PROTOCOLO-GERAL";"001_SEI_0456705_Carta_N_001_2026_Recurso_Administrativo_em_face.pdf";"714381";"ok"
"03 Isencao da parcela variavel por indisponibilidade";"48500.026884/2026-65";"Regulação da Transmissão: Pleitos sobre Serviços de Transmissão";"2";"0456706";"Documentação Societária";"11/09/2026";"PROTOCOLO-GERAL";"002_SEI_0456706_Documentacao_Societaria.zip";"3627853";"ok"
"03 Isencao da parcela variavel por indisponibilidade";"48500.905868/2023-96";"Fiscalização da Transmissão: Ação Fiscalizadora - Operação e Manutenção";"1";"0003586";"Termo de Migração";"03/01/2025";"SFT";"001_SEI_0003586_Termo_de_Migracao.html";"58737";"ok"
"03 Isencao da parcela variavel por indisponibilidade";"48500.905868/2023-96";"Fiscalização da Transmissão: Ação Fiscalizadora - Operação e Manutenção";"2";"0454013";"Auto de Infração AI_0031/2026-SFT";"10/09/2026";"SFT";"002_SEI_0454013_Auto_de_Infracao_AI_0031_2026_SFT.html";"106925";"ok"
"03 Isencao da parcela variavel por indisponibilidade";"48500.905868/2023-96";"Fiscalização da Transmissão: Ação Fiscalizadora - Operação e Manutenção";"3";"0455044";"Exposição de Motivos para Auto de Infração";"10/09/2026";"SFT";"003_SEI_0455044_Exposicao_de_Motivos_para_Auto_de_Infracao.html";"3833775";"ok"
"03 Isencao da parcela variavel por indisponibilidade";"48500.905868/2023-96";"Fiscalização da Transmissão: Ação Fiscalizadora - Operação e Manutenção";"4";"0456483";"Recibo Registrado -";"11/09/2026";"SFT";"004_SEI_0456483_Recibo_Registrado.pdf";"2248327";"ok"
"03 Isencao da parcela variavel por indisponibilidade";"48500.905868/2023-96";"Fiscalização da Transmissão: Ação Fiscalizadora - Operação e Manutenção";"5";"0459496";"Ofício 941";"16/09/2026";"SFT";"005_SEI_0459496_Oficio_941.html";"138906";"ok"
"03 Isencao da parcela variavel por indisponibilidade";"48500.905868/2023-96";"Fiscalização da Transmissão: Ação Fiscalizadora - Operação e Manutenção";"6";"0459785";"Recibo";"16/09/2026";"SFT";"006_SEI_0459785_Recibo.pdf";"2169658";"ok"
"03 Isencao da parcela variavel por indisponibilidade";"48500.006395/2026-97";"Fiscalização da Transmissão: Análise - Acompanhamento de Plano de Resultados";"1";"0307282";"Ofício 212";"11/03/2026";"SFT";"001_SEI_0307282_Oficio_212.html";"247427";"ok"
"03 Isencao da parcela variavel por indisponibilidade";"48500.006395/2026-97";"Fiscalização da Transmissão: Análise - Acompanhamento de Plano de Resultados";"2";"0308807";"Recibo Registrado -";"12/03/2026";"SFT";"002_SEI_0308807_Recibo_Registrado.pdf";"2978701";"ok"
"03 Isencao da parcela variavel por indisponibilidade";"48500.006395/2026-97";"Fiscalização da Transmissão: Análise - Acompanhamento de Plano de Resultados";"3";"0444539";"Relatório";"27/08/2026";"SFT";"003_SEI_0444539_Relatorio.pdf";"6813178";"ok"
"03 Isencao da parcela variavel por indisponibilidade";"48500.006395/2026-97";"Fiscalização da Transmissão: Análise - Acompanhamento de Plano de Resultados";"4";"0444544";"Despacho de Mero Expediente 146";"27/08/2026";"SFT";"004_SEI_0444544_Despacho_de_Mero_Expediente_146.html";"117319";"ok"
"03 Isencao da parcela variavel por indisponibilidade";"48500.006395/2026-97";"Fiscalização da Transmissão: Análise - Acompanhamento de Plano de Resultados";"5";"0454160";"Ofício 910";"09/09/2026";"SFT";"005_SEI_0454160_Oficio_910.html";"92852";"ok"
"03 Isencao da parcela variavel por indisponibilidade";"48500.006395/2026-97";"Fiscalização da Transmissão: Análise - Acompanhamento de Plano de Resultados";"6";"0454168";"Relatório RF Fiscalizacao";"09/09/2026";"SFT";"006_SEI_0454168_Relatorio_RF_Fiscalizacao.pdf";"6813178";"ok"
"03 Isencao da parcela variavel por indisponibilidade";"48500.006395/2026-97";"Fiscalização da Transmissão: Análise - Acompanhamento de Plano de Resultados";"7";"0456552";"Recibo do";"11/09/2026";"SFT";"007_SEI_0456552_Recibo_do.pdf";"2384158";"ok"
"03 Isencao da parcela variavel por indisponibilidade";"48500.019754/2026-76";"Regulação da Transmissão: Pleitos sobre Serviços de Transmissão";"1";"0401352";"Carta";"30/06/2026";"STD";"001_SEI_0401352_Carta.pdf";"1872766";"ok"
"03 Isencao da parcela variavel por indisponibilidade";"48500.019754/2026-76";"Regulação da Transmissão: Pleitos sobre Serviços de Transmissão";"2";"0401355";"Anexo 16";"30/06/2026";"STD";"002_SEI_0401355_Anexo_16.pdf";"1424585";"ok"
"03 Isencao da parcela variavel por indisponibilidade";"48500.019754/2026-76";"Regulação da Transmissão: Pleitos sobre Serviços de Transmissão";"3";"0401374";"Anexo 17";"30/06/2026";"STD";"003_SEI_0401374_Anexo_17.pdf";"6961365";"ok"
"03 Isencao da parcela variavel por indisponibilidade";"48500.019754/2026-76";"Regulação da Transmissão: Pleitos sobre Serviços de Transmissão";"5";"0453274";"Nota Técnica 151";"08/09/2026";"STD";"005_SEI_0453274_Nota_Tecnica_151.html";"160791";"ok"
"03 Isencao da parcela variavel por indisponibilidade";"48500.019754/2026-76";"Regulação da Transmissão: Pleitos sobre Serviços de Transmissão";"6";"0453314";"Anexo I";"08/09/2026";"STD";"006_SEI_0453314_Anexo_I.pdf";"280701";"ok"
"03 Isencao da parcela variavel por indisponibilidade";"48500.019754/2026-76";"Regulação da Transmissão: Pleitos sobre Serviços de Transmissão";"7";"0453309";"Anexo II";"08/09/2026";"STD";"007_SEI_0453309_Anexo_II.pdf";"953391";"ok"
"03 Isencao da parcela variavel por indisponibilidade";"48500.019754/2026-76";"Regulação da Transmissão: Pleitos sobre Serviços de Transmissão";"8";"0456339";"Aviso de Tomada de Subsídios 22";"11/09/2026";"SMA";"";"";"restrito"
"03 Isencao da parcela variavel por indisponibilidade";"48500.903768/2024-14";"Processo Migrado - Pendente de Classificação pela Unidade Gestora";"1";"0009190";"Termo de Migração";"02/01/2025";"SGE";"001_SEI_0009190_Termo_de_Migracao.html";"58642";"ok"
"03 Isencao da parcela variavel por indisponibilidade";"48500.903768/2024-14";"Processo Migrado - Pendente de Classificação pela Unidade Gestora";"2";"0448984";"Nota Técnica 145";"02/09/2026";"STD";"002_SEI_0448984_Nota_Tecnica_145.html";"169269";"ok"
"03 Isencao da parcela variavel por indisponibilidade";"48500.903768/2024-14";"Processo Migrado - Pendente de Classificação pela Unidade Gestora";"3";"0448989";"Despacho 3483";"03/09/2026";"STD";"003_SEI_0448989_Despacho_3483.html";"87539";"ok"
"03 Isencao da parcela variavel por indisponibilidade";"48500.903768/2024-14";"Processo Migrado - Pendente de Classificação pela Unidade Gestora";"4";"0451519";"Publicação";"04/09/2026";"STD";"004_SEI_0451519_Publicacao.pdf";"14333";"ok"
"03 Isencao da parcela variavel por indisponibilidade";"48500.903768/2024-14";"Processo Migrado - Pendente de Classificação pela Unidade Gestora";"5";"0457842";"Recibo";"04/09/2026";"STD";"005_SEI_0457842_Recibo.pdf";"116506";"ok"
"03 Isencao da parcela variavel por indisponibilidade";"48500.001838/2025-72";"Regulação da Transmissão: Pleitos sobre Serviços de Transmissão";"1";"0028854";"Carta 94/2024";"14/01/2025";"STD";"001_SEI_0028854_Carta_94_2024.pdf";"1597074";"ok"
"03 Isencao da parcela variavel por indisponibilidade";"48500.001838/2025-72";"Regulação da Transmissão: Pleitos sobre Serviços de Transmissão";"2";"0028857";"Informação";"14/01/2025";"STD";"002_SEI_0028857_Informacao.zip";"2570175";"ok"
"03 Isencao da parcela variavel por indisponibilidade";"48500.001838/2025-72";"Regulação da Transmissão: Pleitos sobre Serviços de Transmissão";"3";"0031469";"Ofício 17";"17/01/2025";"STD";"003_SEI_0031469_Oficio_17.html";"96520";"ok"
"03 Isencao da parcela variavel por indisponibilidade";"48500.001838/2025-72";"Regulação da Transmissão: Pleitos sobre Serviços de Transmissão";"4";"0034960";"Recibo";"24/01/2025";"STD";"004_SEI_0034960_Recibo.pdf";"536302";"ok"
"03 Isencao da parcela variavel por indisponibilidade";"48500.001838/2025-72";"Regulação da Transmissão: Pleitos sobre Serviços de Transmissão";"8";"0256300";"Ofício 595";"10/12/2025";"STD";"008_SEI_0256300_Oficio_595.html";"77799";"ok"
"03 Isencao da parcela variavel por indisponibilidade";"48500.001838/2025-72";"Regulação da Transmissão: Pleitos sobre Serviços de Transmissão";"9";"0258304";"Recibo";"11/12/2025";"STD";"009_SEI_0258304_Recibo.pdf";"2191423";"ok"
"03 Isencao da parcela variavel por indisponibilidade";"48500.001838/2025-72";"Regulação da Transmissão: Pleitos sobre Serviços de Transmissão";"11";"0302065";"Nota Técnica 32";"04/03/2026";"STD";"011_SEI_0302065_Nota_Tecnica_32.html";"215308";"ok"
"03 Isencao da parcela variavel por indisponibilidade";"48500.001838/2025-72";"Regulação da Transmissão: Pleitos sobre Serviços de Transmissão";"12";"0302120";"Despacho 721";"04/03/2026";"STD";"012_SEI_0302120_Despacho_721.html";"87228";"ok"
"03 Isencao da parcela variavel por indisponibilidade";"48500.001838/2025-72";"Regulação da Transmissão: Pleitos sobre Serviços de Transmissão";"13";"0306596";"Publicação";"04/03/2026";"STD";"013_SEI_0306596_Publicacao.pdf";"15107";"ok"
"03 Isencao da parcela variavel por indisponibilidade";"48500.001838/2025-72";"Regulação da Transmissão: Pleitos sobre Serviços de Transmissão";"14";"0311773";"Recibo";"10/03/2026";"STD";"014_SEI_0311773_Recibo.pdf";"1248141";"ok"
"03 Isencao da parcela variavel por indisponibilidade";"48500.001838/2025-72";"Regulação da Transmissão: Pleitos sobre Serviços de Transmissão";"16";"0315997";"Decisão";"24/03/2026";"GDG";"016_SEI_0315997_Decisao.html";"106519";"ok"
"03 Isencao da parcela variavel por indisponibilidade";"48500.001838/2025-72";"Regulação da Transmissão: Pleitos sobre Serviços de Transmissão";"17";"0316010";"Despacho 997";"24/03/2026";"GDG";"017_SEI_0316010_Despacho_997.html";"87075";"ok"
"03 Isencao da parcela variavel por indisponibilidade";"48500.001838/2025-72";"Regulação da Transmissão: Pleitos sobre Serviços de Transmissão";"19";"0440616";"Nota Técnica 141";"25/08/2026";"STD";"019_SEI_0440616_Nota_Tecnica_141.html";"159892";"ok"
"03 Isencao da parcela variavel por indisponibilidade";"48500.001838/2025-72";"Regulação da Transmissão: Pleitos sobre Serviços de Transmissão";"20";"0445997";"Requerimento de Distribuição de Processo";"28/08/2026";"STD";"020_SEI_0445997_Requerimento_de_Distribuicao_de_Processo.html";"88412";"ok"
"03 Isencao da parcela variavel por indisponibilidade";"48500.001838/2025-72";"Regulação da Transmissão: Pleitos sobre Serviços de Transmissão";"21";"0452022";"Despacho de Distribuição de Processo";"04/09/2026";"SGE -SORTEIO";"021_SEI_0452022_Despacho_de_Distribuicao_de_Processo.html";"86849";"ok"
"03 Isencao da parcela variavel por indisponibilidade";"48500.008320/2025-60";"Regulação da Transmissão: Pleitos sobre Serviços de Transmissão";"1";"0061976";"Carta CTEEP N° 2598/2024";"07/03/2025";"STD";"001_SEI_0061976_Carta_CTEEP_N_2598_2024.pdf";"1379088";"ok"
"03 Isencao da parcela variavel por indisponibilidade";"48500.008320/2025-60";"Regulação da Transmissão: Pleitos sobre Serviços de Transmissão";"2";"0061977";"Anexo I - da Carta CTEEP N° 2598/2024";"07/03/2025";"STD";"002_SEI_0061977_Anexo_I_da_Carta_CTEEP_N_2598_2024.zip";"113501775";"ok"
"03 Isencao da parcela variavel por indisponibilidade";"48500.008320/2025-60";"Regulação da Transmissão: Pleitos sobre Serviços de Transmissão";"3";"0311335";"Nota Técnica 43";"16/03/2026";"STD";"003_SEI_0311335_Nota_Tecnica_43.html";"619631";"ok"
"03 Isencao da parcela variavel por indisponibilidade";"48500.008320/2025-60";"Regulação da Transmissão: Pleitos sobre Serviços de Transmissão";"4";"0311553";"Despacho 881";"17/03/2026";"STD";"004_SEI_0311553_Despacho_881.html";"87796";"ok"
"03 Isencao da parcela variavel por indisponibilidade";"48500.008320/2025-60";"Regulação da Transmissão: Pleitos sobre Serviços de Transmissão";"5";"0314589";"Publicação";"16/03/2026";"STD";"005_SEI_0314589_Publicacao.pdf";"15038";"ok"
"03 Isencao da parcela variavel por indisponibilidade";"48500.008320/2025-60";"Regulação da Transmissão: Pleitos sobre Serviços de Transmissão";"6";"0314743";"Recibo";"19/03/2026";"STD";"006_SEI_0314743_Recibo.pdf";"1451456";"ok"
"03 Isencao da parcela variavel por indisponibilidade";"48500.008320/2025-60";"Regulação da Transmissão: Pleitos sobre Serviços de Transmissão";"8";"0440626";"Nota Técnica 142";"25/08/2026";"STD";"008_SEI_0440626_Nota_Tecnica_142.html";"285926";"ok"
"03 Isencao da parcela variavel por indisponibilidade";"48500.008320/2025-60";"Regulação da Transmissão: Pleitos sobre Serviços de Transmissão";"9";"0446001";"Requerimento de Distribuição de Processo";"28/08/2026";"STD";"009_SEI_0446001_Requerimento_de_Distribuicao_de_Processo.html";"88281";"ok"
"03 Isencao da parcela variavel por indisponibilidade";"48500.008320/2025-60";"Regulação da Transmissão: Pleitos sobre Serviços de Transmissão";"10";"0452023";"Despacho de Distribuição de Processo";"04/09/2026";"SGE -SORTEIO";"010_SEI_0452023_Despacho_de_Distribuicao_de_Processo.html";"87121";"ok"
"03 Isencao da parcela variavel por indisponibilidade";"48500.008488/2025-75";"Regulação da Transmissão: Pleitos sobre Serviços de Transmissão";"1";"0062885";"Carta INTESA S/N° - 2024";"10/03/2025";"STD";"001_SEI_0062885_Carta_INTESA_S_N_2024.pdf";"6461295";"ok"
"03 Isencao da parcela variavel por indisponibilidade";"48500.008488/2025-75";"Regulação da Transmissão: Pleitos sobre Serviços de Transmissão";"2";"0062887";"Anexo I";"10/03/2025";"STD";"002_SEI_0062887_Anexo_I.pdf";"2679092";"ok"
"03 Isencao da parcela variavel por indisponibilidade";"48500.008488/2025-75";"Regulação da Transmissão: Pleitos sobre Serviços de Transmissão";"3";"0062888";"Anexo II";"10/03/2025";"STD";"003_SEI_0062888_Anexo_II.pdf";"4663515";"ok"
"03 Isencao da parcela variavel por indisponibilidade";"48500.008488/2025-75";"Regulação da Transmissão: Pleitos sobre Serviços de Transmissão";"4";"0062889";"Anexo III";"10/03/2025";"STD";"004_SEI_0062889_Anexo_III.pdf";"3601303";"ok"
"03 Isencao da parcela variavel por indisponibilidade";"48500.008488/2025-75";"Regulação da Transmissão: Pleitos sobre Serviços de Transmissão";"5";"0062891";"Anexo IV";"10/03/2025";"STD";"005_SEI_0062891_Anexo_IV.pdf";"361668";"ok"
"03 Isencao da parcela variavel por indisponibilidade";"48500.008488/2025-75";"Regulação da Transmissão: Pleitos sobre Serviços de Transmissão";"6";"0062892";"Anexo V";"10/03/2025";"STD";"006_SEI_0062892_Anexo_V.pdf";"2812941";"ok"
"03 Isencao da parcela variavel por indisponibilidade";"48500.008488/2025-75";"Regulação da Transmissão: Pleitos sobre Serviços de Transmissão";"7";"0062893";"Anexo VI";"10/03/2025";"STD";"007_SEI_0062893_Anexo_VI.pdf";"1278944";"ok"
"03 Isencao da parcela variavel por indisponibilidade";"48500.008488/2025-75";"Regulação da Transmissão: Pleitos sobre Serviços de Transmissão";"8";"0062895";"Anexo VII";"10/03/2025";"STD";"008_SEI_0062895_Anexo_VII.pdf";"14043905";"ok"
"03 Isencao da parcela variavel por indisponibilidade";"48500.008488/2025-75";"Regulação da Transmissão: Pleitos sobre Serviços de Transmissão";"9";"0062896";"Anexo VIII";"10/03/2025";"STD";"009_SEI_0062896_Anexo_VIII.pdf";"5780027";"ok"
"03 Isencao da parcela variavel por indisponibilidade";"48500.008488/2025-75";"Regulação da Transmissão: Pleitos sobre Serviços de Transmissão";"12";"0447113";"Nota Técnica 144";"31/08/2026";"STD";"012_SEI_0447113_Nota_Tecnica_144.html";"197288";"ok"
"03 Isencao da parcela variavel por indisponibilidade";"48500.008488/2025-75";"Regulação da Transmissão: Pleitos sobre Serviços de Transmissão";"13";"0447158";"Despacho 3444";"03/09/2026";"STD";"013_SEI_0447158_Despacho_3444.html";"87766";"ok"
"03 Isencao da parcela variavel por indisponibilidade";"48500.008488/2025-75";"Regulação da Transmissão: Pleitos sobre Serviços de Transmissão";"14";"0451518";"Publicação";"04/09/2026";"STD";"014_SEI_0451518_Publicacao.pdf";"14194";"ok"
"03 Isencao da parcela variavel por indisponibilidade";"48500.008488/2025-75";"Regulação da Transmissão: Pleitos sobre Serviços de Transmissão";"15";"0457780";"Recibo";"04/09/2026";"STD";"015_SEI_0457780_Recibo.pdf";"2470468";"ok"
"03 Isencao da parcela variavel por indisponibilidade";"48500.025901/2026-47";"Regulação da Transmissão: Pleitos sobre Serviços de Transmissão";"1";"0449596";"Carta 45";"02/09/2026";"PROTOCOLO-GERAL";"001_SEI_0449596_Carta_45.pdf";"390799";"ok"
"03 Isencao da parcela variavel por indisponibilidade";"48500.025758/2026-93";"Gestão Tarifária: Transmissão - Reajuste Anual da Receita Anual Permitida - RAP";"1";"0448396";"Carta 226";"31/08/2026";"PROTOCOLO-GERAL";"001_SEI_0448396_Carta_226.pdf";"1065575";"ok"
"03 Isencao da parcela variavel por indisponibilidade";"48500.025046/2026-74";"Fiscalização Econômica e Financeira: Anuência Prévia - Atos Constitutivos";"1";"0441236";"Carta 619527";"25/08/2026";"PROTOCOLO-GERAL";"001_SEI_0441236_Carta_619527.pdf";"956604";"ok"
"03 Isencao da parcela variavel por indisponibilidade";"48500.025046/2026-74";"Fiscalização Econômica e Financeira: Anuência Prévia - Atos Constitutivos";"2";"0441237";"Documentação Societária";"26/08/2026";"PROTOCOLO-GERAL";"002_SEI_0441237_Documentacao_Societaria.pdf";"1125803";"ok"
"03 Isencao da parcela variavel por indisponibilidade";"48500.025046/2026-74";"Fiscalização Econômica e Financeira: Anuência Prévia - Atos Constitutivos";"3";"0443842";"Despacho de Mero Expediente 583";"27/08/2026";"SFF";"003_SEI_0443842_Despacho_de_Mero_Expediente_583.html";"92999";"ok"
"03 Isencao da parcela variavel por indisponibilidade";"48500.903857/2024-52";"Regulação da Transmissão: Pleitos sobre Serviços de Transmissão";"1";"0014241";"Termo de Migração";"16/01/2025";"DIR - RLT";"001_SEI_0014241_Termo_de_Migracao.html";"58649";"ok"
"03 Isencao da parcela variavel por indisponibilidade";"48500.903857/2024-52";"Regulação da Transmissão: Pleitos sobre Serviços de Transmissão";"2";"0041064";"Requerimento de Inclusão em Pauta";"05/02/2025";"DIR - RLT";"002_SEI_0041064_Requerimento_de_Inclusao_em_Pauta.html";"67182";"ok"
"03 Isencao da parcela variavel por indisponibilidade";"48500.903857/2024-52";"Regulação da Transmissão: Pleitos sobre Serviços de Transmissão";"3";"0041825";"Voto";"05/02/2025";"DIR - RLT";"003_SEI_0041825_Voto.html";"83171";"ok"
"03 Isencao da parcela variavel por indisponibilidade";"48500.903857/2024-52";"Regulação da Transmissão: Pleitos sobre Serviços de Transmissão";"4";"0043143";"Despacho 262/2025";"07/02/2025";"DIR - RLT";"004_SEI_0043143_Despacho_262_2025.html";"67794";"ok"
"03 Isencao da parcela variavel por indisponibilidade";"48500.903857/2024-52";"Regulação da Transmissão: Pleitos sobre Serviços de Transmissão";"5";"0046303";"Confirmação";"12/02/2025";"DIR - RLT";"005_SEI_0046303_Confirmacao.pdf";"214916";"ok"
"03 Isencao da parcela variavel por indisponibilidade";"48500.903857/2024-52";"Regulação da Transmissão: Pleitos sobre Serviços de Transmissão";"6";"0046188";"Extrato da Decisão da Diretoria";"13/02/2025";"SGE";"006_SEI_0046188_Extrato_da_Decisao_da_Diretoria.html";"68178";"ok"
"03 Isencao da parcela variavel por indisponibilidade";"48500.903857/2024-52";"Regulação da Transmissão: Pleitos sobre Serviços de Transmissão";"9";"0304400";"Memorando 89";"06/03/2026";"STD";"009_SEI_0304400_Memorando_89.html";"96724";"ok"
"03 Isencao da parcela variavel por indisponibilidade";"48500.903857/2024-52";"Regulação da Transmissão: Pleitos sobre Serviços de Transmissão";"10";"0304417";"Anexo I";"16/05/2025";"STD";"010_SEI_0304417_Anexo_I.pdf";"754375";"ok"
"03 Isencao da parcela variavel por indisponibilidade";"48500.903857/2024-52";"Regulação da Transmissão: Pleitos sobre Serviços de Transmissão";"11";"0304419";"Anexo II";"23/06/2025";"STD";"011_SEI_0304419_Anexo_II.pdf";"11387801";"ok"
"03 Isencao da parcela variavel por indisponibilidade";"48500.903857/2024-52";"Regulação da Transmissão: Pleitos sobre Serviços de Transmissão";"12";"0304420";"Anexo III";"02/07/2025";"STD";"012_SEI_0304420_Anexo_III.pdf";"3821301";"ok"
"03 Isencao da parcela variavel por indisponibilidade";"48500.903857/2024-52";"Regulação da Transmissão: Pleitos sobre Serviços de Transmissão";"13";"0304427";"Anexo IV";"12/11/2025";"STD";"013_SEI_0304427_Anexo_IV.pdf";"7125965";"ok"
"03 Isencao da parcela variavel por indisponibilidade";"48500.903857/2024-52";"Regulação da Transmissão: Pleitos sobre Serviços de Transmissão";"14";"0320092";"Apresentação";"27/03/2026";"PROCURADORIA FEDERAL";"014_SEI_0320092_Apresentacao.pdf";"1777411";"ok"
"03 Isencao da parcela variavel por indisponibilidade";"48500.903857/2024-52";"Regulação da Transmissão: Pleitos sobre Serviços de Transmissão";"15";"0320197";"Registro";"27/03/2026";"PROCURADORIA FEDERAL";"015_SEI_0320197_Registro.pdf";"313753";"ok"
"03 Isencao da parcela variavel por indisponibilidade";"48500.903857/2024-52";"Regulação da Transmissão: Pleitos sobre Serviços de Transmissão";"17";"0354263";"Carta";"13/05/2026";"PROCURADORIA FEDERAL";"017_SEI_0354263_Carta.pdf";"656521";"ok"
"03 Isencao da parcela variavel por indisponibilidade";"48500.903857/2024-52";"Regulação da Transmissão: Pleitos sobre Serviços de Transmissão";"18";"0363504";"Parecer Jurídico 56";"22/05/2026";"PROCURADORIA FEDERAL";"018_SEI_0363504_Parecer_Juridico_56.pdf";"184775";"ok"
"03 Isencao da parcela variavel por indisponibilidade";"48500.903857/2024-52";"Regulação da Transmissão: Pleitos sobre Serviços de Transmissão";"20";"0439902";"Nota Técnica 139";"25/08/2026";"STD";"020_SEI_0439902_Nota_Tecnica_139.html";"215198";"ok"
"03 Isencao da parcela variavel por indisponibilidade";"48500.903857/2024-52";"Regulação da Transmissão: Pleitos sobre Serviços de Transmissão";"21";"0440009";"Despacho 3339";"28/08/2026";"STD";"021_SEI_0440009_Despacho_3339.html";"87381";"ok"
"03 Isencao da parcela variavel por indisponibilidade";"48500.903857/2024-52";"Regulação da Transmissão: Pleitos sobre Serviços de Transmissão";"22";"0448155";"Publicação";"25/08/2026";"STD";"022_SEI_0448155_Publicacao.pdf";"14815";"ok"
"03 Isencao da parcela variavel por indisponibilidade";"48500.903857/2024-52";"Regulação da Transmissão: Pleitos sobre Serviços de Transmissão";"23";"0451512";"Recibo";"01/09/2026";"STD";"023_SEI_0451512_Recibo.pdf";"2647660";"ok"
"03 Isencao da parcela variavel por indisponibilidade";"48500.900138/2024-80";"Processo Migrado - Pendente de Classificação pela Unidade Gestora";"1";"0001851";"Termo de Migração";"17/01/2025";"STD";"001_SEI_0001851_Termo_de_Migracao.html";"58782";"ok"
"03 Isencao da parcela variavel por indisponibilidade";"48500.900138/2024-80";"Processo Migrado - Pendente de Classificação pela Unidade Gestora";"3";"0226372";"Nota Técnica 130";"28/10/2025";"STD";"003_SEI_0226372_Nota_Tecnica_130.html";"120857";"ok"
"03 Isencao da parcela variavel por indisponibilidade";"48500.900138/2024-80";"Processo Migrado - Pendente de Classificação pela Unidade Gestora";"4";"0226586";"Despacho 3185";"29/10/2025";"STD";"004_SEI_0226586_Despacho_3185.html";"82169";"ok"
"03 Isencao da parcela variavel por indisponibilidade";"48500.900138/2024-80";"Processo Migrado - Pendente de Classificação pela Unidade Gestora";"5";"0230344";"Publicação";"31/10/2025";"STD";"005_SEI_0230344_Publicacao.pdf";"263383";"ok"
"03 Isencao da parcela variavel por indisponibilidade";"48500.900138/2024-80";"Processo Migrado - Pendente de Classificação pela Unidade Gestora";"6";"0236698";"Recibo";"04/11/2025";"STD";"006_SEI_0236698_Recibo.pdf";"1042359";"ok"
"03 Isencao da parcela variavel por indisponibilidade";"48500.900138/2024-80";"Processo Migrado - Pendente de Classificação pela Unidade Gestora";"8";"0403810";"Nota Técnica 110";"10/07/2026";"STD";"008_SEI_0403810_Nota_Tecnica_110.html";"170060";"ok"
"03 Isencao da parcela variavel por indisponibilidade";"48500.900138/2024-80";"Processo Migrado - Pendente de Classificação pela Unidade Gestora";"9";"0404474";"Requerimento de Distribuição de Processo";"13/07/2026";"STD";"009_SEI_0404474_Requerimento_de_Distribuicao_de_Processo.html";"88156";"ok"
"03 Isencao da parcela variavel por indisponibilidade";"48500.900138/2024-80";"Processo Migrado - Pendente de Classificação pela Unidade Gestora";"10";"0409600";"Despacho de Distribuição de Processo";"20/07/2026";"SGE -SORTEIO";"010_SEI_0409600_Despacho_de_Distribuicao_de_Processo.html";"86880";"ok"
"03 Isencao da parcela variavel por indisponibilidade";"48500.900138/2024-80";"Processo Migrado - Pendente de Classificação pela Unidade Gestora";"11";"0423362";"Memória";"06/08/2026";"GAB - APOIO";"011_SEI_0423362_Memoria.pdf";"1897964";"ok"
"03 Isencao da parcela variavel por indisponibilidade";"48500.900138/2024-80";"Processo Migrado - Pendente de Classificação pela Unidade Gestora";"12";"0431393";"Requerimento de Inclusão em Pauta";"20/08/2026";"GAB II - AMAC";"012_SEI_0431393_Requerimento_de_Inclusao_em_Pauta.html";"86962";"ok"
"03 Isencao da parcela variavel por indisponibilidade";"48500.900138/2024-80";"Processo Migrado - Pendente de Classificação pela Unidade Gestora";"13";"0434382";"Voto";"20/08/2026";"GAB II - AMAC";"013_SEI_0434382_Voto.html";"117690";"ok"
"03 Isencao da parcela variavel por indisponibilidade";"48500.900138/2024-80";"Processo Migrado - Pendente de Classificação pela Unidade Gestora";"14";"0434388";"Despacho 3198";"21/08/2026";"GAB II - AMAC";"014_SEI_0434388_Despacho_3198.html";"88195";"ok"
"03 Isencao da parcela variavel por indisponibilidade";"48500.900138/2024-80";"Processo Migrado - Pendente de Classificação pela Unidade Gestora";"15";"0440629";"Recibo";"25/08/2026";"GAB II - AMAC";"015_SEI_0440629_Recibo.pdf";"1301956";"ok"
"03 Isencao da parcela variavel por indisponibilidade";"48500.900138/2024-80";"Processo Migrado - Pendente de Classificação pela Unidade Gestora";"16";"0440257";"Extrato da Decisão da Diretoria";"27/08/2026";"SGE - PUBLICAÇÃO";"016_SEI_0440257_Extrato_da_Decisao_da_Diretoria.html";"88707";"ok"
"03 Isencao da parcela variavel por indisponibilidade";"48500.008207/2025-84";"Regulação da Transmissão: Pleitos sobre Serviços de Transmissão";"1";"0061424";"Carta EQTLT N° 24/2024";"06/03/2025";"STD";"001_SEI_0061424_Carta_EQTLT_N_24_2024.pdf";"945752";"ok"
"03 Isencao da parcela variavel por indisponibilidade";"48500.008207/2025-84";"Regulação da Transmissão: Pleitos sobre Serviços de Transmissão";"2";"0061425";"Anexo I - da Carta EQTLT N° 24/2024";"06/03/2025";"STD";"002_SEI_0061425_Anexo_I_da_Carta_EQTLT_N_24_2024.pdf";"613962";"ok"
"03 Isencao da parcela variavel por indisponibilidade";"48500.008207/2025-84";"Regulação da Transmissão: Pleitos sobre Serviços de Transmissão";"3";"0061426";"Anexo II - da Carta EQTLT N° 24/2024";"06/03/2025";"STD";"003_SEI_0061426_Anexo_II_da_Carta_EQTLT_N_24_2024.pdf";"4338712";"ok"
"03 Isencao da parcela variavel por indisponibilidade";"48500.008207/2025-84";"Regulação da Transmissão: Pleitos sobre Serviços de Transmissão";"4";"0061427";"Anexo III - da Carta EQTLT N° 24/2024";"06/03/2025";"STD";"004_SEI_0061427_Anexo_III_da_Carta_EQTLT_N_24_2024.pdf";"576155";"ok"
"03 Isencao da parcela variavel por indisponibilidade";"48500.008207/2025-84";"Regulação da Transmissão: Pleitos sobre Serviços de Transmissão";"5";"0061428";"Anexo IV - da Carta EQTLT N° 24/2024";"06/03/2025";"STD";"005_SEI_0061428_Anexo_IV_da_Carta_EQTLT_N_24_2024.pdf";"1679428";"ok"
"03 Isencao da parcela variavel por indisponibilidade";"48500.008207/2025-84";"Regulação da Transmissão: Pleitos sobre Serviços de Transmissão";"6";"0061429";"Anexo V - da Carta EQTLT N° 24/2024";"06/03/2025";"STD";"006_SEI_0061429_Anexo_V_da_Carta_EQTLT_N_24_2024.pdf";"1199811";"ok"
"03 Isencao da parcela variavel por indisponibilidade";"48500.008207/2025-84";"Regulação da Transmissão: Pleitos sobre Serviços de Transmissão";"7";"0421920";"Ofício 296";"05/08/2026";"STD";"007_SEI_0421920_Oficio_296.html";"94976";"ok"
"03 Isencao da parcela variavel por indisponibilidade";"48500.008207/2025-84";"Regulação da Transmissão: Pleitos sobre Serviços de Transmissão";"8";"0422559";"Recibo";"05/08/2026";"STD";"008_SEI_0422559_Recibo.pdf";"110577";"ok"
"03 Isencao da parcela variavel por indisponibilidade";"48500.008207/2025-84";"Regulação da Transmissão: Pleitos sobre Serviços de Transmissão";"9";"0425383";"Recibo";"10/08/2026";"STD";"009_SEI_0425383_Recibo.pdf";"2357768";"ok"
"03 Isencao da parcela variavel por indisponibilidade";"48500.008207/2025-84";"Regulação da Transmissão: Pleitos sobre Serviços de Transmissão";"11";"0436841";"Ofício 312";"21/08/2026";"STD";"011_SEI_0436841_Oficio_312.html";"91520";"ok"
"03 Isencao da parcela variavel por indisponibilidade";"48500.008207/2025-84";"Regulação da Transmissão: Pleitos sobre Serviços de Transmissão";"12";"0441198";"Recibo";"26/08/2026";"STD";"012_SEI_0441198_Recibo.pdf";"2390062";"ok"
"03 Isencao da parcela variavel por indisponibilidade";"48500.024474/2026-80";"Relações Interinstitucionais: Judiciário, Ministérios Públicos, Defensorias e Polícias.";"1";"0436124";"Carta";"20/08/2026";"PROTOCOLO-GERAL";"001_SEI_0436124_Carta.pdf";"1481985";"ok"
"03 Isencao da parcela variavel por indisponibilidade";"48500.024474/2026-80";"Relações Interinstitucionais: Judiciário, Ministérios Públicos, Defensorias e Polícias.";"2";"0436125";"Procuração";"20/08/2026";"PROTOCOLO-GERAL";"002_SEI_0436125_Procuracao.pdf";"7952571";"ok"
"03 Isencao da parcela variavel por indisponibilidade";"48500.024474/2026-80";"Relações Interinstitucionais: Judiciário, Ministérios Públicos, Defensorias e Polícias.";"3";"0436126";"Relatório";"20/08/2026";"PROTOCOLO-GERAL";"003_SEI_0436126_Relatorio.pdf";"762988";"ok"
"03 Isencao da parcela variavel por indisponibilidade";"48500.024474/2026-80";"Relações Interinstitucionais: Judiciário, Ministérios Públicos, Defensorias e Polícias.";"4";"0436127";"Contrato";"20/08/2026";"PROTOCOLO-GERAL";"004_SEI_0436127_Contrato.pdf";"2724892";"ok"
"03 Isencao da parcela variavel por indisponibilidade";"48500.024474/2026-80";"Relações Interinstitucionais: Judiciário, Ministérios Públicos, Defensorias e Polícias.";"5";"0436128";"Despacho";"20/08/2026";"PROTOCOLO-GERAL";"005_SEI_0436128_Despacho.pdf";"415124";"ok"
"03 Isencao da parcela variavel por indisponibilidade";"48500.024474/2026-80";"Relações Interinstitucionais: Judiciário, Ministérios Públicos, Defensorias e Polícias.";"6";"0436129";"Termo";"20/08/2026";"PROTOCOLO-GERAL";"006_SEI_0436129_Termo.pdf";"3018655";"ok"
"03 Isencao da parcela variavel por indisponibilidade";"48500.024474/2026-80";"Relações Interinstitucionais: Judiciário, Ministérios Públicos, Defensorias e Polícias.";"7";"0436130";"Termo";"20/08/2026";"PROTOCOLO-GERAL";"007_SEI_0436130_Termo.pdf";"568302";"ok"
"03 Isencao da parcela variavel por indisponibilidade";"48500.024474/2026-80";"Relações Interinstitucionais: Judiciário, Ministérios Públicos, Defensorias e Polícias.";"8";"0436131";"Dossiê";"20/08/2026";"PROTOCOLO-GERAL";"008_SEI_0436131_Dossie.pdf";"714950";"ok"
"03 Isencao da parcela variavel por indisponibilidade";"48500.024474/2026-80";"Relações Interinstitucionais: Judiciário, Ministérios Públicos, Defensorias e Polícias.";"9";"0436133";"Consulta";"08/07/2026";"PROTOCOLO-GERAL";"009_SEI_0436133_Consulta.pdf";"27827098";"ok"
"03 Isencao da parcela variavel por indisponibilidade";"48500.024474/2026-80";"Relações Interinstitucionais: Judiciário, Ministérios Públicos, Defensorias e Polícias.";"10";"0436135";"Parecer";"20/08/2026";"PROTOCOLO-GERAL";"010_SEI_0436135_Parecer.pdf";"611546";"ok"
"03 Isencao da parcela variavel por indisponibilidade";"48500.024474/2026-80";"Relações Interinstitucionais: Judiciário, Ministérios Públicos, Defensorias e Polícias.";"11";"0436136";"Parecer";"20/08/2026";"PROTOCOLO-GERAL";"011_SEI_0436136_Parecer.pdf";"3179244";"ok"
"03 Isencao da parcela variavel por indisponibilidade";"48500.024474/2026-80";"Relações Interinstitucionais: Judiciário, Ministérios Públicos, Defensorias e Polícias.";"12";"0436137";"Nota";"20/08/2026";"PROTOCOLO-GERAL";"012_SEI_0436137_Nota.pdf";"1481044";"ok"
"03 Isencao da parcela variavel por indisponibilidade";"48500.024474/2026-80";"Relações Interinstitucionais: Judiciário, Ministérios Públicos, Defensorias e Polícias.";"13";"0436138";"Parecer";"20/08/2026";"PROTOCOLO-GERAL";"013_SEI_0436138_Parecer.pdf";"3965700";"ok"
"03 Isencao da parcela variavel por indisponibilidade";"48500.024474/2026-80";"Relações Interinstitucionais: Judiciário, Ministérios Públicos, Defensorias e Polícias.";"14";"0436139";"Parecer";"20/08/2026";"PROTOCOLO-GERAL";"014_SEI_0436139_Parecer.pdf";"525692";"ok"
"03 Isencao da parcela variavel por indisponibilidade";"48500.024474/2026-80";"Relações Interinstitucionais: Judiciário, Ministérios Públicos, Defensorias e Polícias.";"15";"0436140";"Sentença";"20/08/2026";"PROTOCOLO-GERAL";"015_SEI_0436140_Sentenca.pdf";"1454578";"ok"
"03 Isencao da parcela variavel por indisponibilidade";"48500.024474/2026-80";"Relações Interinstitucionais: Judiciário, Ministérios Públicos, Defensorias e Polícias.";"16";"0436141";"Parecer";"20/08/2026";"PROTOCOLO-GERAL";"016_SEI_0436141_Parecer.pdf";"263579";"ok"
"03 Isencao da parcela variavel por indisponibilidade";"48500.024474/2026-80";"Relações Interinstitucionais: Judiciário, Ministérios Públicos, Defensorias e Polícias.";"17";"0436142";"Processo";"20/08/2026";"PROTOCOLO-GERAL";"017_SEI_0436142_Processo.pdf";"677013";"ok"
"03 Isencao da parcela variavel por indisponibilidade";"48500.024474/2026-80";"Relações Interinstitucionais: Judiciário, Ministérios Públicos, Defensorias e Polícias.";"18";"0436143";"Voto";"20/08/2026";"PROTOCOLO-GERAL";"018_SEI_0436143_Voto.pdf";"154558";"ok"
"03 Isencao da parcela variavel por indisponibilidade";"48500.024474/2026-80";"Relações Interinstitucionais: Judiciário, Ministérios Públicos, Defensorias e Polícias.";"19";"0436144";"Processo";"20/08/2026";"PROTOCOLO-GERAL";"019_SEI_0436144_Processo.pdf";"58243312";"ok"
"03 Isencao da parcela variavel por indisponibilidade";"48500.024474/2026-80";"Relações Interinstitucionais: Judiciário, Ministérios Públicos, Defensorias e Polícias.";"20";"0436146";"Processo";"20/08/2026";"PROTOCOLO-GERAL";"020_SEI_0436146_Processo.pdf";"180155693";"ok"
"03 Isencao da parcela variavel por indisponibilidade";"48500.024474/2026-80";"Relações Interinstitucionais: Judiciário, Ministérios Públicos, Defensorias e Polícias.";"21";"0436149";"Listagem";"20/08/2026";"PROTOCOLO-GERAL";"021_SEI_0436149_Listagem.pdf";"8666841";"ok"
"03 Isencao da parcela variavel por indisponibilidade";"48500.024474/2026-80";"Relações Interinstitucionais: Judiciário, Ministérios Públicos, Defensorias e Polícias.";"22";"0436150";"Processo";"20/08/2026";"PROTOCOLO-GERAL";"022_SEI_0436150_Processo.pdf";"162639692";"ok"
"03 Isencao da parcela variavel por indisponibilidade";"48500.024474/2026-80";"Relações Interinstitucionais: Judiciário, Ministérios Públicos, Defensorias e Polícias.";"23";"0436152";"Instrução";"20/08/2026";"PROTOCOLO-GERAL";"023_SEI_0436152_Instrucao.pdf";"153428";"ok"
"03 Isencao da parcela variavel por indisponibilidade";"48500.024474/2026-80";"Relações Interinstitucionais: Judiciário, Ministérios Públicos, Defensorias e Polícias.";"24";"0436153";"Nota";"20/08/2026";"PROTOCOLO-GERAL";"024_SEI_0436153_Nota.pdf";"263587";"ok"
"03 Isencao da parcela variavel por indisponibilidade";"48500.024474/2026-80";"Relações Interinstitucionais: Judiciário, Ministérios Públicos, Defensorias e Polícias.";"25";"0436154";"Termo";"20/08/2026";"PROTOCOLO-GERAL";"025_SEI_0436154_Termo.pdf";"756793";"ok"
"03 Isencao da parcela variavel por indisponibilidade";"48500.024474/2026-80";"Relações Interinstitucionais: Judiciário, Ministérios Públicos, Defensorias e Polícias.";"26";"0436155";"Contrato";"20/08/2026";"PROTOCOLO-GERAL";"026_SEI_0436155_Contrato.pdf";"3326453";"ok"
"03 Isencao da parcela variavel por indisponibilidade";"48500.024474/2026-80";"Relações Interinstitucionais: Judiciário, Ministérios Públicos, Defensorias e Polícias.";"27";"0436156";"Contrato";"20/08/2026";"PROTOCOLO-GERAL";"027_SEI_0436156_Contrato.pdf";"39193776";"ok"
"03 Isencao da parcela variavel por indisponibilidade";"48500.024474/2026-80";"Relações Interinstitucionais: Judiciário, Ministérios Públicos, Defensorias e Polícias.";"28";"0436158";"Parecer";"20/08/2026";"PROTOCOLO-GERAL";"028_SEI_0436158_Parecer.pdf";"96578";"ok"
"03 Isencao da parcela variavel por indisponibilidade";"48500.024474/2026-80";"Relações Interinstitucionais: Judiciário, Ministérios Públicos, Defensorias e Polícias.";"29";"0436159";"Despacho";"20/08/2026";"PROTOCOLO-GERAL";"029_SEI_0436159_Despacho.pdf";"348559";"ok"
"03 Isencao da parcela variavel por indisponibilidade";"48500.024474/2026-80";"Relações Interinstitucionais: Judiciário, Ministérios Públicos, Defensorias e Polícias.";"30";"0436160";"Despacho";"20/08/2026";"PROTOCOLO-GERAL";"030_SEI_0436160_Despacho.pdf";"409411";"ok"
"03 Isencao da parcela variavel por indisponibilidade";"48500.024474/2026-80";"Relações Interinstitucionais: Judiciário, Ministérios Públicos, Defensorias e Polícias.";"31";"0436161";"Acórdão";"20/08/2026";"PROTOCOLO-GERAL";"031_SEI_0436161_Acordao.pdf";"1601677";"ok"
"03 Isencao da parcela variavel por indisponibilidade";"48500.024474/2026-80";"Relações Interinstitucionais: Judiciário, Ministérios Públicos, Defensorias e Polícias.";"32";"0436162";"Parecer 89";"20/08/2026";"PROTOCOLO-GERAL";"032_SEI_0436162_Parecer_89.pdf";"7952468";"ok"
"03 Isencao da parcela variavel por indisponibilidade";"48500.024518/2026-71";"Regulação da Geração: Demais pleitos sobre Serviços de Geração";"1";"0436532";"Carta 1224";"20/08/2026";"PROTOCOLO-GERAL";"001_SEI_0436532_Carta_1224.pdf";"2866688";"ok"
"03 Isencao da parcela variavel por indisponibilidade";"48500.024518/2026-71";"Regulação da Geração: Demais pleitos sobre Serviços de Geração";"2";"0436533";"Carta 1142";"04/08/2026";"PROTOCOLO-GERAL";"002_SEI_0436533_Carta_1142.pdf";"295477";"ok"
"03 Isencao da parcela variavel por indisponibilidade";"48500.024518/2026-71";"Regulação da Geração: Demais pleitos sobre Serviços de Geração";"3";"0436534";"Sumário";"10/08/2026";"PROTOCOLO-GERAL";"003_SEI_0436534_Sumario.pdf";"1619000";"ok"
"03 Isencao da parcela variavel por indisponibilidade";"48500.024518/2026-71";"Regulação da Geração: Demais pleitos sobre Serviços de Geração";"4";"0436535";"Carta 117";"08/06/2026";"PROTOCOLO-GERAL";"004_SEI_0436535_Carta_117.pdf";"831792";"ok"
"03 Isencao da parcela variavel por indisponibilidade";"48500.024518/2026-71";"Regulação da Geração: Demais pleitos sobre Serviços de Geração";"5";"0436536";"Planilha";"20/08/2026";"PROTOCOLO-GERAL";"005_SEI_0436536_Planilha.zip";"102140";"ok"
"03 Isencao da parcela variavel por indisponibilidade";"48500.904155/2020-62";"Gestão de Contrato: Outras Alterações Contratuais não Relacionadas";"1";"0009622";"Termo de Migração";"02/01/2025";"SCE";"001_SEI_0009622_Termo_de_Migracao.html";"59696";"ok"
"03 Isencao da parcela variavel por indisponibilidade";"48500.904155/2020-62";"Gestão de Contrato: Outras Alterações Contratuais não Relacionadas";"2";"0435060";"Nota Técnica Conjunta 28";"20/08/2026";"SCE";"002_SEI_0435060_Nota_Tecnica_Conjunta_28.html";"1257689";"ok"
"03 Isencao da parcela variavel por indisponibilidade";"48500.904155/2020-62";"Gestão de Contrato: Outras Alterações Contratuais não Relacionadas";"3";"0435767";"Despacho 3248";"20/08/2026";"SCE";"003_SEI_0435767_Despacho_3248.html";"134662";"ok"
"03 Isencao da parcela variavel por indisponibilidade";"48500.904155/2020-62";"Gestão de Contrato: Outras Alterações Contratuais não Relacionadas";"4";"0441127";"Despacho";"26/08/2026";"SCE";"004_SEI_0441127_Despacho.pdf";"5429";"ok"
"03 Isencao da parcela variavel por indisponibilidade";"48500.904155/2020-62";"Gestão de Contrato: Outras Alterações Contratuais não Relacionadas";"5";"0435819";"Despacho 3250";"20/08/2026";"SCE";"005_SEI_0435819_Despacho_3250.html";"119829";"ok"
"03 Isencao da parcela variavel por indisponibilidade";"48500.904155/2020-62";"Gestão de Contrato: Outras Alterações Contratuais não Relacionadas";"6";"0441134";"Despacho";"26/08/2026";"SCE";"006_SEI_0441134_Despacho.pdf";"4948";"ok"
"03 Isencao da parcela variavel por indisponibilidade";"48500.024395/2026-79";"Acordos e Convênios: Agências Estaduais";"1";"0435310";"Carta";"19/08/2026";"PROTOCOLO-GERAL";"001_SEI_0435310_Carta.pdf";"824316";"ok"
"03 Isencao da parcela variavel por indisponibilidade";"48500.024395/2026-79";"Acordos e Convênios: Agências Estaduais";"2";"0435311";"Procuração";"19/08/2026";"PROTOCOLO-GERAL";"002_SEI_0435311_Procuracao.pdf";"426153";"ok"
"03 Isencao da parcela variavel por indisponibilidade";"48500.024395/2026-79";"Acordos e Convênios: Agências Estaduais";"3";"0435312";"Dossiê";"19/08/2026";"PROTOCOLO-GERAL";"003_SEI_0435312_Dossie.pdf";"1908550";"ok"
"03 Isencao da parcela variavel por indisponibilidade";"48500.024395/2026-79";"Acordos e Convênios: Agências Estaduais";"4";"0435313";"Ofício 187083";"19/08/2026";"PROTOCOLO-GERAL";"004_SEI_0435313_Oficio_187083.pdf";"580580";"ok"
"03 Isencao da parcela variavel por indisponibilidade";"48500.024395/2026-79";"Acordos e Convênios: Agências Estaduais";"5";"0435314";"Protocolo";"19/08/2026";"PROTOCOLO-GERAL";"005_SEI_0435314_Protocolo.pdf";"497314";"ok"
"03 Isencao da parcela variavel por indisponibilidade";"48500.024395/2026-79";"Acordos e Convênios: Agências Estaduais";"6";"0435315";"Informação";"19/08/2026";"PROTOCOLO-GERAL";"006_SEI_0435315_Informacao.pdf";"1182354";"ok"
"03 Isencao da parcela variavel por indisponibilidade";"48500.024395/2026-79";"Acordos e Convênios: Agências Estaduais";"7";"0435316";"E-mail";"19/08/2026";"PROTOCOLO-GERAL";"007_SEI_0435316_E_mail.pdf";"365742";"ok"
"03 Isencao da parcela variavel por indisponibilidade";"48500.024395/2026-79";"Acordos e Convênios: Agências Estaduais";"8";"0435317";"Contrato";"19/08/2026";"PROTOCOLO-GERAL";"008_SEI_0435317_Contrato.pdf";"5443781";"ok"
"03 Isencao da parcela variavel por indisponibilidade";"48500.024395/2026-79";"Acordos e Convênios: Agências Estaduais";"9";"0435318";"Informação";"19/08/2026";"PROTOCOLO-GERAL";"009_SEI_0435318_Informacao.pdf";"4996627";"ok"
"03 Isencao da parcela variavel por indisponibilidade";"48500.024078/2026-52";"Regulação da Transmissão: Pleitos sobre Serviços de Transmissão";"1";"0430621";"Carta 538";"17/08/2026";"PROTOCOLO-GERAL";"001_SEI_0430621_Carta_538.pdf";"905296";"ok"
"03 Isencao da parcela variavel por indisponibilidade";"48500.019326/2026-43";"Regulação da Transmissão: Pleitos sobre Serviços de Transmissão";"1";"0398438";"Carta 116";"03/07/2026";"PROTOCOLO-GERAL";"001_SEI_0398438_Carta_116.pdf";"1515944";"ok"
"03 Isencao da parcela variavel por indisponibilidade";"48500.019326/2026-43";"Regulação da Transmissão: Pleitos sobre Serviços de Transmissão";"2";"0398439";"Requerimento";"03/07/2026";"PROTOCOLO-GERAL";"002_SEI_0398439_Requerimento.pdf";"2156675";"ok"
"03 Isencao da parcela variavel por indisponibilidade";"48500.019326/2026-43";"Regulação da Transmissão: Pleitos sobre Serviços de Transmissão";"3";"0403402";"Requerimento de Distribuição de Processo";"13/07/2026";"SGE -SORTEIO";"003_SEI_0403402_Requerimento_de_Distribuicao_de_Processo.html";"87696";"ok"
"03 Isencao da parcela variavel por indisponibilidade";"48500.019326/2026-43";"Regulação da Transmissão: Pleitos sobre Serviços de Transmissão";"4";"0404613";"Despacho de Distribuição de Processo";"13/07/2026";"SGE -SORTEIO";"004_SEI_0404613_Despacho_de_Distribuicao_de_Processo.html";"87619";"ok"
"03 Isencao da parcela variavel por indisponibilidade";"48500.019326/2026-43";"Regulação da Transmissão: Pleitos sobre Serviços de Transmissão";"5";"0426433";"Requerimento de Inclusão em Pauta";"11/08/2026";"GAB V - WMF";"005_SEI_0426433_Requerimento_de_Inclusao_em_Pauta.html";"87716";"ok"
"03 Isencao da parcela variavel por indisponibilidade";"48500.019326/2026-43";"Regulação da Transmissão: Pleitos sobre Serviços de Transmissão";"6";"0426713";"Voto";"11/08/2026";"GAB V - WMF";"006_SEI_0426713_Voto.html";"111184";"ok"
"03 Isencao da parcela variavel por indisponibilidade";"48500.019326/2026-43";"Regulação da Transmissão: Pleitos sobre Serviços de Transmissão";"7";"0426715";"Despacho 3077";"14/08/2026";"GAB V - WMF";"007_SEI_0426715_Despacho_3077.html";"89359";"ok"
"03 Isencao da parcela variavel por indisponibilidade";"48500.019326/2026-43";"Regulação da Transmissão: Pleitos sobre Serviços de Transmissão";"8";"0435232";"Recibo";"19/08/2026";"GAB V - WMF";"008_SEI_0435232_Recibo.pdf";"2888170";"ok"
"03 Isencao da parcela variavel por indisponibilidade";"48500.019326/2026-43";"Regulação da Transmissão: Pleitos sobre Serviços de Transmissão";"9";"0430888";"Extrato da Decisão da Diretoria";"18/08/2026";"SGE - PUBLICAÇÃO";"009_SEI_0430888_Extrato_da_Decisao_da_Diretoria.html";"89277";"ok"
"03 Isencao da parcela variavel por indisponibilidade";"48500.008321/2025-12";"Regulação da Transmissão: Pleitos sobre Serviços de Transmissão";"1";"0061984";"Carta CGT ELETROSUL N° 02258/2024";"07/03/2025";"STD";"001_SEI_0061984_Carta_CGT_ELETROSUL_N_02258_2024.pdf";"19126166";"ok"
"03 Isencao da parcela variavel por indisponibilidade";"48500.008321/2025-12";"Regulação da Transmissão: Pleitos sobre Serviços de Transmissão";"2";"0061989";"Anexo I - da Carta CGT ELETROSUL N° 02258/2024";"07/03/2025";"STD";"002_SEI_0061989_Anexo_I_da_Carta_CGT_ELETROSUL_N_02258_2024.pdf";"24838928";"ok"
"03 Isencao da parcela variavel por indisponibilidade";"48500.008321/2025-12";"Regulação da Transmissão: Pleitos sobre Serviços de Transmissão";"3";"0061991";"Anexo II - da Carta CGT ELETROSUL N° 02258/2024";"07/03/2025";"STD";"003_SEI_0061991_Anexo_II_da_Carta_CGT_ELETROSUL_N_02258_2024.zip";"27146469";"ok"
"03 Isencao da parcela variavel por indisponibilidade";"48500.008321/2025-12";"Regulação da Transmissão: Pleitos sobre Serviços de Transmissão";"4";"0061994";"Anexo III - da Carta CGT ELETROSUL N° 02258/2024";"07/03/2025";"STD";"004_SEI_0061994_Anexo_III_da_Carta_CGT_ELETROSUL_N_02258_2024.pdf";"3922590";"ok"
"03 Isencao da parcela variavel por indisponibilidade";"48500.008321/2025-12";"Regulação da Transmissão: Pleitos sobre Serviços de Transmissão";"5";"0279335";"Nota Técnica 10";"26/01/2026";"STD";"005_SEI_0279335_Nota_Tecnica_10.html";"132970";"ok"
"03 Isencao da parcela variavel por indisponibilidade";"48500.008321/2025-12";"Regulação da Transmissão: Pleitos sobre Serviços de Transmissão";"6";"0279578";"Despacho 199";"26/01/2026";"STD";"006_SEI_0279578_Despacho_199.html";"71874";"ok"
"03 Isencao da parcela variavel por indisponibilidade";"48500.008321/2025-12";"Regulação da Transmissão: Pleitos sobre Serviços de Transmissão";"7";"0281439";"Publicação";"28/01/2026";"STD";"007_SEI_0281439_Publicacao.pdf";"69973";"ok"
"03 Isencao da parcela variavel por indisponibilidade";"48500.008321/2025-12";"Regulação da Transmissão: Pleitos sobre Serviços de Transmissão";"8";"0341433";"Recibo";"28/01/2026";"STD";"008_SEI_0341433_Recibo.pdf";"2986572";"ok"
"03 Isencao da parcela variavel por indisponibilidade";"48500.008321/2025-12";"Regulação da Transmissão: Pleitos sobre Serviços de Transmissão";"9";"48500.003309/2026-94";"Regulação da Transmissão: Pleitos sobre Serviços de Transmissão";"09/02/2026";"PROTOCOLO-GERAL";"";"";"restrito"
"03 Isencao da parcela variavel por indisponibilidade";"48500.008321/2025-12";"Regulação da Transmissão: Pleitos sobre Serviços de Transmissão";"10";"0415898";"Nota Técnica 118";"27/07/2026";"STD";"010_SEI_0415898_Nota_Tecnica_118.html";"174357";"ok"
"03 Isencao da parcela variavel por indisponibilidade";"48500.008321/2025-12";"Regulação da Transmissão: Pleitos sobre Serviços de Transmissão";"11";"0417134";"Requerimento de Distribuição de Processo";"29/07/2026";"STD";"011_SEI_0417134_Requerimento_de_Distribuicao_de_Processo.html";"90624";"ok"
"03 Isencao da parcela variavel por indisponibilidade";"48500.008321/2025-12";"Regulação da Transmissão: Pleitos sobre Serviços de Transmissão";"12";"0420062";"Despacho de Distribuição de Processo";"03/08/2026";"SGE -SORTEIO";"012_SEI_0420062_Despacho_de_Distribuicao_de_Processo.html";"87894";"ok"
"03 Isencao da parcela variavel por indisponibilidade";"48500.008321/2025-12";"Regulação da Transmissão: Pleitos sobre Serviços de Transmissão";"13";"0426399";"Requerimento de Inclusão em Pauta";"11/08/2026";"GAB V - WMF";"013_SEI_0426399_Requerimento_de_Inclusao_em_Pauta.html";"87960";"ok"
"03 Isencao da parcela variavel por indisponibilidade";"48500.008321/2025-12";"Regulação da Transmissão: Pleitos sobre Serviços de Transmissão";"14";"0426697";"Voto";"11/08/2026";"GAB V - WMF";"014_SEI_0426697_Voto.html";"117848";"ok"
"03 Isencao da parcela variavel por indisponibilidade";"48500.008321/2025-12";"Regulação da Transmissão: Pleitos sobre Serviços de Transmissão";"15";"0426698";"Despacho 3071";"14/08/2026";"GAB V - WMF";"015_SEI_0426698_Despacho_3071.html";"89092";"ok"
"03 Isencao da parcela variavel por indisponibilidade";"48500.008321/2025-12";"Regulação da Transmissão: Pleitos sobre Serviços de Transmissão";"16";"0435170";"Recibo";"19/08/2026";"GAB V - WMF";"016_SEI_0435170_Recibo.pdf";"1319430";"ok"
"03 Isencao da parcela variavel por indisponibilidade";"48500.008321/2025-12";"Regulação da Transmissão: Pleitos sobre Serviços de Transmissão";"17";"0430843";"Extrato da Decisão da Diretoria";"18/08/2026";"SGE - PUBLICAÇÃO";"017_SEI_0430843_Extrato_da_Decisao_da_Diretoria.html";"89852";"ok"
"03 Isencao da parcela variavel por indisponibilidade";"48500.024021/2026-53";"Regulação da Transmissão: Pleitos sobre Serviços de Transmissão";"1";"0430235";"Carta 41";"14/08/2026";"PROTOCOLO-GERAL";"001_SEI_0430235_Carta_41.pdf";"267057";"ok"
"03 Isencao da parcela variavel por indisponibilidade";"48500.005830/2025-85";"Regulação da Transmissão: Pleitos sobre Serviços de Transmissão";"1";"0045962";"Carta 203";"12/02/2025";"PROTOCOLO-GERAL";"001_SEI_0045962_Carta_203.pdf";"308617";"ok"
"03 Isencao da parcela variavel por indisponibilidade";"48500.005830/2025-85";"Regulação da Transmissão: Pleitos sobre Serviços de Transmissão";"2";"0045963";"Carta 1276";"21/06/2024";"PROTOCOLO-GERAL";"002_SEI_0045963_Carta_1276.pdf";"3039317";"ok"
"03 Isencao da parcela variavel por indisponibilidade";"48500.005830/2025-85";"Regulação da Transmissão: Pleitos sobre Serviços de Transmissão";"3";"0045965";"Relatório 614";"09/09/2024";"PROTOCOLO-GERAL";"003_SEI_0045965_Relatorio_614.pdf";"2876243";"ok"
"03 Isencao da parcela variavel por indisponibilidade";"48500.005830/2025-85";"Regulação da Transmissão: Pleitos sobre Serviços de Transmissão";"5";"0344599";"Nota Técnica 72";"05/05/2026";"STD";"005_SEI_0344599_Nota_Tecnica_72.html";"377899";"ok"
"03 Isencao da parcela variavel por indisponibilidade";"48500.005830/2025-85";"Regulação da Transmissão: Pleitos sobre Serviços de Transmissão";"6";"0345016";"Despacho 1562";"05/05/2026";"STD";"006_SEI_0345016_Despacho_1562.html";"87949";"ok"
"03 Isencao da parcela variavel por indisponibilidade";"48500.005830/2025-85";"Regulação da Transmissão: Pleitos sobre Serviços de Transmissão";"7";"0347131";"Publicação";"05/05/2026";"STD";"007_SEI_0347131_Publicacao.pdf";"14200";"ok"
"03 Isencao da parcela variavel por indisponibilidade";"48500.005830/2025-85";"Regulação da Transmissão: Pleitos sobre Serviços de Transmissão";"8";"0353362";"Recibo";"07/05/2026";"STD";"008_SEI_0353362_Recibo.pdf";"2472241";"ok"
"03 Isencao da parcela variavel por indisponibilidade";"48500.005830/2025-85";"Regulação da Transmissão: Pleitos sobre Serviços de Transmissão";"10";"0410549";"Nota Técnica 114";"21/07/2026";"STD";"010_SEI_0410549_Nota_Tecnica_114.html";"177386";"ok"
"03 Isencao da parcela variavel por indisponibilidade";"48500.005830/2025-85";"Regulação da Transmissão: Pleitos sobre Serviços de Transmissão";"11";"0414028";"Requerimento de Distribuição de Processo";"23/07/2026";"STD";"011_SEI_0414028_Requerimento_de_Distribuicao_de_Processo.html";"89229";"ok"
"03 Isencao da parcela variavel por indisponibilidade";"48500.005830/2025-85";"Regulação da Transmissão: Pleitos sobre Serviços de Transmissão";"12";"0415609";"Despacho de Distribuição de Processo";"27/07/2026";"SGE -SORTEIO";"012_SEI_0415609_Despacho_de_Distribuicao_de_Processo.html";"87886";"ok"
"03 Isencao da parcela variavel por indisponibilidade";"48500.005830/2025-85";"Regulação da Transmissão: Pleitos sobre Serviços de Transmissão";"13";"0421143";"Requerimento de Inclusão em Pauta";"06/08/2026";"GAB V - WMF";"013_SEI_0421143_Requerimento_de_Inclusao_em_Pauta.html";"87932";"ok"
"03 Isencao da parcela variavel por indisponibilidade";"48500.005830/2025-85";"Regulação da Transmissão: Pleitos sobre Serviços de Transmissão";"14";"0422226";"Voto";"06/08/2026";"GAB V - WMF";"014_SEI_0422226_Voto.html";"116810";"ok"
"03 Isencao da parcela variavel por indisponibilidade";"48500.005830/2025-85";"Regulação da Transmissão: Pleitos sobre Serviços de Transmissão";"15";"0422234";"Despacho 2951";"06/08/2026";"GAB V - WMF";"015_SEI_0422234_Despacho_2951.html";"88827";"ok"
"03 Isencao da parcela variavel por indisponibilidade";"48500.005830/2025-85";"Regulação da Transmissão: Pleitos sobre Serviços de Transmissão";"16";"0429011";"Recibo";"12/08/2026";"GAB V - WMF";"016_SEI_0429011_Recibo.pdf";"2380945";"ok"
"03 Isencao da parcela variavel por indisponibilidade";"48500.005830/2025-85";"Regulação da Transmissão: Pleitos sobre Serviços de Transmissão";"17";"0428781";"Extrato da Decisão da Diretoria";"13/08/2026";"SGE - PUBLICAÇÃO";"017_SEI_0428781_Extrato_da_Decisao_da_Diretoria.html";"90415";"ok"
"03 Isencao da parcela variavel por indisponibilidade";"48500.005830/2025-85";"Regulação da Transmissão: Pleitos sobre Serviços de Transmissão";"18";"0426447";"Requerimento de Inclusão em Pauta";"14/08/2026";"GAB V - WMF";"018_SEI_0426447_Requerimento_de_Inclusao_em_Pauta.html";"88094";"ok"
"03 Isencao da parcela variavel por indisponibilidade";"48500.005830/2025-85";"Regulação da Transmissão: Pleitos sobre Serviços de Transmissão";"19";"0428807";"Extrato da Decisão da Diretoria";"13/08/2026";"SGE - PUBLICAÇÃO";"019_SEI_0428807_Extrato_da_Decisao_da_Diretoria.html";"90792";"ok"
"03 Isencao da parcela variavel por indisponibilidade";"48500.016398/2025-58";"Regulação da Transmissão: Pleitos sobre Serviços de Transmissão";"1";"0111329";"Carta 146";"12/05/2025";"PROTOCOLO-GERAL";"001_SEI_0111329_Carta_146.pdf";"1405268";"ok"
"03 Isencao da parcela variavel por indisponibilidade";"48500.016398/2025-58";"Regulação da Transmissão: Pleitos sobre Serviços de Transmissão";"2";"0111330";"Dossiê";"13/05/2025";"PROTOCOLO-GERAL";"002_SEI_0111330_Dossie.zip";"2391089";"ok"
"03 Isencao da parcela variavel por indisponibilidade";"48500.016398/2025-58";"Regulação da Transmissão: Pleitos sobre Serviços de Transmissão";"3";"0188700";"Registro de Reunião 37";"05/09/2025";"STD";"003_SEI_0188700_Registro_de_Reuniao_37.html";"74430";"ok"
"03 Isencao da parcela variavel por indisponibilidade";"48500.016398/2025-58";"Regulação da Transmissão: Pleitos sobre Serviços de Transmissão";"4";"0188792";"Lista";"30/05/2025";"STD";"004_SEI_0188792_Lista.pdf";"104124";"ok"
"03 Isencao da parcela variavel por indisponibilidade";"48500.016398/2025-58";"Regulação da Transmissão: Pleitos sobre Serviços de Transmissão";"6";"0220938";"Nota Técnica 123";"17/10/2025";"STD";"006_SEI_0220938_Nota_Tecnica_123.html";"427092";"ok"
"03 Isencao da parcela variavel por indisponibilidade";"48500.016398/2025-58";"Regulação da Transmissão: Pleitos sobre Serviços de Transmissão";"7";"0220967";"Despacho 3111";"17/10/2025";"STD";"007_SEI_0220967_Despacho_3111.html";"71361";"ok"
"03 Isencao da parcela variavel por indisponibilidade";"48500.016398/2025-58";"Regulação da Transmissão: Pleitos sobre Serviços de Transmissão";"8";"0222991";"Despacho 3111";"17/10/2025";"STD";"008_SEI_0222991_Despacho_3111.pdf";"70822";"ok"
"03 Isencao da parcela variavel por indisponibilidade";"48500.016398/2025-58";"Regulação da Transmissão: Pleitos sobre Serviços de Transmissão";"9";"0223249";"Recibo";"21/10/2025";"STD";"009_SEI_0223249_Recibo.pdf";"2129714";"ok"
"03 Isencao da parcela variavel por indisponibilidade";"48500.016398/2025-58";"Regulação da Transmissão: Pleitos sobre Serviços de Transmissão";"11";"0233062";"Decisão";"06/11/2025";"GDG";"011_SEI_0233062_Decisao.html";"89352";"ok"
"03 Isencao da parcela variavel por indisponibilidade";"48500.016398/2025-58";"Regulação da Transmissão: Pleitos sobre Serviços de Transmissão";"12";"0233066";"Despacho 3304";"06/11/2025";"GDG";"012_SEI_0233066_Despacho_3304.html";"83527";"ok"
"03 Isencao da parcela variavel por indisponibilidade";"48500.016398/2025-58";"Regulação da Transmissão: Pleitos sobre Serviços de Transmissão";"13";"0233228";"Requerimento de Distribuição de Processo";"10/11/2025";"SGE -SORTEIO";"013_SEI_0233228_Requerimento_de_Distribuicao_de_Processo.html";"71211";"ok"
"03 Isencao da parcela variavel por indisponibilidade";"48500.016398/2025-58";"Regulação da Transmissão: Pleitos sobre Serviços de Transmissão";"14";"0234402";"Despacho de Distribuição de Processo";"10/11/2025";"SGE -SORTEIO";"014_SEI_0234402_Despacho_de_Distribuicao_de_Processo.html";"71138";"ok"
"03 Isencao da parcela variavel por indisponibilidade";"48500.016398/2025-58";"Regulação da Transmissão: Pleitos sobre Serviços de Transmissão";"15";"0240101";"Requerimento de Inclusão em Pauta";"18/11/2025";"DIR - WMF";"015_SEI_0240101_Requerimento_de_Inclusao_em_Pauta.html";"71342";"ok"
"03 Isencao da parcela variavel por indisponibilidade";"48500.016398/2025-58";"Regulação da Transmissão: Pleitos sobre Serviços de Transmissão";"16";"0240244";"Voto";"18/11/2025";"DIR - WMF";"016_SEI_0240244_Voto.html";"113495";"ok"
"03 Isencao da parcela variavel por indisponibilidade";"48500.016398/2025-58";"Regulação da Transmissão: Pleitos sobre Serviços de Transmissão";"17";"0240246";"Despacho 3405";"19/11/2025";"DIR - WMF";"017_SEI_0240246_Despacho_3405.html";"73443";"ok"
"03 Isencao da parcela variavel por indisponibilidade";"48500.016398/2025-58";"Regulação da Transmissão: Pleitos sobre Serviços de Transmissão";"18";"0246698";"Confirmação";"24/11/2025";"DIR - WMF";"018_SEI_0246698_Confirmacao.pdf";"1058908";"ok"
"03 Isencao da parcela variavel por indisponibilidade";"48500.016398/2025-58";"Regulação da Transmissão: Pleitos sobre Serviços de Transmissão";"19";"0247065";"Extrato da Decisão da Diretoria";"26/11/2025";"SGE - PUBLICAÇÃO";"019_SEI_0247065_Extrato_da_Decisao_da_Diretoria.html";"73126";"ok"
"03 Isencao da parcela variavel por indisponibilidade";"48500.016398/2025-58";"Regulação da Transmissão: Pleitos sobre Serviços de Transmissão";"20";"0304921";"Nota Técnica 38";"10/03/2026";"STD";"020_SEI_0304921_Nota_Tecnica_38.html";"381454";"ok"
"03 Isencao da parcela variavel por indisponibilidade";"48500.016398/2025-58";"Regulação da Transmissão: Pleitos sobre Serviços de Transmissão";"21";"0307534";"Requerimento de Distribuição de Processo";"11/03/2026";"STD";"021_SEI_0307534_Requerimento_de_Distribuicao_de_Processo.html";"88416";"ok"
"03 Isencao da parcela variavel por indisponibilidade";"48500.016398/2025-58";"Regulação da Transmissão: Pleitos sobre Serviços de Transmissão";"23";"0311261";"Despacho de Distribuição de Processo";"16/03/2026";"SGE -SORTEIO";"023_SEI_0311261_Despacho_de_Distribuicao_de_Processo.html";"87401";"ok"
"03 Isencao da parcela variavel por indisponibilidade";"48500.016398/2025-58";"Regulação da Transmissão: Pleitos sobre Serviços de Transmissão";"24";"0332763";"Memória";"14/04/2026";"ASD - APOIO";"024_SEI_0332763_Memoria.pdf";"2375631";"ok"
"03 Isencao da parcela variavel por indisponibilidade";"48500.016398/2025-58";"Regulação da Transmissão: Pleitos sobre Serviços de Transmissão";"26";"0402702";"Memória";"09/07/2026";"GAB - APOIO";"026_SEI_0402702_Memoria.pdf";"2737048";"ok"
"03 Isencao da parcela variavel por indisponibilidade";"48500.016398/2025-58";"Regulação da Transmissão: Pleitos sobre Serviços de Transmissão";"27";"0403937";"Memorando 57";"10/07/2026";"GAB III - FLMFS";"027_SEI_0403937_Memorando_57.html";"92263";"ok"
"03 Isencao da parcela variavel por indisponibilidade";"48500.016398/2025-58";"Regulação da Transmissão: Pleitos sobre Serviços de Transmissão";"28";"0411734";"Lista";"22/07/2026";"PROCURADORIA FEDERAL";"028_SEI_0411734_Lista.pdf";"2299398";"ok"
"03 Isencao da parcela variavel por indisponibilidade";"48500.016398/2025-58";"Regulação da Transmissão: Pleitos sobre Serviços de Transmissão";"29";"0419624";"Parecer Jurídico 190";"31/07/2026";"PROCURADORIA FEDERAL";"029_SEI_0419624_Parecer_Juridico_190.pdf";"2326175";"ok"
"03 Isencao da parcela variavel por indisponibilidade";"48500.016398/2025-58";"Regulação da Transmissão: Pleitos sobre Serviços de Transmissão";"31";"0425352";"Requerimento de Inclusão em Pauta";"12/08/2026";"GAB III - FLMFS";"031_SEI_0425352_Requerimento_de_Inclusao_em_Pauta.html";"87952";"ok"
"03 Isencao da parcela variavel por indisponibilidade";"48500.016398/2025-58";"Regulação da Transmissão: Pleitos sobre Serviços de Transmissão";"32";"0427247";"Voto";"12/08/2026";"GAB III - FLMFS";"032_SEI_0427247_Voto.html";"611129";"ok"
"03 Isencao da parcela variavel por indisponibilidade";"48500.016398/2025-58";"Regulação da Transmissão: Pleitos sobre Serviços de Transmissão";"33";"0427276";"Despacho 3104";"12/08/2026";"GAB III - FLMFS";"033_SEI_0427276_Despacho_3104.html";"116749";"ok"
"03 Isencao da parcela variavel por indisponibilidade";"48500.016398/2025-58";"Regulação da Transmissão: Pleitos sobre Serviços de Transmissão";"34";"0430722";"Recibo";"17/08/2026";"GAB III - FLMFS";"034_SEI_0430722_Recibo.pdf";"2459491";"ok"
"03 Isencao da parcela variavel por indisponibilidade";"48500.016398/2025-58";"Regulação da Transmissão: Pleitos sobre Serviços de Transmissão";"35";"0430758";"Extrato da Decisão da Diretoria";"18/08/2026";"SGE - PUBLICAÇÃO";"035_SEI_0430758_Extrato_da_Decisao_da_Diretoria.html";"91878";"ok"
"03 Isencao da parcela variavel por indisponibilidade";"48500.024249/2026-43";"Outorga de Transmissão: Demais Pleitos sobre Empreendimentos em Implantação";"1";"0432070";"Carta 1";"12/08/2026";"PROTOCOLO-GERAL";"001_SEI_0432070_Carta_1.pdf";"263940";"ok"
"03 Isencao da parcela variavel por indisponibilidade";"48500.024249/2026-43";"Outorga de Transmissão: Demais Pleitos sobre Empreendimentos em Implantação";"2";"0432071";"Documentação Societária";"18/08/2026";"PROTOCOLO-GERAL";"002_SEI_0432071_Documentacao_Societaria.zip";"10151871";"ok"
"03 Isencao da parcela variavel por indisponibilidade";"48500.024249/2026-43";"Outorga de Transmissão: Demais Pleitos sobre Empreendimentos em Implantação";"3";"0432072";"Parecer 63";"17/04/2026";"PROTOCOLO-GERAL";"003_SEI_0432072_Parecer_63.pdf";"1874107";"ok"
"03 Isencao da parcela variavel por indisponibilidade";"48500.024249/2026-43";"Outorga de Transmissão: Demais Pleitos sobre Empreendimentos em Implantação";"4";"0432073";"Contrato";"07/08/2026";"PROTOCOLO-GERAL";"004_SEI_0432073_Contrato.pdf";"349944";"ok"
"03 Isencao da parcela variavel por indisponibilidade";"48500.024249/2026-43";"Outorga de Transmissão: Demais Pleitos sobre Empreendimentos em Implantação";"5";"0450500";"Nota Técnica 1380";"08/09/2026";"SCE";"005_SEI_0450500_Nota_Tecnica_1380.html";"629328";"ok"
"03 Isencao da parcela variavel por indisponibilidade";"48500.024249/2026-43";"Outorga de Transmissão: Demais Pleitos sobre Empreendimentos em Implantação";"6";"0450624";"Despacho 3506";"08/09/2026";"SCE";"006_SEI_0450624_Despacho_3506.html";"134868";"ok"
"03 Isencao da parcela variavel por indisponibilidade";"48500.024249/2026-43";"Outorga de Transmissão: Demais Pleitos sobre Empreendimentos em Implantação";"7";"0455156";"Despacho";"10/09/2026";"SCE";"007_SEI_0455156_Despacho.pdf";"5265";"ok"
"03 Isencao da parcela variavel por indisponibilidade";"48500.024249/2026-43";"Outorga de Transmissão: Demais Pleitos sobre Empreendimentos em Implantação";"8";"0455281";"Termo de Arquivamento";"10/09/2026";"SCE";"008_SEI_0455281_Termo_de_Arquivamento.html";"86678";"ok"
"03 Isencao da parcela variavel por indisponibilidade";"48500.018191/2025-18";"Regulação da Transmissão: Pleitos sobre Serviços de Transmissão";"1";"0124786";"Carta 61";"29/05/2025";"PROTOCOLO-GERAL";"001_SEI_0124786_Carta_61.pdf";"2974680";"ok"
"03 Isencao da parcela variavel por indisponibilidade";"48500.018191/2025-18";"Regulação da Transmissão: Pleitos sobre Serviços de Transmissão";"2";"0124787";"Dossiê";"29/05/2025";"PROTOCOLO-GERAL";"002_SEI_0124787_Dossie.zip";"10365399";"ok"
"03 Isencao da parcela variavel por indisponibilidade";"48500.018191/2025-18";"Regulação da Transmissão: Pleitos sobre Serviços de Transmissão";"3";"0131215";"Despacho de Mero Expediente 12";"09/06/2025";"GDG";"";"";"restrito"
"03 Isencao da parcela variavel por indisponibilidade";"48500.018191/2025-18";"Regulação da Transmissão: Pleitos sobre Serviços de Transmissão";"4";"0134643";"Requerimento de Distribuição de Processo";"16/06/2025";"SGE - Sorteio";"004_SEI_0134643_Requerimento_de_Distribuicao_de_Processo.html";"70603";"ok"
"03 Isencao da parcela variavel por indisponibilidade";"48500.018191/2025-18";"Regulação da Transmissão: Pleitos sobre Serviços de Transmissão";"5";"0135419";"Despacho de Distribuição de Processo";"16/06/2025";"SGE - Sorteio";"005_SEI_0135419_Despacho_de_Distribuicao_de_Processo.html";"70489";"ok"
"03 Isencao da parcela variavel por indisponibilidade";"48500.018191/2025-18";"Regulação da Transmissão: Pleitos sobre Serviços de Transmissão";"6";"0139647";"Requerimento de Inclusão em Pauta";"25/06/2025";"DIR - AMAC";"006_SEI_0139647_Requerimento_de_Inclusao_em_Pauta.html";"70650";"ok"
"03 Isencao da parcela variavel por indisponibilidade";"48500.018191/2025-18";"Regulação da Transmissão: Pleitos sobre Serviços de Transmissão";"7";"0139999";"Voto";"25/06/2025";"DIR - AMAC";"007_SEI_0139999_Voto.html";"96544";"ok"
"03 Isencao da parcela variavel por indisponibilidade";"48500.018191/2025-18";"Regulação da Transmissão: Pleitos sobre Serviços de Transmissão";"8";"0140002";"Despacho 1928";"25/06/2025";"DIR - AMAC";"008_SEI_0140002_Despacho_1928.html";"71786";"ok"
"03 Isencao da parcela variavel por indisponibilidade";"48500.018191/2025-18";"Regulação da Transmissão: Pleitos sobre Serviços de Transmissão";"9";"0145915";"Confirmação";"30/06/2025";"DIR - AMAC";"009_SEI_0145915_Confirmacao.pdf";"1732247";"ok"
"03 Isencao da parcela variavel por indisponibilidade";"48500.018191/2025-18";"Regulação da Transmissão: Pleitos sobre Serviços de Transmissão";"10";"0143021";"Extrato da Decisão da Diretoria";"01/07/2025";"SGE - Publicação";"010_SEI_0143021_Extrato_da_Decisao_da_Diretoria.html";"72398";"ok"
"03 Isencao da parcela variavel por indisponibilidade";"48500.018191/2025-18";"Regulação da Transmissão: Pleitos sobre Serviços de Transmissão";"11";"0420393";"Nota Técnica 121";"03/08/2026";"STD";"011_SEI_0420393_Nota_Tecnica_121.html";"157796";"ok"
"03 Isencao da parcela variavel por indisponibilidade";"48500.018191/2025-18";"Regulação da Transmissão: Pleitos sobre Serviços de Transmissão";"12";"0420397";"Despacho 2908";"03/08/2026";"STD";"012_SEI_0420397_Despacho_2908.html";"88959";"ok"
"03 Isencao da parcela variavel por indisponibilidade";"48500.018191/2025-18";"Regulação da Transmissão: Pleitos sobre Serviços de Transmissão";"13";"0422645";"Publicação";"05/08/2026";"STD";"013_SEI_0422645_Publicacao.pdf";"14624";"ok"
"03 Isencao da parcela variavel por indisponibilidade";"48500.018191/2025-18";"Regulação da Transmissão: Pleitos sobre Serviços de Transmissão";"14";"0422850";"Recibo";"05/08/2026";"STD";"014_SEI_0422850_Recibo.pdf";"24353";"ok"
"03 Isencao da parcela variavel por indisponibilidade";"48500.014883/2025-97";"Regulação da Transmissão: Pleitos sobre Serviços de Transmissão";"1";"0102269";"Carta 37";"30/04/2025";"PROTOCOLO-GERAL";"001_SEI_0102269_Carta_37.pdf";"602697";"ok"
"03 Isencao da parcela variavel por indisponibilidade";"48500.014883/2025-97";"Regulação da Transmissão: Pleitos sobre Serviços de Transmissão";"2";"0102270";"Dossiê";"30/04/2025";"PROTOCOLO-GERAL";"002_SEI_0102270_Dossie.zip";"844077";"ok"
"03 Isencao da parcela variavel por indisponibilidade";"48500.014883/2025-97";"Regulação da Transmissão: Pleitos sobre Serviços de Transmissão";"3";"0420297";"Nota Técnica 120";"03/08/2026";"STD";"003_SEI_0420297_Nota_Tecnica_120.html";"164451";"ok"
"03 Isencao da parcela variavel por indisponibilidade";"48500.014883/2025-97";"Regulação da Transmissão: Pleitos sobre Serviços de Transmissão";"4";"0420302";"Despacho 2906";"03/08/2026";"STD";"004_SEI_0420302_Despacho_2906.html";"88608";"ok"
"03 Isencao da parcela variavel por indisponibilidade";"48500.014883/2025-97";"Regulação da Transmissão: Pleitos sobre Serviços de Transmissão";"5";"0422537";"Publicação";"05/08/2026";"STD";"005_SEI_0422537_Publicacao.pdf";"14516";"ok"
"03 Isencao da parcela variavel por indisponibilidade";"48500.014883/2025-97";"Regulação da Transmissão: Pleitos sobre Serviços de Transmissão";"6";"0422730";"Recibo";"05/08/2026";"STD";"006_SEI_0422730_Recibo.pdf";"2929397";"ok"
"03 Isencao da parcela variavel por indisponibilidade";"48500.022124/2026-89";"Regulação da Transmissão: Pleitos sobre Serviços de Transmissão";"1";"0417922";"Carta 1";"29/07/2026";"PROTOCOLO-GERAL";"001_SEI_0417922_Carta_1.pdf";"321457";"ok"
"03 Isencao da parcela variavel por indisponibilidade";"48500.022124/2026-89";"Regulação da Transmissão: Pleitos sobre Serviços de Transmissão";"2";"0417923";"Carta 3";"29/07/2026";"PROTOCOLO-GERAL";"002_SEI_0417923_Carta_3.pdf";"869407";"ok"
"03 Isencao da parcela variavel por indisponibilidade";"48500.008205/2025-95";"Regulação da Transmissão: Pleitos sobre Serviços de Transmissão";"1";"0061420";"Carta RTR NEOENERGIA N° 6/2024";"06/03/2025";"STD";"001_SEI_0061420_Carta_RTR_NEOENERGIA_N_6_2024.pdf";"967598";"ok"
"03 Isencao da parcela variavel por indisponibilidade";"48500.008205/2025-95";"Regulação da Transmissão: Pleitos sobre Serviços de Transmissão";"2";"0061421";"Anexo I - da Carta RTR NEOENERGIA N° 6/2024";"06/03/2025";"STD";"002_SEI_0061421_Anexo_I_da_Carta_RTR_NEOENERGIA_N_6_2024.pdf";"3517117";"ok"
"03 Isencao da parcela variavel por indisponibilidade";"48500.008205/2025-95";"Regulação da Transmissão: Pleitos sobre Serviços de Transmissão";"3";"0227330";"Nota Técnica 132";"29/10/2025";"STD";"003_SEI_0227330_Nota_Tecnica_132.html";"132847";"ok"
"03 Isencao da parcela variavel por indisponibilidade";"48500.008205/2025-95";"Regulação da Transmissão: Pleitos sobre Serviços de Transmissão";"4";"0227343";"Despacho 3223";"29/10/2025";"STD";"004_SEI_0227343_Despacho_3223.html";"71746";"ok"
"03 Isencao da parcela variavel por indisponibilidade";"48500.008205/2025-95";"Regulação da Transmissão: Pleitos sobre Serviços de Transmissão";"5";"0230309";"Publicação";"31/10/2025";"STD";"005_SEI_0230309_Publicacao.pdf";"69736";"ok"
"03 Isencao da parcela variavel por indisponibilidade";"48500.008205/2025-95";"Regulação da Transmissão: Pleitos sobre Serviços de Transmissão";"6";"0231257";"Recibo";"03/11/2025";"STD";"006_SEI_0231257_Recibo.pdf";"2352725";"ok"
"03 Isencao da parcela variavel por indisponibilidade";"48500.008205/2025-95";"Regulação da Transmissão: Pleitos sobre Serviços de Transmissão";"8";"0410497";"Nota Técnica 113";"21/07/2026";"STD";"008_SEI_0410497_Nota_Tecnica_113.html";"154712";"ok"
"03 Isencao da parcela variavel por indisponibilidade";"48500.008205/2025-95";"Regulação da Transmissão: Pleitos sobre Serviços de Transmissão";"9";"0414022";"Requerimento de Distribuição de Processo";"23/07/2026";"STD";"009_SEI_0414022_Requerimento_de_Distribuicao_de_Processo.html";"89183";"ok"
"03 Isencao da parcela variavel por indisponibilidade";"48500.008205/2025-95";"Regulação da Transmissão: Pleitos sobre Serviços de Transmissão";"10";"0415608";"Despacho de Distribuição de Processo";"27/07/2026";"SGE -SORTEIO";"010_SEI_0415608_Despacho_de_Distribuicao_de_Processo.html";"87912";"ok"
"03 Isencao da parcela variavel por indisponibilidade";"48500.021679/2026-11";"Regulação da Transmissão: Pleitos sobre Serviços de Transmissão";"1";"0415226";"Carta 344";"23/07/2026";"PROTOCOLO-GERAL";"001_SEI_0415226_Carta_344.pdf";"1208143";"ok"
"03 Isencao da parcela variavel por indisponibilidade";"48500.021584/2026-90";"Regulação da Transmissão: Pleitos sobre Serviços de Transmissão";"1";"0414754";"Carta 6";"23/07/2026";"PROTOCOLO-GERAL";"001_SEI_0414754_Carta_6.pdf";"625245";"ok"
"03 Isencao da parcela variavel por indisponibilidade";"48500.021575/2026-07";"Programa de Pesquisa, Desenvolvimento e Inovação: Normatização";"1";"0414720";"Carta 1380";"21/07/2026";"PROTOCOLO-GERAL";"001_SEI_0414720_Carta_1380.pdf";"609826";"ok"
"03 Isencao da parcela variavel por indisponibilidade";"48500.021575/2026-07";"Programa de Pesquisa, Desenvolvimento e Inovação: Normatização";"2";"0414721";"Relatório";"23/07/2026";"PROTOCOLO-GERAL";"002_SEI_0414721_Relatorio.pdf";"972955";"ok"
"03 Isencao da parcela variavel por indisponibilidade";"48500.021009/2026-97";"Regulação da Transmissão: Pleitos sobre Serviços de Transmissão";"1";"0409394";"Carta 52";"17/07/2026";"PROTOCOLO-GERAL";"001_SEI_0409394_Carta_52.pdf";"511287";"ok"
"03 Isencao da parcela variavel por indisponibilidade";"48500.021009/2026-97";"Regulação da Transmissão: Pleitos sobre Serviços de Transmissão";"2";"0409395";"Documentação Societária";"05/05/2025";"PROTOCOLO-GERAL";"";"";"restrito"
"03 Isencao da parcela variavel por indisponibilidade";"48500.021009/2026-97";"Regulação da Transmissão: Pleitos sobre Serviços de Transmissão";"3";"0409396";"Procuração";"31/07/2025";"PROTOCOLO-GERAL";"";"";"restrito"
"03 Isencao da parcela variavel por indisponibilidade";"48500.021009/2026-97";"Regulação da Transmissão: Pleitos sobre Serviços de Transmissão";"4";"0409397";"Documentação Societária";"07/05/2025";"PROTOCOLO-GERAL";"";"";"restrito"
"03 Isencao da parcela variavel por indisponibilidade";"48500.007072/2025-30";"Regulação da Transmissão: Pleitos sobre Serviços de Transmissão";"1";"0052812";"Carta 275";"21/02/2025";"PROTOCOLO-GERAL";"001_SEI_0052812_Carta_275.pdf";"620708";"ok"
"03 Isencao da parcela variavel por indisponibilidade";"48500.007072/2025-30";"Regulação da Transmissão: Pleitos sobre Serviços de Transmissão";"2";"0052813";"Informação";"21/02/2025";"PROTOCOLO-GERAL";"002_SEI_0052813_Informacao.png";"78480";"ok"
"03 Isencao da parcela variavel por indisponibilidade";"48500.007072/2025-30";"Regulação da Transmissão: Pleitos sobre Serviços de Transmissão";"3";"0052814";"Informação";"21/02/2025";"PROTOCOLO-GERAL";"003_SEI_0052814_Informacao.png";"229713";"ok"
"03 Isencao da parcela variavel por indisponibilidade";"48500.007072/2025-30";"Regulação da Transmissão: Pleitos sobre Serviços de Transmissão";"4";"0337564";"Ofício 157";"24/04/2026";"STD";"004_SEI_0337564_Oficio_157.html";"93052";"ok"
"03 Isencao da parcela variavel por indisponibilidade";"48500.007072/2025-30";"Regulação da Transmissão: Pleitos sobre Serviços de Transmissão";"5";"0337578";"Anexo";"24/04/2026";"STD";"005_SEI_0337578_Anexo.pdf";"635700";"ok"
"03 Isencao da parcela variavel por indisponibilidade";"48500.007072/2025-30";"Regulação da Transmissão: Pleitos sobre Serviços de Transmissão";"6";"0354756";"Recibo";"13/05/2026";"STD";"006_SEI_0354756_Recibo.pdf";"114068";"ok"
"03 Isencao da parcela variavel por indisponibilidade";"48500.007072/2025-30";"Regulação da Transmissão: Pleitos sobre Serviços de Transmissão";"8";"0378777";"Registro de Reunião 18";"11/06/2026";"STD";"008_SEI_0378777_Registro_de_Reuniao_18.html";"95633";"ok"
"03 Isencao da parcela variavel por indisponibilidade";"48500.007072/2025-30";"Regulação da Transmissão: Pleitos sobre Serviços de Transmissão";"9";"0404058";"Nota Técnica 112";"10/07/2026";"STD";"009_SEI_0404058_Nota_Tecnica_112.html";"169697";"ok"
"03 Isencao da parcela variavel por indisponibilidade";"48500.007072/2025-30";"Regulação da Transmissão: Pleitos sobre Serviços de Transmissão";"10";"0404067";"Despacho 2519";"13/07/2026";"STD";"010_SEI_0404067_Despacho_2519.html";"88583";"ok"
"03 Isencao da parcela variavel por indisponibilidade";"48500.007072/2025-30";"Regulação da Transmissão: Pleitos sobre Serviços de Transmissão";"11";"0406792";"Publicação";"15/07/2026";"STD";"011_SEI_0406792_Publicacao.pdf";"14266";"ok"
"03 Isencao da parcela variavel por indisponibilidade";"48500.007072/2025-30";"Regulação da Transmissão: Pleitos sobre Serviços de Transmissão";"12";"0407429";"Recibo";"15/07/2026";"STD";"012_SEI_0407429_Recibo.pdf";"1344590";"ok"
"03 Isencao da parcela variavel por indisponibilidade";"48500.011253/2025-61";"Regulação da Transmissão: Pleitos sobre Serviços de Transmissão";"1";"0078223";"Carta 1";"01/04/2025";"PROTOCOLO-GERAL";"001_SEI_0078223_Carta_1.pdf";"659922";"ok"
"03 Isencao da parcela variavel por indisponibilidade";"48500.011253/2025-61";"Regulação da Transmissão: Pleitos sobre Serviços de Transmissão";"2";"0078224";"Dossiê";"01/04/2025";"PROTOCOLO-GERAL";"002_SEI_0078224_Dossie.zip";"632631";"ok"
"03 Isencao da parcela variavel por indisponibilidade";"48500.011253/2025-61";"Regulação da Transmissão: Pleitos sobre Serviços de Transmissão";"3";"0343029";"Registro de Reunião 8";"21/05/2026";"STD";"003_SEI_0343029_Registro_de_Reuniao_8.html";"96899";"ok"
"03 Isencao da parcela variavel por indisponibilidade";"48500.011253/2025-61";"Regulação da Transmissão: Pleitos sobre Serviços de Transmissão";"4";"0403924";"Nota Técnica 111";"10/07/2026";"STD";"004_SEI_0403924_Nota_Tecnica_111.html";"157049";"ok"
"03 Isencao da parcela variavel por indisponibilidade";"48500.011253/2025-61";"Regulação da Transmissão: Pleitos sobre Serviços de Transmissão";"5";"0403935";"Despacho 2514";"10/07/2026";"STD";"005_SEI_0403935_Despacho_2514.html";"88577";"ok"
"03 Isencao da parcela variavel por indisponibilidade";"48500.011253/2025-61";"Regulação da Transmissão: Pleitos sobre Serviços de Transmissão";"6";"0405872";"Publicação";"14/07/2026";"STD";"006_SEI_0405872_Publicacao.pdf";"13970";"ok"
"03 Isencao da parcela variavel por indisponibilidade";"48500.011253/2025-61";"Regulação da Transmissão: Pleitos sobre Serviços de Transmissão";"7";"0406295";"Recibo";"14/07/2026";"STD";"007_SEI_0406295_Recibo.pdf";"2492640";"ok"
"03 Isencao da parcela variavel por indisponibilidade";"48500.020392/2026-66";"Regulação da Transmissão: Pleitos sobre Serviços de Transmissão";"1";"0405305";"Carta 16";"13/07/2026";"PROTOCOLO-GERAL";"001_SEI_0405305_Carta_16.pdf";"496038";"ok"
"03 Isencao da parcela variavel por indisponibilidade";"48500.020392/2026-66";"Regulação da Transmissão: Pleitos sobre Serviços de Transmissão";"2";"0405306";"Carta 47";"13/04/2025";"PROTOCOLO-GERAL";"002_SEI_0405306_Carta_47.pdf";"2477926";"ok"
"03 Isencao da parcela variavel por indisponibilidade";"48500.020392/2026-66";"Regulação da Transmissão: Pleitos sobre Serviços de Transmissão";"3";"0405307";"Dossiê";"13/07/2026";"PROTOCOLO-GERAL";"003_SEI_0405307_Dossie.pdf";"182572";"ok"
"03 Isencao da parcela variavel por indisponibilidade";"48500.020392/2026-66";"Regulação da Transmissão: Pleitos sobre Serviços de Transmissão";"4";"0405308";"Relatório";"13/07/2026";"PROTOCOLO-GERAL";"004_SEI_0405308_Relatorio.pdf";"17289265";"ok"
"03 Isencao da parcela variavel por indisponibilidade";"48500.020392/2026-66";"Regulação da Transmissão: Pleitos sobre Serviços de Transmissão";"5";"0405309";"Relatório";"02/03/2025";"PROTOCOLO-GERAL";"005_SEI_0405309_Relatorio.pdf";"6123969";"ok"
"03 Isencao da parcela variavel por indisponibilidade";"48500.013689/2025-94";"Fiscalização da Transmissão: Monitoramento";"1";"0094347";"Carta 47";"17/04/2025";"PROTOCOLO-GERAL";"001_SEI_0094347_Carta_47.pdf";"2477926";"ok"
"03 Isencao da parcela variavel por indisponibilidade";"48500.013689/2025-94";"Fiscalização da Transmissão: Monitoramento";"2";"0094348";"Dossiê";"17/04/2025";"PROTOCOLO-GERAL";"";"";"restrito"
"03 Isencao da parcela variavel por indisponibilidade";"48500.013689/2025-94";"Fiscalização da Transmissão: Monitoramento";"3";"0395235";"Nota Técnica 105";"30/06/2026";"STD";"003_SEI_0395235_Nota_Tecnica_105.html";"200656";"ok"
"03 Isencao da parcela variavel por indisponibilidade";"48500.013689/2025-94";"Fiscalização da Transmissão: Monitoramento";"4";"0395240";"Despacho 2372";"30/06/2026";"STD";"004_SEI_0395240_Despacho_2372.html";"88717";"ok"
"03 Isencao da parcela variavel por indisponibilidade";"48500.013689/2025-94";"Fiscalização da Transmissão: Monitoramento";"5";"0400661";"Publicação";"02/07/2026";"STD";"005_SEI_0400661_Publicacao.pdf";"14618";"ok"
"03 Isencao da parcela variavel por indisponibilidade";"48500.013689/2025-94";"Fiscalização da Transmissão: Monitoramento";"6";"0400769";"Recibo";"07/07/2026";"STD";"006_SEI_0400769_Recibo.pdf";"1269710";"ok"
"03 Isencao da parcela variavel por indisponibilidade";"48500.020021/2026-84";"Regulação da Transmissão: Pleitos sobre Serviços de Transmissão";"1";"0402800";"Carta";"30/06/2026";"STD";"001_SEI_0402800_Carta.pdf";"1872766";"ok"
"03 Isencao da parcela variavel por indisponibilidade";"48500.020021/2026-84";"Regulação da Transmissão: Pleitos sobre Serviços de Transmissão";"2";"0402830";"Anexo I";"30/06/2026";"STD";"002_SEI_0402830_Anexo_I.pdf";"2551349";"ok"
"03 Isencao da parcela variavel por indisponibilidade";"48500.020021/2026-84";"Regulação da Transmissão: Pleitos sobre Serviços de Transmissão";"3";"0402839";"Anexo II";"30/06/2026";"STD";"003_SEI_0402839_Anexo_II.pdf";"919292";"ok"
"03 Isencao da parcela variavel por indisponibilidade";"48500.020021/2026-84";"Regulação da Transmissão: Pleitos sobre Serviços de Transmissão";"4";"0402845";"Anexo III";"30/06/2026";"STD";"004_SEI_0402845_Anexo_III.pdf";"948312";"ok"
"03 Isencao da parcela variavel por indisponibilidade";"48500.020021/2026-84";"Regulação da Transmissão: Pleitos sobre Serviços de Transmissão";"5";"0402851";"Anexo IV";"30/06/2026";"STD";"005_SEI_0402851_Anexo_IV.pdf";"276007";"ok"
"03 Isencao da parcela variavel por indisponibilidade";"48500.020021/2026-84";"Regulação da Transmissão: Pleitos sobre Serviços de Transmissão";"6";"0402855";"Anexo V";"30/06/2026";"STD";"006_SEI_0402855_Anexo_V.pdf";"284115";"ok"
"03 Isencao da parcela variavel por indisponibilidade";"48500.020021/2026-84";"Regulação da Transmissão: Pleitos sobre Serviços de Transmissão";"7";"0403700";"Anexo VI";"30/06/2026";"STD";"007_SEI_0403700_Anexo_VI.pdf";"516241";"ok"
"03 Isencao da parcela variavel por indisponibilidade";"48500.020021/2026-84";"Regulação da Transmissão: Pleitos sobre Serviços de Transmissão";"8";"0403710";"Anexo VII";"30/06/2026";"STD";"008_SEI_0403710_Anexo_VII.pdf";"480458";"ok"
"03 Isencao da parcela variavel por indisponibilidade";"48500.020021/2026-84";"Regulação da Transmissão: Pleitos sobre Serviços de Transmissão";"9";"0403713";"Anexo VIII";"30/06/2026";"STD";"009_SEI_0403713_Anexo_VIII.zip";"114973";"ok"
"03 Isencao da parcela variavel por indisponibilidade";"48500.020021/2026-84";"Regulação da Transmissão: Pleitos sobre Serviços de Transmissão";"10";"0403718";"Anexo IX";"30/06/2026";"STD";"010_SEI_0403718_Anexo_IX.zip";"220313";"ok"
"03 Isencao da parcela variavel por indisponibilidade";"48500.020021/2026-84";"Regulação da Transmissão: Pleitos sobre Serviços de Transmissão";"11";"0403732";"Anexo X";"30/06/2026";"STD";"011_SEI_0403732_Anexo_X.pdf";"126420695";"ok"
"03 Isencao da parcela variavel por indisponibilidade";"48500.000846/2026-82";"Regulação da Transmissão: Pleitos sobre Serviços de Transmissão";"1";"0273910";"E-mail";"14/01/2026";"SGE -SORTEIO";"001_SEI_0273910_E_mail.pdf";"255750";"ok"
"03 Isencao da parcela variavel por indisponibilidade";"48500.000846/2026-82";"Regulação da Transmissão: Pleitos sobre Serviços de Transmissão";"2";"0273794";"Requerimento de Distribuição de Processo";"14/01/2026";"STD";"002_SEI_0273794_Requerimento_de_Distribuicao_de_Processo.html";"73177";"ok"
"03 Isencao da parcela variavel por indisponibilidade";"48500.000846/2026-82";"Regulação da Transmissão: Pleitos sobre Serviços de Transmissão";"3";"0275596";"Despacho de Distribuição de Processo";"19/01/2026";"SGE -SORTEIO";"003_SEI_0275596_Despacho_de_Distribuicao_de_Processo.html";"71016";"ok"
"03 Isencao da parcela variavel por indisponibilidade";"48500.000846/2026-82";"Regulação da Transmissão: Pleitos sobre Serviços de Transmissão";"4";"0278636";"Memorando 4";"23/01/2026";"DIR - FLMFS";"004_SEI_0278636_Memorando_4.html";"85890";"ok"
"03 Isencao da parcela variavel por indisponibilidade";"48500.000846/2026-82";"Regulação da Transmissão: Pleitos sobre Serviços de Transmissão";"5";"0318795";"Parecer Jurídico 47";"26/03/2026";"PROCURADORIA FEDERAL";"005_SEI_0318795_Parecer_Juridico_47.pdf";"101607";"ok"
"03 Isencao da parcela variavel por indisponibilidade";"48500.000846/2026-82";"Regulação da Transmissão: Pleitos sobre Serviços de Transmissão";"7";"0388787";"Nota Técnica 97";"22/06/2026";"STD";"007_SEI_0388787_Nota_Tecnica_97.html";"364450";"ok"
"03 Isencao da parcela variavel por indisponibilidade";"48500.000846/2026-82";"Regulação da Transmissão: Pleitos sobre Serviços de Transmissão";"8";"0388797";"Anexo I";"22/06/2026";"STD";"008_SEI_0388797_Anexo_I.pdf";"4234399";"ok"
"03 Isencao da parcela variavel por indisponibilidade";"48500.000846/2026-82";"Regulação da Transmissão: Pleitos sobre Serviços de Transmissão";"9";"0388830";"Anexo II";"22/06/2026";"STD";"009_SEI_0388830_Anexo_II.pdf";"20930638";"ok"
"03 Isencao da parcela variavel por indisponibilidade";"48500.000846/2026-82";"Regulação da Transmissão: Pleitos sobre Serviços de Transmissão";"10";"0416228";"Requerimento de Inclusão em Pauta";"29/07/2026";"GAB III - FLMFS";"010_SEI_0416228_Requerimento_de_Inclusao_em_Pauta.html";"87560";"ok"
"03 Isencao da parcela variavel por indisponibilidade";"48500.000846/2026-82";"Regulação da Transmissão: Pleitos sobre Serviços de Transmissão";"11";"0416839";"Voto";"29/07/2026";"GAB III - FLMFS";"011_SEI_0416839_Voto.html";"227558";"ok"
"03 Isencao da parcela variavel por indisponibilidade";"48500.000846/2026-82";"Regulação da Transmissão: Pleitos sobre Serviços de Transmissão";"12";"0417572";"Extrato da Decisão da Diretoria";"29/07/2026";"SGE - PUBLICAÇÃO";"012_SEI_0417572_Extrato_da_Decisao_da_Diretoria.html";"90384";"ok"
"03 Isencao da parcela variavel por indisponibilidade";"48500.021143/2025-15";"Gestão Tarifária: Transmissão - Reajuste Anual da Receita Anual Permitida - RAP";"14";"0224591";"Memorando 137";"23/10/2025";"STR";"014_SEI_0224591_Memorando_137.html";"72498";"ok"
"03 Isencao da parcela variavel por indisponibilidade";"48500.021143/2025-15";"Gestão Tarifária: Transmissão - Reajuste Anual da Receita Anual Permitida - RAP";"17";"0259061";"Carta";"15/12/2025";"STR";"017_SEI_0259061_Carta.pdf";"1333994";"ok"
"03 Isencao da parcela variavel por indisponibilidade";"48500.021143/2025-15";"Gestão Tarifária: Transmissão - Reajuste Anual da Receita Anual Permitida - RAP";"129";"0397109";"Nota Técnica 116";"02/07/2026";"STR";"129_SEI_0397109_Nota_Tecnica_116.html";"152969";"ok"
"03 Isencao da parcela variavel por indisponibilidade";"48500.021143/2025-15";"Gestão Tarifária: Transmissão - Reajuste Anual da Receita Anual Permitida - RAP";"130";"0397215";"Despacho 2407";"02/07/2026";"STR";"130_SEI_0397215_Despacho_2407.html";"123255";"ok"
"03 Isencao da parcela variavel por indisponibilidade";"48500.021143/2025-15";"Gestão Tarifária: Transmissão - Reajuste Anual da Receita Anual Permitida - RAP";"148";"0405187";"Nota Técnica 123";"13/07/2026";"STR";"148_SEI_0405187_Nota_Tecnica_123.html";"124135";"ok"
"03 Isencao da parcela variavel por indisponibilidade";"48500.021143/2025-15";"Gestão Tarifária: Transmissão - Reajuste Anual da Receita Anual Permitida - RAP";"149";"0405410";"Despacho 2533";"13/07/2026";"STR";"149_SEI_0405410_Despacho_2533.html";"118099";"ok"
"03 Isencao da parcela variavel por indisponibilidade";"48500.021143/2025-15";"Gestão Tarifária: Transmissão - Reajuste Anual da Receita Anual Permitida - RAP";"150";"0405704";"Ofício 255";"14/07/2026";"STR";"150_SEI_0405704_Oficio_255.html";"91541";"ok"
"03 Isencao da parcela variavel por indisponibilidade";"48500.021143/2025-15";"Gestão Tarifária: Transmissão - Reajuste Anual da Receita Anual Permitida - RAP";"151";"0406129";"Recibo";"14/07/2026";"STR";"151_SEI_0406129_Recibo.pdf";"27063";"ok"
"03 Isencao da parcela variavel por indisponibilidade";"48500.021143/2025-15";"Gestão Tarifária: Transmissão - Reajuste Anual da Receita Anual Permitida - RAP";"153";"0416714";"Nota Técnica 133";"28/07/2026";"STR";"153_SEI_0416714_Nota_Tecnica_133.html";"390712";"ok"
"03 Isencao da parcela variavel por indisponibilidade";"48500.021143/2025-15";"Gestão Tarifária: Transmissão - Reajuste Anual da Receita Anual Permitida - RAP";"154";"0416727";"Despacho 2785";"28/07/2026";"STR";"154_SEI_0416727_Despacho_2785.html";"118068";"ok"
"03 Isencao da parcela variavel por indisponibilidade";"48500.021143/2025-15";"Gestão Tarifária: Transmissão - Reajuste Anual da Receita Anual Permitida - RAP";"155";"0416907";"Ofício 286";"28/07/2026";"STR";"155_SEI_0416907_Oficio_286.html";"91357";"ok"
"03 Isencao da parcela variavel por indisponibilidade";"48500.021143/2025-15";"Gestão Tarifária: Transmissão - Reajuste Anual da Receita Anual Permitida - RAP";"156";"0419213";"Recibo";"31/07/2026";"STR";"156_SEI_0419213_Recibo.pdf";"20242";"ok"
"03 Isencao da parcela variavel por indisponibilidade";"48500.021143/2025-15";"Gestão Tarifária: Transmissão - Reajuste Anual da Receita Anual Permitida - RAP";"159";"0421396";"Memorando 153";"04/08/2026";"STR";"159_SEI_0421396_Memorando_153.html";"90423";"ok"
"03 Isencao da parcela variavel por indisponibilidade";"48500.021143/2025-15";"Gestão Tarifária: Transmissão - Reajuste Anual da Receita Anual Permitida - RAP";"160";"0421954";"E-mail";"04/08/2026";"STR";"160_SEI_0421954_E_mail.zip";"69822";"ok"
"03 Isencao da parcela variavel por indisponibilidade";"48500.021143/2025-15";"Gestão Tarifária: Transmissão - Reajuste Anual da Receita Anual Permitida - RAP";"161";"0421956";"E-mail";"04/08/2026";"STR";"161_SEI_0421956_E_mail.zip";"562023";"ok"
"03 Isencao da parcela variavel por indisponibilidade";"48500.021143/2025-15";"Gestão Tarifária: Transmissão - Reajuste Anual da Receita Anual Permitida - RAP";"162";"0435508";"Nota Técnica 150";"20/08/2026";"STR";"162_SEI_0435508_Nota_Tecnica_150.html";"261437";"ok"
"03 Isencao da parcela variavel por indisponibilidade";"48500.021143/2025-15";"Gestão Tarifária: Transmissão - Reajuste Anual da Receita Anual Permitida - RAP";"163";"0435608";"Despacho 3241";"20/08/2026";"STR";"163_SEI_0435608_Despacho_3241.html";"150317";"ok"
"03 Isencao da parcela variavel por indisponibilidade";"48500.021143/2025-15";"Gestão Tarifária: Transmissão - Reajuste Anual da Receita Anual Permitida - RAP";"164";"0437762";"Anexo";"20/08/2026";"STR";"164_SEI_0437762_Anexo.zip";"41563159";"ok"
"03 Isencao da parcela variavel por indisponibilidade";"48500.021143/2025-15";"Gestão Tarifária: Transmissão - Reajuste Anual da Receita Anual Permitida - RAP";"165";"0438656";"Requerimento de Distribuição de Processo";"24/08/2026";"STR";"165_SEI_0438656_Requerimento_de_Distribuicao_de_Processo.html";"87740";"ok"
"03 Isencao da parcela variavel por indisponibilidade";"48500.021143/2025-15";"Gestão Tarifária: Transmissão - Reajuste Anual da Receita Anual Permitida - RAP";"166";"0446471";"Despacho de Distribuição de Processo";"31/08/2026";"SGE -SORTEIO";"166_SEI_0446471_Despacho_de_Distribuicao_de_Processo.html";"88930";"ok"
"03 Isencao da parcela variavel por indisponibilidade";"48500.021143/2025-15";"Gestão Tarifária: Transmissão - Reajuste Anual da Receita Anual Permitida - RAP";"167";"0456925";"Ofício";"24/08/2026";"STR";"167_SEI_0456925_Oficio.pdf";"76267";"ok"
"03 Isencao da parcela variavel por indisponibilidade";"48500.021143/2025-15";"Gestão Tarifária: Transmissão - Reajuste Anual da Receita Anual Permitida - RAP";"168";"0456926";"Recibo";"24/08/2026";"STR";"168_SEI_0456926_Recibo.pdf";"20906";"ok"
"03 Isencao da parcela variavel por indisponibilidade";"48500.004996/2026-65";"Leilão de Transmissão: Concessões";"1";"0311326";"Portaria 110";"02/06/2025";"SEL";"001_SEI_0311326_Portaria_110.pdf";"345195";"ok"
"03 Isencao da parcela variavel por indisponibilidade";"48500.004996/2026-65";"Leilão de Transmissão: Concessões";"2";"0311990";"Requerimento de Distribuição de Processo";"16/03/2026";"SEL";"002_SEI_0311990_Requerimento_de_Distribuicao_de_Processo.html";"87220";"ok"
"03 Isencao da parcela variavel por indisponibilidade";"48500.004996/2026-65";"Leilão de Transmissão: Concessões";"3";"0316054";"Despacho de Distribuição de Processo";"23/03/2026";"SGE -SORTEIO";"003_SEI_0316054_Despacho_de_Distribuicao_de_Processo.html";"86963";"ok"
"03 Isencao da parcela variavel por indisponibilidade";"48500.004996/2026-65";"Leilão de Transmissão: Concessões";"4";"0323918";"Nota Técnica Conjunta 12";"01/04/2026";"SCE";"004_SEI_0323918_Nota_Tecnica_Conjunta_12.html";"317308";"ok"
"03 Isencao da parcela variavel por indisponibilidade";"48500.004996/2026-65";"Leilão de Transmissão: Concessões";"5";"0325979";"Requerimento de Inclusão em Pauta";"08/04/2026";"DIR - GNSJ";"005_SEI_0325979_Requerimento_de_Inclusao_em_Pauta.html";"87258";"ok"
"03 Isencao da parcela variavel por indisponibilidade";"48500.004996/2026-65";"Leilão de Transmissão: Concessões";"6";"0326613";"Voto";"08/04/2026";"DIR - GNSJ";"006_SEI_0326613_Voto.html";"181265";"ok"
"03 Isencao da parcela variavel por indisponibilidade";"48500.004996/2026-65";"Leilão de Transmissão: Concessões";"7";"0326643";"Aviso de Consulta Pública 6";"07/04/2026";"SMA";"007_SEI_0326643_Aviso_de_Consulta_Publica_6.html";"119375";"ok"
"03 Isencao da parcela variavel por indisponibilidade";"48500.004996/2026-65";"Leilão de Transmissão: Concessões";"8";"0329147";"Extrato da Decisão da Diretoria";"10/04/2026";"SGE - PUBLICAÇÃO";"008_SEI_0329147_Extrato_da_Decisao_da_Diretoria.html";"89129";"ok"
"03 Isencao da parcela variavel por indisponibilidade";"48500.004996/2026-65";"Leilão de Transmissão: Concessões";"9";"0331900";"Ofício 15";"15/04/2026";"DIR - GNSJ";"009_SEI_0331900_Oficio_15.html";"97884";"ok"
"03 Isencao da parcela variavel por indisponibilidade";"48500.004996/2026-65";"Leilão de Transmissão: Concessões";"10";"0333163";"Confirmação do Recebimento de Notificação";"15/04/2026";"ASD - APOIO";"010_SEI_0333163_Confirmacao_do_Recebimento_de_Notificacao.pdf";"2451415";"ok"
"03 Isencao da parcela variavel por indisponibilidade";"48500.004996/2026-65";"Leilão de Transmissão: Concessões";"11";"0334178";"Minuta";"01/04/2026";"SEL";"011_SEI_0334178_Minuta.pdf";"24424994";"ok"
"03 Isencao da parcela variavel por indisponibilidade";"48500.004996/2026-65";"Leilão de Transmissão: Concessões";"12";"0344308";"Ofício 18";"04/05/2026";"SEL";"012_SEI_0344308_Oficio_18.html";"150924";"ok"
"03 Isencao da parcela variavel por indisponibilidade";"48500.004996/2026-65";"Leilão de Transmissão: Concessões";"13";"0346154";"Protocolo";"05/05/2026";"SEL";"013_SEI_0346154_Protocolo.pdf";"68608";"ok"
"03 Isencao da parcela variavel por indisponibilidade";"48500.004996/2026-65";"Leilão de Transmissão: Concessões";"14";"0365453";"Anexo CUST_Ass_Distribuidoras_L_04-2026_Infor_ONS_20-05";"25/05/2026";"SCE";"014_SEI_0365453_Anexo_CUST_Ass_Distribuidoras_L_04_2026_Infor_ONS_.pdf";"988394";"ok"
"03 Isencao da parcela variavel por indisponibilidade";"48500.004996/2026-65";"Leilão de Transmissão: Concessões";"16";"0380317";"Ofício";"21/05/2026";"SCE";"016_SEI_0380317_Oficio.pdf";"467671";"ok"
"03 Isencao da parcela variavel por indisponibilidade";"48500.004996/2026-65";"Leilão de Transmissão: Concessões";"17";"0380727";"Relação";"12/06/2026";"SMA";"017_SEI_0380727_Relacao.pdf";"100330";"ok"
"03 Isencao da parcela variavel por indisponibilidade";"48500.004996/2026-65";"Leilão de Transmissão: Concessões";"18";"0380738";"Anexo";"12/06/2026";"SMA";"018_SEI_0380738_Anexo.zip";"14742628";"ok"
"03 Isencao da parcela variavel por indisponibilidade";"48500.004996/2026-65";"Leilão de Transmissão: Concessões";"19";"0385804";"Nota Técnica 843";"18/06/2026";"SCE";"019_SEI_0385804_Nota_Tecnica_843.html";"373290";"ok"
"03 Isencao da parcela variavel por indisponibilidade";"48500.004996/2026-65";"Leilão de Transmissão: Concessões";"20";"0386261";"Nota Técnica Conjunta 8";"18/06/2026";"SEL";"020_SEI_0386261_Nota_Tecnica_Conjunta_8.html";"268652";"ok"
"03 Isencao da parcela variavel por indisponibilidade";"48500.004996/2026-65";"Leilão de Transmissão: Concessões";"21";"0386350";"Relatório";"18/06/2026";"SEL";"021_SEI_0386350_Relatorio.pdf";"2746995";"ok"
"03 Isencao da parcela variavel por indisponibilidade";"48500.004996/2026-65";"Leilão de Transmissão: Concessões";"22";"0386351";"Relatório";"18/06/2026";"SEL";"022_SEI_0386351_Relatorio.pdf";"1644731";"ok"
"03 Isencao da parcela variavel por indisponibilidade";"48500.004996/2026-65";"Leilão de Transmissão: Concessões";"23";"0386764";"Memorando 35";"18/06/2026";"SEL";"023_SEI_0386764_Memorando_35.html";"91557";"ok"
"03 Isencao da parcela variavel por indisponibilidade";"48500.004996/2026-65";"Leilão de Transmissão: Concessões";"24";"0387738";"Parecer Jurídico 151";"19/06/2026";"PROCURADORIA FEDERAL";"024_SEI_0387738_Parecer_Juridico_151.pdf";"238653";"ok"
"03 Isencao da parcela variavel por indisponibilidade";"48500.004996/2026-65";"Leilão de Transmissão: Concessões";"25";"0387975";"Requerimento de Inclusão em Pauta";"23/06/2026";"DIR - GNSJ";"025_SEI_0387975_Requerimento_de_Inclusao_em_Pauta.html";"87920";"ok"
"03 Isencao da parcela variavel por indisponibilidade";"48500.004996/2026-65";"Leilão de Transmissão: Concessões";"26";"0388369";"Voto";"23/06/2026";"DIR - GNSJ";"026_SEI_0388369_Voto.html";"177941";"ok"
"03 Isencao da parcela variavel por indisponibilidade";"48500.004996/2026-65";"Leilão de Transmissão: Concessões";"27";"0388501";"Despacho 2266";"23/06/2026";"DIR - GNSJ";"027_SEI_0388501_Despacho_2266.html";"89527";"ok"
"03 Isencao da parcela variavel por indisponibilidade";"48500.004996/2026-65";"Leilão de Transmissão: Concessões";"28";"0389918";"Extrato da Decisão da Diretoria";"25/06/2026";"SGE - PUBLICAÇÃO";"028_SEI_0389918_Extrato_da_Decisao_da_Diretoria.html";"90837";"ok"
"03 Isencao da parcela variavel por indisponibilidade";"48500.004996/2026-65";"Leilão de Transmissão: Concessões";"30";"0405287";"Ofício 23";"20/07/2026";"GAB IV - GNSJ";"030_SEI_0405287_Oficio_23.html";"291183";"ok"
"03 Isencao da parcela variavel por indisponibilidade";"48500.004996/2026-65";"Leilão de Transmissão: Concessões";"31";"0410155";"Confirmação";"20/07/2026";"GAB IV - GNSJ";"031_SEI_0410155_Confirmacao.pdf";"2222431";"ok"
"03 Isencao da parcela variavel por indisponibilidade";"48500.004996/2026-65";"Leilão de Transmissão: Concessões";"32";"0424712";"Anexo";"13/07/2026";"GAB IV - GNSJ";"032_SEI_0424712_Anexo.pdf";"265052";"ok"
"03 Isencao da parcela variavel por indisponibilidade";"48500.004996/2026-65";"Leilão de Transmissão: Concessões";"35";"0450888";"Esclarecimento";"03/09/2026";"SEL";"035_SEI_0450888_Esclarecimento.pdf";"638301";"ok"
"03 Isencao da parcela variavel por indisponibilidade";"48500.004996/2026-65";"Leilão de Transmissão: Concessões";"36";"0453468";"Memorando 56";"09/09/2026";"SEL";"036_SEI_0453468_Memorando_56.html";"94537";"ok"
"03 Isencao da parcela variavel por indisponibilidade";"48500.004996/2026-65";"Leilão de Transmissão: Concessões";"37";"0453470";"Memorando 57";"09/09/2026";"SEL";"037_SEI_0453470_Memorando_57.html";"91221";"ok"
"03 Isencao da parcela variavel por indisponibilidade";"48500.004996/2026-65";"Leilão de Transmissão: Concessões";"38";"0458916";"Nota Técnica Conjunta 14";"15/09/2026";"SEL";"038_SEI_0458916_Nota_Tecnica_Conjunta_14.html";"244192";"ok"
"03 Isencao da parcela variavel por indisponibilidade";"48500.004996/2026-65";"Leilão de Transmissão: Concessões";"39";"0459178";"Memorando Conjunto 12";"16/09/2026";"SCE";"039_SEI_0459178_Memorando_Conjunto_12.html";"106776";"ok"
"03 Isencao da parcela variavel por indisponibilidade";"48500.004996/2026-65";"Leilão de Transmissão: Concessões";"40";"0459478";"Memorando 361";"16/09/2026";"SGA";"040_SEI_0459478_Memorando_361.html";"130390";"ok"
"03 Isencao da parcela variavel por indisponibilidade";"48500.004996/2026-65";"Leilão de Transmissão: Concessões";"41";"0461250";"Memorando 534";"18/09/2026";"SFT";"041_SEI_0461250_Memorando_534.html";"1346690";"ok"
"03 Isencao da parcela variavel por indisponibilidade";"48500.004996/2026-65";"Leilão de Transmissão: Concessões";"42";"0463080";"Requerimento de Inclusão em Pauta";"22/09/2026";"GAB IV - GNSJ";"042_SEI_0463080_Requerimento_de_Inclusao_em_Pauta.html";"87930";"ok"
"03 Isencao da parcela variavel por indisponibilidade";"48500.004996/2026-65";"Leilão de Transmissão: Concessões";"43";"0463089";"Voto";"22/09/2026";"GAB IV - GNSJ";"043_SEI_0463089_Voto.html";"148255";"ok"
"03 Isencao da parcela variavel por indisponibilidade";"48500.004996/2026-65";"Leilão de Transmissão: Concessões";"44";"0463696";"Aviso de Licitação";"22/09/2026";"GAB IV - GNSJ";"044_SEI_0463696_Aviso_de_Licitacao.html";"97382";"ok"
"03 Isencao da parcela variavel por indisponibilidade";"48500.004996/2026-65";"Leilão de Transmissão: Concessões";"45";"0464270";"Extrato da Decisão da Diretoria";"24/09/2026";"SGE - PUBLICAÇÃO";"045_SEI_0464270_Extrato_da_Decisao_da_Diretoria.html";"90946";"ok"
"03 Isencao da parcela variavel por indisponibilidade";"48500.004996/2026-65";"Leilão de Transmissão: Concessões";"46";"0464400";"Edital de Leilão 04/2026";"23/09/2026";"SEL";"046_SEI_0464400_Edital_de_Leilao_04_2026.html";"1364807";"ok"
"03 Isencao da parcela variavel por indisponibilidade";"48500.004996/2026-65";"Leilão de Transmissão: Concessões";"47";"0465345";"Memorando 11";"24/09/2026";"GAB I - SAFN";"";"";"restrito"
"03 Isencao da parcela variavel por indisponibilidade";"48500.004996/2026-65";"Leilão de Transmissão: Concessões";"48";"0465357";"Memorando 12";"24/09/2026";"GAB I - SAFN";"";"";"restrito"
"03 Isencao da parcela variavel por indisponibilidade";"48500.004996/2026-65";"Leilão de Transmissão: Concessões";"49";"0465725";"Comunicado Relevante";"24/09/2026";"CPL";"049_SEI_0465725_Comunicado_Relevante.html";"105524";"ok"
"03 Isencao da parcela variavel por indisponibilidade";"48500.004996/2026-65";"Leilão de Transmissão: Concessões";"50";"0465780";"Comunicado Relevante";"24/09/2026";"CPL";"050_SEI_0465780_Comunicado_Relevante.html";"89273";"ok"
"03 Isencao da parcela variavel por indisponibilidade";"48500.004996/2026-65";"Leilão de Transmissão: Concessões";"51";"0465905";"Despacho de Mero Expediente 5";"24/09/2026";"CPL";"051_SEI_0465905_Despacho_de_Mero_Expediente_5.html";"96816";"ok"